kind,level,date,time,symbol,price,v1,v2,note
UNDER急増,,2026-07-21,09:01:00,4446,790.0,41.6,14400,安値圏
UNDER急増,,2026-07-21,09:01:01,5597,1326.0,31.8,6200,安値圏
UNDER急増,,2026-07-21,09:01:10,5031,323.0,55.1,53600,安値圏
UNDER急増,,2026-07-21,09:01:17,5591,810.0,80.6,10400,安値圏
UNDER急増,,2026-07-21,09:01:22,5137,216.0,147.6,118700,安値圏
UNDER急増,,2026-07-21,09:01:23,9115,821.0,163.5,12100,安値圏
UNDER急増,,2026-07-21,09:01:26,7071,375.0,31.9,59100,安値圏
UNDER急増,,2026-07-21,09:01:35,4570,945.0,47.4,15700,安値圏
UNDER急増,,2026-07-21,09:01:38,3653,634.0,26.7,2700,安値圏
UNDER急増,,2026-07-21,09:01:46,3963,333.0,310.9,45700,安値圏
UNDER急増,,2026-07-21,09:01:48,4575,719.0,62.2,36100,安値圏
UNDER急増,,2026-07-21,09:01:53,5599,1146.0,50.6,8200,安値圏
UNDER急増,,2026-07-21,09:02:16,5892,2056.0,33.1,5900,安値圏
UNDER急増,,2026-07-21,09:02:17,9327,186.0,27.4,1700,安値圏
UNDER急増,,2026-07-21,09:02:43,4570,949.0,45.8,15700,安値圏
UNDER急増,,2026-07-21,09:03:48,4570,949.0,44.7,15600,安値圏
UNDER急増,,2026-07-21,09:04:04,7018,9720.0,21.9,2300,安値圏
UNDER急増,,2026-07-21,09:04:40,5817,1016.0,35.8,12500,安値圏
UNDER急増,,2026-07-21,09:05:10,7018,9720.0,25.2,2800,安値圏
UNDER急増,,2026-07-21,09:06:52,2998,507.0,75.0,44800,安値圏
UNDER急増,,2026-07-21,09:06:54,3692,4980.0,30.3,5000,安値圏
UNDER急増,,2026-07-21,09:07:50,4412,1181.0,78.3,7200,安値圏
UNDER急増,,2026-07-21,09:07:54,3692,4945.0,27.3,5300,安値圏
小口売り連続,WATCH,2026-07-21,09:08:08,4412,1180.0,5,,
小口売り連続,WATCH,2026-07-21,09:09:23,5599,1137.0,5,,
UNDER急増,,2026-07-21,09:09:50,4412,1166.0,78.7,21000,安値圏
UNDER急増,,2026-07-21,09:09:55,3692,4885.0,22.3,4800,安値圏
UNDER急増,,2026-07-21,09:10:03,6495,121.0,86.5,90600,安値圏
UNDER急増,,2026-07-21,09:11:22,4075,860.0,138.2,7600,安値圏
UNDER急増,,2026-07-21,09:11:32,9229,142.0,172.7,194500,安値圏
UNDER急増,,2026-07-21,09:15:04,4075,860.0,138.2,7600,安値圏
UNDER急増,,2026-07-21,09:18:38,5132,2022.0,28.0,6000,安値圏
UNDER急増,,2026-07-21,09:19:27,6495,121.0,86.4,90500,安値圏
UNDER急増,,2026-07-21,09:21:27,5132,1998.0,47.5,7500,安値圏
UNDER急増,,2026-07-21,09:22:43,4075,863.0,137.5,7700,安値圏
UNDER急増,,2026-07-21,09:22:46,6620,667.0,81.5,23800,安値圏
小口売り連続,WATCH,2026-07-21,09:25:25,5817,1006.0,5,,
UNDER急増,,2026-07-21,09:30:47,8798,122.0,21.4,8600,安値圏
小口売り連続,WATCH,2026-07-21,09:34:36,5817,1020.0,5,,
UNDER急増,,2026-07-21,09:34:38,5132,1996.0,28.7,6000,安値圏
小口売り連続,WATCH,2026-07-21,09:39:51,2998,511.0,5,,
小口売り連続,WATCH,2026-07-21,09:40:11,5817,1020.0,5,,
小口売り連続,WATCH,2026-07-21,09:43:22,4412,1176.0,5,,
小口売り連続,WATCH,2026-07-21,09:43:32,5599,1123.0,5,,
UNDER急増,,2026-07-21,09:51:47,5132,1992.0,23.5,6000,安値圏
小口売り連続,WATCH,2026-07-21,09:51:51,3686,69.0,5,,
小口売り連続,WATCH,2026-07-21,09:56:14,9229,142.0,5,,
小口売り連続,WATCH,2026-07-21,10:01:43,7018,9710.0,5,,
小口売り連続,WATCH,2026-07-21,10:02:11,4418,865.0,5,,
UNDER急増,,2026-07-21,10:10:26,6495,121.0,86.0,91000,安値圏
小口売り連続,WATCH,2026-07-21,10:24:55,3686,69.0,5,,
小口売り連続,WATCH,2026-07-21,10:30:04,5817,962.0,5,,
小口売り連続,WATCH,2026-07-21,10:37:31,3686,69.0,5,,
小口売り連続,WATCH,2026-07-21,10:56:53,5597,1327.0,5,,
UNDER急増,,2026-07-21,11:07:03,7018,9700.0,22.9,3000,安値圏
小口売り連続,WATCH,2026-07-21,11:16:05,4412,1170.0,5,,
UNDER急増,,2026-07-21,11:19:54,7071,375.0,38.2,69100,安値圏
小口売り連続,WATCH,2026-07-21,11:26:45,3686,69.0,5,,
UNDER急増,,2026-07-21,12:19:05,6495,121.0,32.4,26700,安値圏
UNDER急増,,2026-07-21,12:27:06,3686,69.0,128.7,37200,安値圏
UNDER急増,,2026-07-21,12:31:03,5137,215.0,133.1,124300,安値圏
UNDER急増,,2026-07-21,12:31:24,5817,961.0,34.2,11800,安値圏
UNDER急増,,2026-07-21,12:44:45,5588,756.0,32.2,3900,安値圏
小口売り連続,WATCH,2026-07-21,12:46:31,5588,765.0,5,,
小口売り連続,WATCH,2026-07-21,12:55:47,5707,803.0,5,,
UNDER急増,,2026-07-21,12:56:03,4488,2092.0,72.9,5100,安値圏
UNDER急増,,2026-07-21,12:56:26,4840,589.0,128.0,9600,安値圏
UNDER急増,,2026-07-21,13:06:17,4840,579.0,131.7,8300,安値圏
小口売り連続,WATCH,2026-07-21,13:10:57,3686,70.0,5,,
小口売り連続,WATCH,2026-07-21,13:24:46,7071,376.0,5,,
小口売り連続,WATCH,2026-07-21,13:32:07,3686,70.0,5,,
小口売り連続,WATCH,2026-07-21,13:35:57,9229,139.0,5,,
小口売り連続,STRONG,2026-07-21,13:45:05,3686,70.0,10,,
小口売り連続,WATCH,2026-07-21,13:56:09,6620,666.0,5,,
小口売り連続,WATCH,2026-07-21,14:00:59,4813,345.0,5,,
小口売り連続,WATCH,2026-07-21,14:09:00,7071,377.0,5,,
小口売り連続,WATCH,2026-07-21,14:15:15,5724,2311.0,5,,
UNDER急増,,2026-07-21,14:36:35,4488,2110.0,52.8,4700,安値圏
小口売り連続,WATCH,2026-07-21,14:41:09,5817,998.0,5,,
小口売り連続,WATCH,2026-07-21,14:44:44,4446,807.0,5,,
小口売り連続,WATCH,2026-07-21,14:46:56,3692,5000.0,5,,
小口売り連続,WATCH,2026-07-21,14:54:17,4446,804.0,5,,
小口売り連続,WATCH,2026-07-21,14:54:31,2998,516.0,5,,
小口売り連続,WATCH,2026-07-21,15:16:08,2998,517.0,5,,
小口売り連続,WATCH,2026-07-21,15:20:08,4412,1190.0,5,,
小口売り連続,WATCH,2026-07-21,15:21:35,3686,69.0,5,,
小口売り連続,WATCH,2026-07-21,15:22:06,5588,786.0,5,,
小口売り連続,WATCH,2026-07-21,15:22:51,2998,514.0,5,,
小口売り連続,WATCH,2026-07-21,15:24:29,7071,376.0,5,,
UNDER急増,,2026-07-22,09:01:14,5031,333.0,50.7,49800,安値圏
UNDER急増,,2026-07-22,09:01:17,6620,664.0,64.0,23500,安値圏
UNDER急増,,2026-07-22,09:01:18,4395,753.0,63.5,15800,安値圏
UNDER急増,,2026-07-22,09:01:32,4165,583.0,36.7,44100,安値圏
UNDER急増,,2026-07-22,09:01:39,5724,2351.0,31.2,5500,安値圏
UNDER急増,,2026-07-22,09:01:39,9130,1476.0,54.8,8500,安値圏
UNDER急増,,2026-07-22,09:01:42,3653,634.0,26.1,2900,安値圏
UNDER急増,,2026-07-22,09:01:52,5599,1129.0,59.4,7900,安値圏
UNDER急増,,2026-07-22,09:01:52,4446,807.0,41.4,13300,安値圏
UNDER急増,,2026-07-22,09:02:03,5137,215.0,184.7,124300,安値圏
UNDER急増,,2026-07-22,09:02:11,6228,497.0,67.8,19600,安値圏
UNDER急増,,2026-07-22,09:03:00,4011,1974.0,34.7,5900,安値圏
UNDER急増,,2026-07-22,09:03:05,5892,1978.0,37.4,5800,安値圏
UNDER急増,,2026-07-22,09:03:44,9115,831.0,144.0,10800,安値圏
UNDER急増,,2026-07-22,09:04:10,5892,1987.0,40.5,6400,安値圏
UNDER急増,,2026-07-22,09:05:53,5132,2002.0,42.1,9100,安値圏
UNDER急増,,2026-07-22,09:06:29,4446,814.0,39.8,15000,安値圏
UNDER急増,,2026-07-22,09:07:00,5591,802.0,94.9,11200,安値圏
小口売り連続,WATCH,2026-07-22,09:07:27,3692,4970.0,5,,
小口売り連続,WATCH,2026-07-22,09:08:29,5724,2331.0,5,,
UNDER急増,,2026-07-22,09:09:45,9130,1475.0,54.0,8700,安値圏
小口売り連続,WATCH,2026-07-22,09:09:51,9130,1475.0,5,,
UNDER急増,,2026-07-22,09:10:41,4075,880.0,60.3,7000,安値圏
UNDER急増,,2026-07-22,09:10:51,9130,1475.0,50.9,8500,安値圏
UNDER急増,,2026-07-22,09:13:08,4446,810.0,41.3,15200,安値圏
UNDER急増,,2026-07-22,09:17:08,5817,1002.0,33.2,12900,安値圏
UNDER急増,,2026-07-22,09:18:09,5817,995.0,29.8,11400,安値圏
UNDER急増,,2026-07-22,09:20:57,4075,888.0,84.5,9800,安値圏
UNDER急増,,2026-07-22,09:22:00,4075,885.0,69.6,7800,安値圏
UNDER急増,,2026-07-22,09:22:41,5817,998.0,27.9,11700,安値圏
小口売り連続,WATCH,2026-07-22,09:29:12,7602,177.0,5,,
UNDER急増,,2026-07-22,09:29:30,7602,177.0,62.2,90800,安値圏
UNDER急増,,2026-07-22,09:30:03,2321,130.0,156.1,112700,安値圏
UNDER急増,,2026-07-22,09:30:19,4075,885.0,51.7,6100,安値圏
UNDER急増,,2026-07-22,09:38:45,5817,998.0,29.8,12400,安値圏
小口売り連続,WATCH,2026-07-22,09:38:51,3686,69.0,5,,
UNDER急増,,2026-07-22,09:41:39,3747,414.0,56.2,22500,安値圏
UNDER急増,,2026-07-22,09:49:44,5817,993.0,31.2,12400,安値圏
小口売り連続,STRONG,2026-07-22,09:50:10,3686,69.0,10,,
UNDER急増,,2026-07-22,09:51:00,5817,994.0,29.7,12400,安値圏
小口売り連続,WATCH,2026-07-22,09:55:48,7602,174.0,5,,
小口売り連続,WATCH,2026-07-22,09:58:16,5132,2033.0,5,,
UNDER急増,,2026-07-22,10:00:51,4075,883.0,60.8,7600,安値圏
小口売り連続,STRONG,2026-07-22,10:03:21,5132,2021.0,10,,
小口売り連続,WATCH,2026-07-22,10:06:21,3686,69.0,5,,
小口売り連続,WATCH,2026-07-22,10:08:33,5597,1343.0,5,,
UNDER急増,,2026-07-22,10:09:26,3653,624.0,44.6,5800,安値圏
小口売り連続,STRONG,2026-07-22,10:13:49,3686,69.0,10,,
小口売り連続,WATCH,2026-07-22,10:18:30,5591,801.0,5,,
小口売り連続,WATCH,2026-07-22,10:19:11,5599,1108.0,5,,
小口売り連続,WATCH,2026-07-22,10:21:57,7071,373.0,5,,
UNDER急増,,2026-07-22,10:23:31,4418,840.0,71.6,23700,安値圏
小口売り連続,WATCH,2026-07-22,10:28:45,3653,623.0,5,,
小口売り連続,WATCH,2026-07-22,10:32:00,4894,4525.0,5,,
UNDER急増,,2026-07-22,10:32:32,5817,976.0,26.3,11100,安値圏
UNDER急増,,2026-07-22,10:34:35,4894,4535.0,20.9,5600,安値圏
UNDER急増,,2026-07-22,10:41:05,4894,4515.0,25.3,7600,安値圏
小口売り連続,WATCH,2026-07-22,10:44:14,7602,171.0,5,,
小口売り連続,WATCH,2026-07-22,10:47:12,4176,267.0,5,,
UNDER急増,,2026-07-22,10:48:26,4894,4260.0,34.5,5900,安値圏
UNDER急増,,2026-07-22,10:49:30,4894,4225.0,25.3,6000,安値圏
UNDER急増,,2026-07-22,10:50:30,4894,4200.0,28.4,6200,安値圏
UNDER急増,,2026-07-22,10:51:31,4894,4210.0,29.3,6800,安値圏
小口売り連続,WATCH,2026-07-22,10:57:48,7602,171.0,5,,
小口売り連続,WATCH,2026-07-22,11:02:29,7602,171.0,5,,
小口売り連続,WATCH,2026-07-22,11:15:50,4894,4325.0,5,,
小口売り連続,WATCH,2026-07-22,11:22:06,4894,4315.0,5,,
小口売り連続,WATCH,2026-07-22,11:30:01,9145,556.0,5,,
UNDER急増,,2026-07-22,12:05:06,3686,69.0,54.0,10100,安値圏
UNDER急増,,2026-07-22,12:12:26,3686,69.0,54.0,10100,安値圏
UNDER急増,,2026-07-22,12:20:59,3686,69.0,54.0,10100,安値圏
UNDER急増,,2026-07-22,12:25:16,4446,776.0,21.9,3200,安値圏
UNDER急増,,2026-07-22,12:26:15,4176,266.0,20.4,8400,安値圏
UNDER急増,,2026-07-22,12:26:25,3963,332.0,20.9,1400,安値圏
UNDER急増,,2026-07-22,12:26:33,4840,575.0,67.2,4300,安値圏
UNDER急増,,2026-07-22,12:28:56,4176,266.0,32.1,15900,安値圏
UNDER急増,,2026-07-22,12:31:33,4575,726.0,58.3,34600,安値圏
UNDER急増,,2026-07-22,12:31:35,5031,331.0,50.2,49800,安値圏
UNDER急増,,2026-07-22,12:32:02,4165,574.0,38.5,44900,安値圏
小口売り連続,WATCH,2026-07-22,12:32:26,7071,375.0,5,,
UNDER急増,,2026-07-22,12:33:13,5599,1108.0,67.3,7600,安値圏
小口売り連続,WATCH,2026-07-22,12:36:15,4894,4600.0,5,,
小口売り連続,WATCH,2026-07-22,12:37:31,4894,4645.0,5,,
UNDER急増,,2026-07-22,12:40:00,4075,878.0,65.3,8100,安値圏
小口売り連続,WATCH,2026-07-22,12:53:44,4894,4525.0,5,,
小口売り連続,STRONG,2026-07-22,12:55:13,4894,4510.0,10,,
UNDER急増,,2026-07-22,12:56:39,7602,167.0,88.8,91500,安値圏
UNDER急増,,2026-07-22,13:00:12,7602,167.0,88.8,91600,安値圏
小口売り連続,WATCH,2026-07-22,13:00:29,4418,840.0,5,,
小口売り連続,WATCH,2026-07-22,13:02:19,6228,495.0,5,,
小口売り連続,WATCH,2026-07-22,13:02:21,5817,967.0,5,,
UNDER急増,,2026-07-22,13:07:21,4446,772.0,47.2,14900,安値圏
UNDER急増,,2026-07-22,13:19:04,7602,167.0,89.8,94200,安値圏
小口売り連続,WATCH,2026-07-22,13:22:34,7071,377.0,5,,
小口売り連続,STRONG,2026-07-22,13:26:29,7071,377.0,10,,
小口売り連続,WATCH,2026-07-22,13:34:55,4894,4350.0,5,,
小口売り連続,WATCH,2026-07-22,13:38:11,4840,576.0,5,,
小口売り連続,WATCH,2026-07-22,13:41:37,4446,765.0,5,,
小口売り連続,WATCH,2026-07-22,13:41:51,4176,266.0,5,,
小口売り連続,WATCH,2026-07-22,13:47:47,4894,4345.0,5,,
小口売り連続,STRONG,2026-07-22,13:48:55,4894,4335.0,10,,
小口売り連続,WATCH,2026-07-22,13:50:45,4894,4315.0,5,,
小口売り連続,WATCH,2026-07-22,13:52:28,3747,419.0,5,,
小口売り連続,WATCH,2026-07-22,13:55:48,3692,4980.0,5,,
小口売り連続,WATCH,2026-07-22,13:57:41,4894,4310.0,5,,
UNDER急増,,2026-07-22,14:00:38,4011,1973.0,29.7,7900,安値圏
小口売り連続,WATCH,2026-07-22,14:08:06,3692,4950.0,5,,
UNDER急増,,2026-07-22,14:09:22,6228,489.0,79.5,20600,安値圏
小口売り連続,WATCH,2026-07-22,14:12:25,5591,802.0,5,,
小口売り連続,WATCH,2026-07-22,14:20:16,2330,75.0,5,,
小口売り連続,WATCH,2026-07-22,14:26:40,7018,10860.0,5,,
小口売り連続,WATCH,2026-07-22,14:39:11,4894,4200.0,5,,
小口売り連続,WATCH,2026-07-22,14:44:31,4894,4200.0,5,,
小口売り連続,WATCH,2026-07-22,14:56:58,4176,265.0,5,,
小口売り連続,WATCH,2026-07-22,15:06:35,5597,1324.0,5,,
小口売り連続,WATCH,2026-07-22,15:08:44,2998,522.0,5,,
UNDER急増,,2026-07-22,15:11:20,4570,986.0,39.4,15100,安値圏
小口売り連続,WATCH,2026-07-22,15:12:42,2998,522.0,5,,
小口売り連続,WATCH,2026-07-22,15:12:46,7071,380.0,5,,
小口売り連続,STRONG,2026-07-22,15:14:37,7071,380.0,10,,
小口売り連続,WATCH,2026-07-22,15:20:21,3686,68.0,5,,
小口売り連続,WATCH,2026-07-22,15:21:33,4894,4200.0,5,,
小口売り連続,WATCH,2026-07-22,15:22:05,7071,378.0,5,,
小口売り連続,STRONG,2026-07-22,15:22:54,7071,378.0,10,,
小口売り連続,WATCH,2026-07-22,15:24:00,4176,265.0,5,,
小口売り連続,WATCH,2026-07-22,15:24:39,4894,4200.0,5,,
UNDER急増,,2026-07-22,15:25:01,4575,713.0,21.8,5100,安値圏
UNDER急増,,2026-07-22,15:26:54,9145,557.0,55.9,10000,安値圏
UNDER急増,,2026-07-22,15:27:06,5597,1316.0,21.3,2700,安値圏
UNDER急増,,2026-07-23,09:01:32,4418,836.0,58.2,23100,安値圏
UNDER急増,,2026-07-23,09:01:37,7352,339.0,87.1,53300,安値圏
UNDER急増,,2026-07-23,09:01:38,4075,882.0,77.1,8400,安値圏
UNDER急増,,2026-07-23,09:01:39,6228,501.0,80.5,21500,安値圏
UNDER急増,,2026-07-23,09:01:41,4412,1162.0,31.2,6800,安値圏
UNDER急増,,2026-07-23,09:03:02,5817,973.0,20.6,7600,安値圏
UNDER急増,,2026-07-23,09:03:02,4446,796.0,57.7,18300,安値圏
UNDER急増,,2026-07-23,09:03:32,5892,1995.0,32.6,7400,安値圏
UNDER急増,,2026-07-23,09:04:22,6620,670.0,71.8,25400,安値圏
UNDER急増,,2026-07-23,09:04:27,4011,1939.0,44.8,6500,安値圏
UNDER急増,,2026-07-23,09:04:46,5132,1990.0,34.5,5100,安値圏
UNDER急増,,2026-07-23,09:06:22,5817,959.0,32.2,12600,安値圏
UNDER急増,,2026-07-23,09:06:43,6495,125.0,87.7,91500,安値圏
UNDER急増,,2026-07-23,09:07:22,5817,950.0,34.2,13000,安値圏
UNDER急増,,2026-07-23,09:07:24,4075,880.0,81.8,9000,安値圏
UNDER急増,,2026-07-23,09:07:34,9115,870.0,80.9,11000,安値圏
UNDER急増,,2026-07-23,09:08:23,5817,940.0,33.5,12600,安値圏
UNDER急増,,2026-07-23,09:08:44,4075,880.0,64.3,8100,安値圏
小口売り連続,WATCH,2026-07-23,09:08:48,3686,67.0,5,,
UNDER急増,,2026-07-23,09:09:23,5817,945.0,30.7,12600,安値圏
UNDER急増,,2026-07-23,09:09:24,4488,2070.0,53.2,2500,安値圏
UNDER急増,,2026-07-23,09:10:49,4011,1941.0,29.1,5800,安値圏
小口売り連続,WATCH,2026-07-23,09:12:26,5132,1966.0,5,,
小口売り連続,WATCH,2026-07-23,09:13:15,7018,11350.0,5,,
UNDER急増,,2026-07-23,09:14:27,4488,2070.0,30.6,1100,安値圏
小口売り連続,WATCH,2026-07-23,09:15:13,7352,335.0,5,,
UNDER急増,,2026-07-23,09:16:35,4488,2070.0,27.0,1000,安値圏
UNDER急増,,2026-07-23,09:17:10,5591,804.0,52.1,10100,安値圏
UNDER急増,,2026-07-23,09:17:58,4488,2070.0,51.1,2400,安値圏
小口売り連続,WATCH,2026-07-23,09:18:43,7602,168.0,5,,
UNDER急増,,2026-07-23,09:21:41,7352,331.0,101.1,53300,安値圏
UNDER急増,,2026-07-23,09:22:22,6228,497.0,83.9,22400,安値圏
UNDER急増,,2026-07-23,09:22:52,5591,798.0,61.0,10800,安値圏
UNDER急増,,2026-07-23,09:23:39,4488,2070.0,53.2,2500,安値圏
UNDER急増,,2026-07-23,09:25:36,4488,2070.0,51.1,2400,安値圏
小口売り連続,WATCH,2026-07-23,09:27:17,4165,550.0,5,,
UNDER急増,,2026-07-23,09:28:25,9115,855.0,69.5,10500,安値圏
UNDER急増,,2026-07-23,09:34:11,9130,1494.0,49.7,7800,安値圏
小口売り連続,WATCH,2026-07-23,09:35:18,7018,10810.0,5,,
小口売り連続,WATCH,2026-07-23,09:38:27,3686,67.0,5,,
小口売り連続,WATCH,2026-07-23,09:49:46,3963,332.0,5,,
小口売り連続,WATCH,2026-07-23,09:50:11,7352,335.0,5,,
小口売り連続,WATCH,2026-07-23,10:00:09,3686,67.0,5,,
UNDER急増,,2026-07-23,10:01:44,5892,2007.0,25.9,7100,安値圏
小口売り連続,WATCH,2026-07-23,10:02:57,7602,165.0,5,,
小口売り連続,STRONG,2026-07-23,10:08:41,7602,164.0,10,,
UNDER急増,,2026-07-23,10:12:52,5892,1996.0,23.9,6400,安値圏
小口売り連続,STRONG,2026-07-23,10:18:21,3686,67.0,10,,
小口売り連続,WATCH,2026-07-23,10:24:41,7018,10630.0,5,,
小口売り連続,WATCH,2026-07-23,10:24:58,4056,212.0,5,,
小口売り連続,WATCH,2026-07-23,10:25:01,5817,929.0,5,,
小口売り連続,WATCH,2026-07-23,10:27:18,5599,1129.0,5,,
UNDER急増,,2026-07-23,10:27:32,4575,729.0,57.7,34800,安値圏
小口売り連続,WATCH,2026-07-23,11:01:34,4446,807.0,5,,
UNDER急増,,2026-07-23,11:26:14,6228,492.0,83.5,20800,安値圏
UNDER急増,,2026-07-23,12:05:03,3963,334.0,20.0,1500,安値圏
UNDER急増,,2026-07-23,12:06:53,5588,780.0,24.6,1600,安値圏
UNDER急増,,2026-07-23,12:12:56,3963,334.0,20.0,1500,安値圏
UNDER急増,,2026-07-23,12:26:02,3807,87.0,119.3,30300,安値圏
UNDER急増,,2026-07-23,12:27:54,4840,578.0,50.6,4400,安値圏
UNDER急増,,2026-07-23,12:28:01,9229,134.0,25.9,19400,安値圏
UNDER急増,,2026-07-23,12:29:37,5588,780.0,24.6,1600,安値圏
UNDER急増,,2026-07-23,12:29:52,6228,494.0,27.9,4600,安値圏
UNDER急増,,2026-07-23,12:29:58,4575,728.0,22.4,8300,安値圏
UNDER急増,,2026-07-23,12:31:10,9327,189.0,39.6,2100,安値圏
UNDER急増,,2026-07-23,12:31:29,5892,1992.0,20.5,5700,安値圏
UNDER急増,,2026-07-23,12:31:51,4575,721.0,81.1,34800,安値圏
UNDER急増,,2026-07-23,12:32:38,5892,1997.0,20.5,5700,安値圏
UNDER急増,,2026-07-23,12:33:50,5591,796.0,167.9,13600,安値圏
UNDER急増,,2026-07-23,12:34:21,5597,1312.0,53.2,10800,安値圏
小口売り連続,WATCH,2026-07-23,12:45:10,5588,775.0,5,,
小口売り連続,WATCH,2026-07-23,12:57:31,4446,817.0,5,,
UNDER急増,,2026-07-23,13:07:48,4840,575.0,72.5,8700,安値圏
小口売り連続,WATCH,2026-07-23,13:11:38,3692,4980.0,5,,
小口売り連続,WATCH,2026-07-23,13:19:48,4011,1960.0,5,,
UNDER急増,,2026-07-23,13:58:49,4813,336.0,49.3,100000,安値圏
UNDER急増,,2026-07-23,14:09:20,4056,208.0,26.4,6900,安値圏
小口売り連続,WATCH,2026-07-23,14:12:57,4412,1149.0,5,,
UNDER急増,,2026-07-23,14:18:13,4056,210.0,26.0,6800,安値圏
UNDER急増,,2026-07-23,14:19:22,4056,209.0,26.4,6900,安値圏
小口売り連続,WATCH,2026-07-23,14:27:00,7071,372.0,5,,
小口売り連続,WATCH,2026-07-23,14:45:58,5707,847.0,5,,
小口売り連続,WATCH,2026-07-23,14:50:47,4813,338.0,5,,
小口売り連続,WATCH,2026-07-23,14:51:52,4056,209.0,5,,
小口売り連続,WATCH,2026-07-23,15:00:41,5597,1300.0,5,,
小口売り連続,WATCH,2026-07-23,15:02:43,9115,857.0,5,,
小口売り連続,WATCH,2026-07-23,15:10:00,7071,371.0,5,,
小口売り連続,WATCH,2026-07-23,15:15:10,4575,724.0,5,,
小口売り連続,WATCH,2026-07-23,15:17:55,4056,208.0,5,,
小口売り連続,WATCH,2026-07-23,15:20:04,9229,133.0,5,,
UNDER急増,,2026-07-23,15:21:33,4056,209.0,24.3,6200,安値圏
小口売り連続,WATCH,2026-07-23,15:23:00,3686,67.0,5,,
小口売り連続,WATCH,2026-07-23,15:24:12,4575,723.0,5,,
UNDER急増,,2026-07-24,09:02:34,7352,317.0,133.9,55300,安値圏
UNDER急増,,2026-07-24,09:02:54,5892,1937.0,28.4,5700,安値圏
UNDER急増,,2026-07-24,09:03:01,5707,825.0,49.6,36500,安値圏
UNDER急増,,2026-07-24,09:03:51,9115,862.0,48.6,11900,安値圏
UNDER急増,,2026-07-24,09:04:01,4395,745.0,50.5,15500,安値圏
UNDER急増,,2026-07-24,09:04:01,5707,823.0,46.9,33700,安値圏
UNDER急増,,2026-07-24,09:04:05,5132,1910.0,90.1,6400,安値圏
UNDER急増,,2026-07-24,09:05:02,4395,750.0,46.4,15500,安値圏
UNDER急増,,2026-07-24,09:05:06,5707,826.0,41.5,31200,安値圏
UNDER急増,,2026-07-24,09:05:11,4570,974.0,34.9,14800,安値圏
小口売り連続,WATCH,2026-07-24,09:05:25,4894,4550.0,5,,
UNDER急増,,2026-07-24,09:06:12,4894,4555.0,20.8,4500,安値圏
小口売り連続,WATCH,2026-07-24,09:06:17,2998,512.0,5,,
UNDER急増,,2026-07-24,09:06:17,2998,512.0,60.2,39500,安値圏
UNDER急増,,2026-07-24,09:06:32,4446,796.0,37.5,15000,安値圏
UNDER急増,,2026-07-24,09:07:12,4011,1940.0,25.3,5500,安値圏
小口売り連続,WATCH,2026-07-24,09:08:31,9115,852.0,5,,
UNDER急増,,2026-07-24,09:09:09,4813,331.0,51.6,64300,安値圏
UNDER急増,,2026-07-24,09:09:21,2998,511.0,61.4,39200,安値圏
UNDER急増,,2026-07-24,09:09:44,9115,859.0,42.4,10900,安値圏
UNDER急増,,2026-07-24,09:10:50,5817,913.0,34.9,12600,安値圏
UNDER急増,,2026-07-24,09:12:58,9115,860.0,39.6,10900,安値圏
UNDER急増,,2026-07-24,09:14:35,6228,490.0,76.1,21700,安値圏
小口売り連続,WATCH,2026-07-24,09:15:50,3653,658.0,5,,
UNDER急増,,2026-07-24,09:17:18,5817,917.0,35.4,14700,安値圏
UNDER急増,,2026-07-24,09:17:27,4575,718.0,81.1,35300,安値圏
UNDER急増,,2026-07-24,09:17:38,9130,1503.0,49.5,9000,安値圏
小口売り連続,WATCH,2026-07-24,09:18:06,4446,793.0,5,,
UNDER急増,,2026-07-24,09:18:26,5031,324.0,53.7,50900,安値圏
UNDER急増,,2026-07-24,09:20:50,5591,787.0,67.4,9500,安値圏
小口売り連続,WATCH,2026-07-24,09:27:14,3692,4970.0,5,,
小口売り連続,WATCH,2026-07-24,09:27:37,5892,1931.0,5,,
UNDER急増,,2026-07-24,09:30:21,4056,210.0,40.3,13700,安値圏
UNDER急増,,2026-07-24,09:31:08,5707,819.0,45.2,31500,安値圏
小口売り連続,WATCH,2026-07-24,09:31:53,4894,4435.0,5,,
小口売り連続,WATCH,2026-07-24,09:33:28,4894,4400.0,5,,
UNDER急増,,2026-07-24,09:33:33,4011,1937.0,24.6,8500,安値圏
UNDER急増,,2026-07-24,09:44:35,4176,259.0,35.2,40000,安値圏
小口売り連続,WATCH,2026-07-24,09:52:27,4894,4410.0,5,,
小口売り連続,WATCH,2026-07-24,10:10:03,4894,4405.0,5,,
小口売り連続,WATCH,2026-07-24,10:14:06,4075,868.0,5,,
小口売り連続,WATCH,2026-07-24,10:17:03,5132,1919.0,5,,
小口売り連続,WATCH,2026-07-24,10:17:13,4894,4360.0,5,,
小口売り連続,WATCH,2026-07-24,10:18:17,4894,4355.0,5,,
UNDER急増,,2026-07-24,10:23:11,4446,796.0,35.6,15000,安値圏
小口売り連続,WATCH,2026-07-24,10:37:46,4894,4310.0,5,,
小口売り連続,WATCH,2026-07-24,10:44:11,4056,209.0,5,,
小口売り連続,WATCH,2026-07-24,10:50:26,4418,786.0,5,,
UNDER急増,,2026-07-24,10:56:28,4056,206.0,22.3,4300,安値圏
小口売り連続,WATCH,2026-07-24,10:57:00,4894,4300.0,5,,
小口売り連続,WATCH,2026-07-24,10:58:19,4894,4300.0,5,,
UNDER急増,,2026-07-24,11:00:33,4056,206.0,22.3,4300,安値圏
小口売り連続,WATCH,2026-07-24,11:10:04,4056,205.0,5,,
小口売り連続,WATCH,2026-07-24,11:21:15,6620,660.0,5,,
UNDER急増,,2026-07-24,11:22:45,6228,486.0,57.3,16900,安値圏
UNDER急増,,2026-07-24,11:24:46,6228,484.0,94.8,21700,安値圏
小口売り連続,WATCH,2026-07-24,11:29:50,6620,661.0,5,,
UNDER急増,,2026-07-24,12:05:03,4056,206.0,23.5,2000,安値圏
UNDER急増,,2026-07-24,12:05:09,5132,1894.0,26.1,3000,安値圏
UNDER急増,,2026-07-24,12:22:26,5132,1894.0,30.9,2900,安値圏
UNDER急増,,2026-07-24,12:26:01,4056,206.0,23.8,2000,安値圏
UNDER急増,,2026-07-24,12:26:44,9229,131.0,23.1,17000,安値圏
UNDER急増,,2026-07-24,12:28:48,4056,206.0,23.8,2000,安値圏
UNDER急増,,2026-07-24,12:29:28,6228,485.0,26.8,5200,安値圏
UNDER急増,,2026-07-24,12:31:13,6620,656.0,115.8,25600,安値圏
UNDER急増,,2026-07-24,12:32:01,5129,241.0,41.0,9300,安値圏
UNDER急増,,2026-07-24,12:32:04,4840,562.0,83.9,9900,安値圏
UNDER急増,,2026-07-24,12:33:14,5132,1892.0,48.9,8700,安値圏
UNDER急増,,2026-07-24,12:33:28,9130,1481.0,95.1,13600,安値圏
UNDER急増,,2026-07-24,12:33:33,6228,485.0,60.8,17800,安値圏
小口売り連続,WATCH,2026-07-24,12:36:46,4894,4295.0,5,,
UNDER急増,,2026-07-24,12:36:48,5132,1883.0,28.1,6100,安値圏
小口売り連続,WATCH,2026-07-24,12:40:28,4894,4280.0,5,,
小口売り連続,WATCH,2026-07-24,12:42:12,4894,4280.0,5,,
小口売り連続,WATCH,2026-07-24,12:43:49,4894,4265.0,5,,
小口売り連続,STRONG,2026-07-24,12:44:13,4894,4260.0,10,,
小口売り連続,WATCH,2026-07-24,12:50:06,5132,1880.0,5,,
小口売り連続,WATCH,2026-07-24,12:53:34,3686,66.0,5,,
小口売り連続,WATCH,2026-07-24,12:56:52,4894,4305.0,5,,
小口売り連続,WATCH,2026-07-24,13:14:26,3686,66.0,5,,
UNDER急増,,2026-07-24,13:28:38,2998,501.0,80.8,39500,安値圏
UNDER急増,,2026-07-24,13:32:44,2998,501.0,77.6,39500,安値圏
UNDER急増,,2026-07-24,13:40:03,4894,4240.0,48.6,7100,安値圏
UNDER急増,,2026-07-24,13:43:14,4894,4240.0,45.9,7300,安値圏
UNDER急増,,2026-07-24,13:43:26,5588,758.0,22.2,2800,安値圏
UNDER急増,,2026-07-24,13:49:13,5588,756.0,22.2,2800,安値圏
UNDER急増,,2026-07-24,13:51:39,5588,756.0,23.5,2800,安値圏
小口売り連続,WATCH,2026-07-24,14:01:12,7071,364.0,5,,
小口売り連続,WATCH,2026-07-24,14:05:30,4894,4210.0,5,,
UNDER急増,,2026-07-24,14:06:52,2998,501.0,73.1,39500,安値圏
小口売り連続,STRONG,2026-07-24,14:08:32,7071,364.0,10,,
小口売り連続,WATCH,2026-07-24,14:10:21,4894,4210.0,5,,
小口売り連続,WATCH,2026-07-24,14:20:37,9115,879.0,5,,
小口売り連続,WATCH,2026-07-24,14:37:54,4894,4195.0,5,,
小口売り連続,WATCH,2026-07-24,14:46:17,4894,4195.0,5,,
小口売り連続,WATCH,2026-07-24,14:48:25,3686,66.0,5,,
小口売り連続,WATCH,2026-07-24,14:49:20,5597,1276.0,5,,
小口売り連続,WATCH,2026-07-24,14:55:02,3963,331.0,5,,
小口売り連続,WATCH,2026-07-24,14:58:25,3686,66.0,5,,
小口売り連続,STRONG,2026-07-24,15:03:23,3686,66.0,10,,
UNDER急増,,2026-07-24,15:05:09,4075,859.0,76.0,7600,安値圏
UNDER急増,,2026-07-24,15:08:21,2998,498.0,83.7,39500,安値圏
小口売り連続,WATCH,2026-07-24,15:08:39,5597,1267.0,5,,
UNDER急増,,2026-07-24,15:09:02,7352,314.0,136.5,56500,安値圏
小口売り連続,WATCH,2026-07-24,15:14:09,4446,810.0,5,,
小口売り連続,WATCH,2026-07-24,15:19:26,5031,321.0,5,,
小口売り連続,WATCH,2026-07-24,15:22:34,7352,317.0,5,,
小口売り連続,WATCH,2026-07-24,15:23:09,7071,361.0,5,,
小口売り連続,WATCH,2026-07-24,15:23:35,4446,807.0,5,,
小口売り連続,WATCH,2026-07-24,15:23:37,3686,66.0,5,,
小口売り連続,WATCH,2026-07-24,15:23:40,4056,203.0,5,,
小口売り連続,WATCH,2026-07-24,15:24:34,9115,881.0,5,,
小口売り連続,WATCH,2026-07-24,15:24:42,4894,4190.0,5,,
UNDER急増,,2026-07-24,15:25:04,7071,361.0,25.5,26600,安値圏
UNDER急増,,2026-07-24,15:29:36,4840,560.0,21.4,600,安値圏
UNDER急増,,2026-07-24,15:29:51,7071,361.0,25.1,26000,安値圏
UNDER急増,,2026-07-27,09:01:12,4570,978.0,49.7,17500,安値圏
UNDER急増,,2026-07-27,09:01:16,4165,555.0,33.0,48000,安値圏
UNDER急増,,2026-07-27,09:01:17,9227,795.0,63.2,23200,安値圏
UNDER急増,,2026-07-27,09:01:19,4395,754.0,89.0,19400,安値圏
UNDER急増,,2026-07-27,09:01:45,5817,924.0,37.5,11800,安値圏
UNDER急増,,2026-07-27,09:01:54,6047,355.0,67.3,72000,安値圏
UNDER急増,,2026-07-27,09:02:03,7794,922.0,26.1,21000,安値圏
UNDER急増,,2026-07-27,09:02:08,5591,792.0,87.6,9900,安値圏
UNDER急増,,2026-07-27,09:02:31,4840,560.0,104.2,10000,安値圏
UNDER急増,,2026-07-27,09:02:45,6433,969.0,32.8,9400,安値圏
UNDER急増,,2026-07-27,09:03:00,2998,512.0,59.0,46600,安値圏
UNDER急増,,2026-07-27,09:03:05,7794,927.0,24.1,21000,安値圏
小口売り連続,WATCH,2026-07-27,09:03:07,3791,971.0,5,,
UNDER急増,,2026-07-27,09:03:08,9130,1459.0,46.2,7900,安値圏
UNDER急増,,2026-07-27,09:03:13,7373,992.0,56.2,17100,安値圏
UNDER急増,,2026-07-27,09:03:23,6620,665.0,132.7,28800,安値圏
UNDER急増,,2026-07-27,09:03:52,6228,495.0,98.3,23700,安値圏
UNDER急増,,2026-07-27,09:04:11,4075,862.0,50.0,3400,安値圏
UNDER急増,,2026-07-27,09:04:40,5817,929.0,30.7,10600,安値圏
UNDER急増,,2026-07-27,09:04:42,5724,2385.0,20.6,5300,安値圏
UNDER急増,,2026-07-27,09:04:42,3791,967.0,32.8,13400,安値圏
UNDER急増,,2026-07-27,09:04:45,5588,774.0,25.0,2400,安値圏
UNDER急増,,2026-07-27,09:05:26,6620,664.0,119.8,27800,安値圏
UNDER急増,,2026-07-27,09:06:11,2998,514.0,39.0,37800,安値圏
UNDER急増,,2026-07-27,09:06:14,6228,495.0,101.2,24400,安値圏
UNDER急増,,2026-07-27,09:06:36,4075,851.0,41.0,3200,安値圏
UNDER急増,,2026-07-27,09:07:11,6433,945.0,50.9,8800,安値圏
UNDER急増,,2026-07-27,09:07:20,3791,965.0,30.1,13600,安値圏
UNDER急増,,2026-07-27,09:07:54,4075,851.0,27.3,2700,安値圏
小口売り連続,WATCH,2026-07-27,09:10:04,5817,917.0,5,,
UNDER急増,,2026-07-27,09:10:47,5591,791.0,66.1,16600,安値圏
UNDER急増,,2026-07-27,09:11:24,6433,932.0,53.6,9700,安値圏
小口売り連続,WATCH,2026-07-27,09:11:37,5892,2001.0,5,,
UNDER急増,,2026-07-27,09:12:00,7794,910.0,48.1,33800,安値圏
UNDER急増,,2026-07-27,09:13:26,6433,929.0,37.3,9400,安値圏
UNDER急増,,2026-07-27,09:13:53,4075,844.0,47.2,6700,安値圏
UNDER急増,,2026-07-27,09:15:17,4840,550.0,234.1,10300,安値圏
小口売り連続,WATCH,2026-07-27,09:16:43,9256,2222.0,5,,
UNDER急増,,2026-07-27,09:18:01,4840,536.0,51.7,1500,安値圏
UNDER急増,,2026-07-27,09:19:44,4840,538.0,216.0,10800,安値圏
小口売り連続,WATCH,2026-07-27,09:20:29,3692,4925.0,5,,
UNDER急増,,2026-07-27,09:23:53,5817,919.0,36.1,12500,安値圏
UNDER急増,,2026-07-27,09:24:29,9227,793.0,57.6,22100,安値圏
UNDER急増,,2026-07-27,09:25:01,5817,923.0,36.1,12500,安値圏
小口売り連続,WATCH,2026-07-27,09:25:09,9256,2178.0,5,,
小口売り連続,WATCH,2026-07-27,09:26:40,4894,4245.0,5,,
UNDER急増,,2026-07-27,09:26:46,7794,913.0,24.3,21100,安値圏
UNDER急増,,2026-07-27,09:28:32,4446,792.0,50.7,14900,安値圏
小口売り連続,WATCH,2026-07-27,09:29:10,9227,791.0,5,,
UNDER急増,,2026-07-27,09:30:37,5026,597.0,49.9,18100,安値圏
UNDER急増,,2026-07-27,09:30:40,6433,898.0,75.6,10200,安値圏
UNDER急増,,2026-07-27,09:31:01,4395,750.0,54.2,15400,安値圏
UNDER急増,,2026-07-27,09:32:48,6433,900.0,53.2,9900,安値圏
UNDER急増,,2026-07-27,09:32:52,4840,532.0,33.3,500,安値圏
UNDER急増,,2026-07-27,09:36:49,4418,818.0,60.2,21500,安値圏
小口売り連続,WATCH,2026-07-27,09:52:47,5132,1945.0,5,,
小口売り連続,WATCH,2026-07-27,09:55:54,5574,2359.0,5,,
小口売り連続,WATCH,2026-07-27,09:56:52,4894,4205.0,5,,
UNDER急増,,2026-07-27,09:57:14,2998,514.0,41.0,39000,安値圏
UNDER急増,,2026-07-27,09:58:24,5892,1993.0,28.4,5800,安値圏
UNDER急増,,2026-07-27,09:59:11,4418,817.0,56.3,21100,安値圏
小口売り連続,WATCH,2026-07-27,10:00:49,7373,992.0,5,,
小口売り連続,WATCH,2026-07-27,10:07:13,6433,896.0,5,,
小口売り連続,STRONG,2026-07-27,10:08:47,4894,4185.0,10,,
小口売り連続,WATCH,2026-07-27,10:09:34,9256,2261.0,5,,
小口売り連続,WATCH,2026-07-27,10:13:53,5817,898.0,5,,
UNDER急増,,2026-07-27,10:15:27,5892,1988.0,28.1,5400,安値圏
小口売り連続,WATCH,2026-07-27,10:16:10,9256,2281.0,5,,
UNDER急増,,2026-07-27,10:17:42,6620,661.0,133.2,27700,安値圏
小口売り連続,WATCH,2026-07-27,10:20:12,5817,895.0,5,,
小口売り連続,WATCH,2026-07-27,10:20:15,5892,1982.0,5,,
UNDER急増,,2026-07-27,10:20:21,4422,534.0,103.4,21000,安値圏
小口売り連続,WATCH,2026-07-27,10:21:20,7373,991.0,5,,
小口売り連続,WATCH,2026-07-27,10:22:46,4422,534.0,5,,
小口売り連続,WATCH,2026-07-27,10:25:05,7794,903.0,5,,
小口売り連続,WATCH,2026-07-27,10:26:05,5724,2357.0,5,,
小口売り連続,WATCH,2026-07-27,10:26:07,6217,737.0,5,,
小口売り連続,WATCH,2026-07-27,10:26:30,5574,2340.0,5,,
小口売り連続,WATCH,2026-07-27,10:29:34,9130,1467.0,5,,
UNDER急増,,2026-07-27,10:33:00,5591,792.0,65.0,15800,安値圏
小口売り連続,WATCH,2026-07-27,10:35:09,9256,2420.0,5,,
小口売り連続,WATCH,2026-07-27,10:35:14,9256,2408.0,5,,
小口売り連続,WATCH,2026-07-27,10:40:33,9256,2385.0,5,,
小口売り連続,WATCH,2026-07-27,10:45:27,9256,2350.0,5,,
小口売り連続,WATCH,2026-07-27,11:16:49,9256,2420.0,5,,
小口売り連続,WATCH,2026-07-27,11:20:31,9256,2405.0,5,,
小口売り連続,WATCH,2026-07-27,11:21:49,9256,2382.0,5,,
小口売り連続,WATCH,2026-07-27,11:26:58,5574,2426.0,5,,
UNDER急増,,2026-07-27,12:27:14,4422,536.0,41.9,5400,安値圏
UNDER急増,,2026-07-27,12:28:30,6620,654.0,28.1,3800,安値圏
小口売り連続,WATCH,2026-07-27,12:34:10,3963,338.0,5,,
小口売り連続,WATCH,2026-07-27,12:34:32,5574,2434.0,5,,
小口売り連続,WATCH,2026-07-27,12:54:26,3692,4915.0,5,,
小口売り連続,WATCH,2026-07-27,12:57:35,9256,2314.0,5,,
小口売り連続,WATCH,2026-07-27,13:01:33,5574,2459.0,5,,
小口売り連続,WATCH,2026-07-27,13:05:12,9256,2280.0,5,,
小口売り連続,WATCH,2026-07-27,13:08:21,9256,2260.0,5,,
小口売り連続,WATCH,2026-07-27,13:09:05,5574,2474.0,5,,
UNDER急増,,2026-07-27,13:18:36,6217,734.0,37.6,18000,安値圏
小口売り連続,WATCH,2026-07-27,13:23:49,9256,2225.0,5,,
小口売り連続,WATCH,2026-07-27,13:30:18,9256,2190.0,5,,
小口売り連続,WATCH,2026-07-27,13:30:46,9256,2170.0,5,,
小口売り連続,WATCH,2026-07-27,13:40:02,9256,2237.0,5,,
小口売り連続,WATCH,2026-07-27,13:43:38,4446,810.0,5,,
小口売り連続,WATCH,2026-07-27,14:03:40,9256,2269.0,5,,
小口売り連続,WATCH,2026-07-27,14:04:56,9256,2250.0,5,,
小口売り連続,WATCH,2026-07-27,14:05:38,5031,328.0,5,,
小口売り連続,WATCH,2026-07-27,14:09:59,6228,534.0,5,,
小口売り連続,WATCH,2026-07-27,14:23:16,9256,2286.0,5,,
小口売り連続,WATCH,2026-07-27,14:24:39,4894,4315.0,5,,
小口売り連続,WATCH,2026-07-27,14:28:06,9256,2280.0,5,,
UNDER急増,,2026-07-27,14:28:30,2998,504.0,48.1,39900,安値圏
小口売り連続,WATCH,2026-07-27,14:29:53,5574,2534.0,5,,
小口売り連続,WATCH,2026-07-27,14:41:42,9256,2305.0,5,,
小口売り連続,WATCH,2026-07-27,14:45:22,6433,899.0,5,,
小口売り連続,WATCH,2026-07-27,14:46:03,1514,598.0,5,,
小口売り連続,WATCH,2026-07-27,14:46:37,5817,913.0,5,,
小口売り連続,WATCH,2026-07-27,15:07:40,9256,2342.0,5,,
小口売り連続,WATCH,2026-07-27,15:13:36,6217,739.0,5,,
小口売り連続,WATCH,2026-07-27,15:21:48,3692,4945.0,5,,
小口売り連続,WATCH,2026-07-27,15:23:21,3963,338.0,5,,
小口売り連続,WATCH,2026-07-27,15:24:56,4013,683.0,5,,
UNDER急増,,2026-07-27,15:25:16,6620,649.0,21.4,2400,安値圏
UNDER急増,,2026-07-27,15:25:51,7373,987.0,22.0,4700,安値圏
UNDER急増,,2026-07-27,15:27:42,6620,649.0,21.4,2400,安値圏
UNDER急増,,2026-07-27,15:27:56,7373,987.0,22.0,4700,安値圏
UNDER急増,,2026-07-27,15:30:00,6620,649.0,25.9,2900,安値圏
UNDER急増,,2026-07-28,09:02:45,4418,827.0,76.1,20400,安値圏
UNDER急増,,2026-07-28,09:02:50,4395,739.0,58.0,15300,安値圏
UNDER急増,,2026-07-28,09:03:32,4575,755.0,45.4,35800,安値圏
UNDER急増,,2026-07-28,09:03:53,7352,330.0,54.4,58000,安値圏
UNDER急増,,2026-07-28,09:04:50,6228,506.0,51.1,16200,安値圏
UNDER急増,,2026-07-28,09:04:59,9130,1470.0,48.9,8700,安値圏
UNDER急増,,2026-07-28,09:05:19,2998,511.0,50.1,39100,安値圏
UNDER急増,,2026-07-28,09:06:28,4422,524.0,129.9,21300,安値圏
UNDER急増,,2026-07-28,09:06:47,4412,1161.0,35.0,6400,安値圏
UNDER急増,,2026-07-28,09:07:07,7794,908.0,24.5,18500,安値圏
UNDER急増,,2026-07-28,09:07:07,5724,2362.0,25.4,5400,安値圏
UNDER急増,,2026-07-28,09:07:14,7071,370.0,99.8,89100,安値圏
UNDER急増,,2026-07-28,09:07:44,4446,791.0,49.8,14800,安値圏
UNDER急増,,2026-07-28,09:08:13,5724,2352.0,23.9,5200,安値圏
小口売り連続,WATCH,2026-07-28,09:09:36,5724,2353.0,5,,
UNDER急増,,2026-07-28,09:10:48,4418,817.0,84.3,20400,安値圏
UNDER急増,,2026-07-28,09:11:06,6620,647.0,91.2,27100,安値圏
小口売り連続,WATCH,2026-07-28,09:11:31,5597,1238.0,5,,
小口売り連続,WATCH,2026-07-28,09:11:46,9227,803.0,5,,
UNDER急増,,2026-07-28,09:12:00,4418,819.0,64.2,20400,安値圏
UNDER急増,,2026-07-28,09:15:53,7352,326.0,53.5,58000,安値圏
小口売り連続,WATCH,2026-07-28,09:16:04,9256,2545.0,5,,
小口売り連続,WATCH,2026-07-28,09:17:15,9256,2529.0,5,,
小口売り連続,WATCH,2026-07-28,09:18:13,6433,851.0,5,,
UNDER急増,,2026-07-28,09:18:21,4575,751.0,62.4,31800,安値圏
小口売り連続,WATCH,2026-07-28,09:18:41,5817,913.0,5,,
UNDER急増,,2026-07-28,09:19:45,4013,687.0,113.4,17800,安値圏
小口売り連続,WATCH,2026-07-28,09:20:11,9256,2478.0,5,,
小口売り連続,WATCH,2026-07-28,09:20:11,3692,4880.0,5,,
小口売り連続,WATCH,2026-07-28,09:21:53,6433,846.0,5,,
UNDER急増,,2026-07-28,09:23:38,7794,907.0,26.3,21300,安値圏
小口売り連続,WATCH,2026-07-28,09:23:59,4418,817.0,5,,
UNDER急増,,2026-07-28,09:24:03,4013,693.0,99.4,17800,安値圏
UNDER急増,,2026-07-28,09:24:49,2998,508.0,46.7,38400,安値圏
小口売り連続,WATCH,2026-07-28,09:25:00,4412,1133.0,5,,
小口売り連続,WATCH,2026-07-28,09:25:27,6433,840.0,5,,
小口売り連続,WATCH,2026-07-28,09:26:14,4894,4160.0,5,,
小口売り連続,WATCH,2026-07-28,09:28:49,9256,2463.0,5,,
小口売り連続,WATCH,2026-07-28,09:29:30,9256,2445.0,5,,
小口売り連続,WATCH,2026-07-28,09:30:41,9256,2407.0,5,,
小口売り連続,WATCH,2026-07-28,09:31:17,9256,2406.0,5,,
小口売り連続,WATCH,2026-07-28,09:31:40,9256,2384.0,5,,
小口売り連続,WATCH,2026-07-28,09:31:47,5574,2428.0,5,,
小口売り連続,WATCH,2026-07-28,09:31:52,5707,821.0,5,,
UNDER急増,,2026-07-28,09:33:21,4813,340.0,79.7,97200,安値圏
小口売り連続,WATCH,2026-07-28,09:36:17,9130,1460.0,5,,
UNDER急増,,2026-07-28,09:37:15,5707,825.0,46.9,31300,安値圏
UNDER急増,,2026-07-28,09:37:47,4446,785.0,48.2,14800,安値圏
UNDER急増,,2026-07-28,09:40:38,4075,854.0,63.2,7400,安値圏
UNDER急増,,2026-07-28,09:40:40,9256,2233.0,55.5,15200,安値圏
小口売り連続,WATCH,2026-07-28,09:42:09,5597,1210.0,5,,
UNDER急増,,2026-07-28,09:42:24,5590,669.0,77.0,31200,安値圏
小口売り連続,WATCH,2026-07-28,09:42:43,5724,2328.0,5,,
UNDER急増,,2026-07-28,09:47:55,4075,850.0,54.4,6200,安値圏
小口売り連続,WATCH,2026-07-28,09:47:57,5597,1206.0,5,,
小口売り連続,WATCH,2026-07-28,09:49:24,5574,2401.0,5,,
UNDER急増,,2026-07-28,09:49:29,3963,338.0,245.6,41500,安値圏
UNDER急増,,2026-07-28,09:49:43,7794,896.0,32.6,21300,安値圏
UNDER急増,,2026-07-28,09:50:05,4075,857.0,55.4,6700,安値圏
UNDER急増,,2026-07-28,09:50:10,5031,322.0,56.1,44800,安値圏
UNDER急増,,2026-07-28,09:50:27,5132,1902.0,41.5,5600,安値圏
小口売り連続,WATCH,2026-07-28,09:51:10,7794,895.0,5,,
小口売り連続,WATCH,2026-07-28,09:51:43,5599,1078.0,5,,
小口売り連続,STRONG,2026-07-28,09:52:05,5597,1202.0,10,,
小口売り連続,WATCH,2026-07-28,09:52:11,4570,951.0,5,,
小口売り連続,WATCH,2026-07-28,09:55:44,6433,835.0,5,,
UNDER急増,,2026-07-28,09:56:06,9256,2233.0,35.4,3400,安値圏
小口売り連続,WATCH,2026-07-28,09:56:28,9130,1440.0,5,,
小口売り連続,WATCH,2026-07-28,09:57:32,5574,2394.0,5,,
UNDER急増,,2026-07-28,10:00:54,3791,997.0,28.7,14500,安値圏
UNDER急増,,2026-07-28,10:02:05,7373,985.0,52.1,17200,安値圏
UNDER急増,,2026-07-28,10:04:36,4075,851.0,55.4,6200,安値圏
UNDER急増,,2026-07-28,10:05:54,6433,833.0,38.1,9100,安値圏
小口売り連続,WATCH,2026-07-28,10:13:48,5026,586.0,5,,
UNDER急増,,2026-07-28,10:23:49,7794,890.0,33.9,22300,安値圏
小口売り連続,WATCH,2026-07-28,10:28:02,4412,1127.0,5,,
UNDER急増,,2026-07-28,10:30:44,5026,589.0,50.3,17500,安値圏
小口売り連続,WATCH,2026-07-28,10:34:35,7794,889.0,5,,
UNDER急増,,2026-07-28,10:38:54,7794,891.0,32.5,21300,安値圏
小口売り連続,WATCH,2026-07-28,10:39:23,5597,1205.0,5,,
小口売り連続,WATCH,2026-07-28,10:40:03,3791,1009.0,5,,
小口売り連続,WATCH,2026-07-28,10:44:12,5588,765.0,5,,
小口売り連続,WATCH,2026-07-28,10:44:14,5574,2450.0,5,,
小口売り連続,WATCH,2026-07-28,10:58:54,7071,367.0,5,,
小口売り連続,WATCH,2026-07-28,10:58:54,5707,827.0,5,,
UNDER急増,,2026-07-28,11:02:07,4075,856.0,34.9,6700,安値圏
小口売り連続,WATCH,2026-07-28,11:02:40,4446,809.0,5,,
小口売り連続,WATCH,2026-07-28,11:03:38,5574,2403.0,5,,
小口売り連続,WATCH,2026-07-28,11:05:59,9227,803.0,5,,
小口売り連続,WATCH,2026-07-28,11:07:15,5597,1193.0,5,,
UNDER急増,,2026-07-28,11:11:01,6433,838.0,36.6,9600,安値圏
UNDER急増,,2026-07-28,11:11:15,4575,733.0,82.8,32200,安値圏
UNDER急増,,2026-07-28,11:12:03,7794,891.0,33.0,22800,安値圏
小口売り連続,WATCH,2026-07-28,11:12:22,3692,4860.0,5,,
小口売り連続,WATCH,2026-07-28,11:17:22,5724,2276.0,5,,
UNDER急増,,2026-07-28,11:26:35,5588,755.0,23.5,3100,安値圏
UNDER急増,,2026-07-28,11:29:34,7794,889.0,53.9,24400,安値圏
UNDER急増,,2026-07-28,12:05:03,7794,888.0,65.8,24200,安値圏
UNDER急増,,2026-07-28,12:05:19,4013,692.0,27.9,2400,安値圏
UNDER急増,,2026-07-28,12:08:11,7115,1582.0,22.7,1000,安値圏
UNDER急増,,2026-07-28,12:14:09,7794,888.0,65.1,24100,安値圏
UNDER急増,,2026-07-28,12:15:32,7794,888.0,63.3,24100,安値圏
UNDER急増,,2026-07-28,12:24:05,7794,888.0,63.2,24200,安値圏
UNDER急増,,2026-07-28,12:24:45,4412,1135.0,43.8,4200,安値圏
UNDER急増,,2026-07-28,12:25:26,5132,1910.0,46.6,2700,安値圏
UNDER急増,,2026-07-28,12:25:36,4422,508.0,52.7,4800,安値圏
UNDER急増,,2026-07-28,12:25:44,4579,450.0,25.4,5800,安値圏
UNDER急増,,2026-07-28,12:25:59,3963,338.0,20.8,2000,安値圏
UNDER急増,,2026-07-28,12:26:09,4575,735.0,45.3,15100,安値圏
UNDER急増,,2026-07-28,12:27:14,6620,644.0,24.0,4000,安値圏
UNDER急増,,2026-07-28,12:29:43,5817,892.0,20.1,3400,安値圏
UNDER急増,,2026-07-28,12:29:47,6228,508.0,48.6,10800,安値圏
UNDER急増,,2026-07-28,12:31:04,5026,585.0,49.8,14900,安値圏
UNDER急増,,2026-07-28,12:31:07,5892,2012.0,27.2,5000,安値圏
UNDER急増,,2026-07-28,12:31:12,4011,1936.0,23.5,6300,安値圏
UNDER急増,,2026-07-28,12:32:49,7794,892.0,42.6,29500,安値圏
UNDER急増,,2026-07-28,12:34:52,9130,1448.0,63.8,9700,安値圏
UNDER急増,,2026-07-28,12:42:33,5707,824.0,44.7,31300,安値圏
小口売り連続,WATCH,2026-07-28,12:48:46,6217,706.0,5,,
小口売り連続,WATCH,2026-07-28,12:51:51,4570,956.0,5,,
UNDER急増,,2026-07-28,12:56:35,4011,1927.0,21.1,5800,安値圏
小口売り連続,WATCH,2026-07-28,13:00:36,5574,2506.0,5,,
小口売り連続,WATCH,2026-07-28,13:01:16,9130,1441.0,5,,
小口売り連続,WATCH,2026-07-28,13:02:00,5590,668.0,5,,
UNDER急増,,2026-07-28,13:07:47,6217,692.0,79.1,12500,安値圏
小口売り連続,WATCH,2026-07-28,13:12:53,4412,1133.0,5,,
小口売り連続,WATCH,2026-07-28,13:16:11,5591,782.0,5,,
UNDER急増,,2026-07-28,13:18:38,5591,784.0,48.2,9200,安値圏
小口売り連続,WATCH,2026-07-28,13:28:59,5574,2523.0,5,,
UNDER急増,,2026-07-28,13:55:13,5588,755.0,20.4,2800,安値圏
小口売り連続,WATCH,2026-07-28,13:58:00,9130,1440.0,5,,
小口売り連続,WATCH,2026-07-28,14:04:00,4011,1926.0,5,,
小口売り連続,WATCH,2026-07-28,14:04:56,5588,756.0,5,,
小口売り連続,WATCH,2026-07-28,14:05:44,5574,2502.0,5,,
小口売り連続,WATCH,2026-07-28,14:12:26,5817,895.0,5,,
UNDER急増,,2026-07-28,14:13:32,4011,1923.0,22.7,5700,安値圏
小口売り連続,STRONG,2026-07-28,14:16:47,9130,1435.0,10,,
UNDER急増,,2026-07-28,14:22:43,6217,686.0,82.2,12500,安値圏
UNDER急増,,2026-07-28,14:30:03,2998,495.0,25.3,22100,安値圏
UNDER急増,,2026-07-28,14:43:54,7794,890.0,38.5,26800,安値圏
小口売り連続,WATCH,2026-07-28,14:49:11,5597,1193.0,5,,
小口売り連続,WATCH,2026-07-28,14:53:01,6433,840.0,5,,
小口売り連続,WATCH,2026-07-28,14:54:30,9130,1434.0,5,,
UNDER急増,,2026-07-28,14:54:31,7794,890.0,37.8,26900,安値圏
小口売り連続,STRONG,2026-07-28,14:56:40,5597,1190.0,10,,
小口売り連続,WATCH,2026-07-28,14:57:19,6433,840.0,5,,
UNDER急増,,2026-07-28,14:58:27,7794,890.0,38.5,27300,安値圏
UNDER急増,,2026-07-28,15:00:15,7794,890.0,37.7,26800,安値圏
小口売り連続,WATCH,2026-07-28,15:04:47,5817,882.0,5,,
小口売り連続,WATCH,2026-07-28,15:07:38,5597,1188.0,5,,
小口売り連続,STRONG,2026-07-28,15:07:42,5817,881.0,10,,
小口売り連続,WATCH,2026-07-28,15:17:56,7071,366.0,5,,
UNDER急増,,2026-07-28,15:23:12,4011,1915.0,20.1,5400,安値圏
小口売り連続,WATCH,2026-07-28,15:23:52,6433,844.0,5,,
小口売り連続,WATCH,2026-07-28,15:24:46,3963,336.0,5,,
小口売り連続,WATCH,2026-07-28,15:24:59,4570,941.0,5,,
UNDER急増,,2026-07-28,15:29:41,4011,1921.0,35.9,4700,安値圏
UNDER急増,,2026-07-29,09:02:45,4075,847.0,236.6,16800,安値圏
UNDER急増,,2026-07-29,09:02:46,5597,1214.0,22.6,5600,安値圏
UNDER急増,,2026-07-29,09:02:49,6433,839.0,36.7,10300,安値圏
UNDER急増,,2026-07-29,09:02:55,7373,991.0,52.9,18000,安値圏
UNDER急増,,2026-07-29,09:04:02,9227,841.0,56.4,29200,安値圏
UNDER急増,,2026-07-29,09:04:18,4075,846.0,38.5,5500,安値圏
UNDER急増,,2026-07-29,09:04:26,6217,697.0,48.6,12300,安値圏
UNDER急増,,2026-07-29,09:04:37,4013,689.0,126.1,17400,安値圏
UNDER急増,,2026-07-29,09:04:42,4446,805.0,27.8,9500,安値圏
小口売り連続,WATCH,2026-07-29,09:05:44,4418,781.0,5,,
UNDER急増,,2026-07-29,09:06:23,4418,780.0,67.7,20100,安値圏
UNDER急増,,2026-07-29,09:06:29,4575,699.0,124.8,34200,安値圏
UNDER急増,,2026-07-29,09:07:13,5597,1195.0,26.2,5900,安値圏
UNDER急増,,2026-07-29,09:07:18,7352,323.0,73.8,63900,安値圏
UNDER急増,,2026-07-29,09:07:27,4418,786.0,60.4,20100,安値圏
UNDER急増,,2026-07-29,09:07:38,5031,325.0,118.4,38000,安値圏
UNDER急増,,2026-07-29,09:07:59,5599,1080.0,41.2,6300,安値圏
UNDER急増,,2026-07-29,09:08:19,4165,562.0,88.1,48000,安値圏
小口売り連続,WATCH,2026-07-29,09:09:16,4894,4270.0,5,,
UNDER急増,,2026-07-29,09:09:24,4165,562.0,73.1,44900,安値圏
UNDER急増,,2026-07-29,09:10:58,3963,340.0,374.3,37800,安値圏
UNDER急増,,2026-07-29,09:11:29,4418,785.0,65.3,20100,安値圏
UNDER急増,,2026-07-29,09:11:36,4422,509.0,164.0,22300,安値圏
UNDER急増,,2026-07-29,09:11:52,6217,697.0,45.1,12100,安値圏
UNDER急増,,2026-07-29,09:12:12,4840,542.0,103.7,11300,安値圏
UNDER急増,,2026-07-29,09:14:45,2998,499.0,79.6,37400,安値圏
UNDER急増,,2026-07-29,09:14:54,7071,371.0,46.2,68100,安値圏
UNDER急増,,2026-07-29,09:14:55,4575,694.0,85.6,31400,安値圏
UNDER急増,,2026-07-29,09:15:28,4165,563.0,61.3,70100,安値圏
小口売り連続,WATCH,2026-07-29,09:15:38,3692,4925.0,5,,
UNDER急増,,2026-07-29,09:16:04,2998,495.0,89.3,40200,安値圏
UNDER急増,,2026-07-29,09:16:14,5729,1543.0,22.7,6600,安値圏
UNDER急増,,2026-07-29,09:16:26,4813,339.0,61.0,78100,安値圏
UNDER急増,,2026-07-29,09:16:39,7794,858.0,46.8,22300,安値圏
UNDER急増,,2026-07-29,09:20:40,4446,806.0,38.6,14900,安値圏
UNDER急増,,2026-07-29,09:23:24,7352,322.0,69.0,60000,安値圏
UNDER急増,,2026-07-29,09:24:15,4570,930.0,65.2,19100,安値圏
UNDER急増,,2026-07-29,09:25:35,2998,492.0,98.7,38200,安値圏
UNDER急増,,2026-07-29,09:26:11,5132,1878.0,23.8,3600,安値圏
UNDER急増,,2026-07-29,09:26:48,2998,490.0,98.2,38200,安値圏
UNDER急増,,2026-07-29,09:26:55,6217,695.0,47.1,12800,安値圏
小口売り連続,WATCH,2026-07-29,09:32:17,5031,325.0,5,,
小口売り連続,WATCH,2026-07-29,09:33:29,9227,946.0,5,,
UNDER急増,,2026-07-29,09:33:31,4446,799.0,42.2,14800,安値圏
小口売り連続,WATCH,2026-07-29,09:36:07,9227,917.0,5,,
UNDER急増,,2026-07-29,09:40:30,6620,653.0,21.4,12700,安値圏
小口売り連続,WATCH,2026-07-29,09:41:19,9227,925.0,5,,
UNDER急増,,2026-07-29,09:42:35,7373,989.0,49.9,18000,安値圏
小口売り連続,WATCH,2026-07-29,09:43:07,5707,820.0,5,,
UNDER急増,,2026-07-29,09:52:15,9256,1458.0,86.5,4500,安値圏
UNDER急増,,2026-07-29,09:52:56,5031,322.0,131.8,41000,安値圏
小口売り連続,WATCH,2026-07-29,09:58:44,4570,928.0,5,,
UNDER急増,,2026-07-29,10:01:25,5132,1850.0,37.6,4100,安値圏
UNDER急増,,2026-07-29,10:01:44,5031,317.0,124.3,37400,安値圏
小口売り連続,WATCH,2026-07-29,10:05:18,5597,1180.0,5,,
小口売り連続,WATCH,2026-07-29,10:06:25,5707,816.0,5,,
小口売り連続,WATCH,2026-07-29,10:07:32,5574,2608.0,5,,
小口売り連続,WATCH,2026-07-29,10:11:44,4418,787.0,5,,
小口売り連続,STRONG,2026-07-29,10:12:48,4418,782.0,10,,
小口売り連続,WATCH,2026-07-29,10:13:26,5597,1170.0,5,,
UNDER急増,,2026-07-29,10:13:51,4840,510.0,21.0,1300,安値圏
小口売り連続,WATCH,2026-07-29,10:14:04,5817,884.0,5,,
小口売り連続,WATCH,2026-07-29,10:14:29,5574,2591.0,5,,
小口売り連続,WATCH,2026-07-29,10:14:46,5132,1831.0,5,,
小口売り連続,WATCH,2026-07-29,10:14:52,4570,916.0,5,,
小口売り連続,WATCH,2026-07-29,10:16:38,4894,4270.0,5,,
小口売り連続,WATCH,2026-07-29,10:16:51,5724,2205.0,5,,
小口売り連続,STRONG,2026-07-29,10:16:56,5574,2580.0,10,,
小口売り連続,WATCH,2026-07-29,10:17:12,4412,1093.0,5,,
小口売り連続,WATCH,2026-07-29,10:19:18,7352,320.0,5,,
UNDER急増,,2026-07-29,10:20:25,4075,854.0,41.4,6500,安値圏
小口売り連続,WATCH,2026-07-29,10:23:48,7794,858.0,5,,
UNDER急増,,2026-07-29,10:24:03,4418,781.0,65.7,19700,安値圏
UNDER急増,,2026-07-29,10:25:08,4418,786.0,63.8,20100,安値圏
UNDER急増,,2026-07-29,10:27:51,6217,675.0,58.7,12800,安値圏
UNDER急増,,2026-07-29,10:32:48,6228,483.0,107.7,25100,安値圏
UNDER急増,,2026-07-29,10:36:01,1514,579.0,36.4,44500,安値圏
小口売り連続,WATCH,2026-07-29,10:36:44,9227,936.0,5,,
UNDER急増,,2026-07-29,10:37:11,6217,664.0,84.0,13600,安値圏
UNDER急増,,2026-07-29,10:39:13,6217,662.0,59.5,12800,安値圏
小口売り連続,WATCH,2026-07-29,10:43:30,6620,648.0,5,,
小口売り連続,WATCH,2026-07-29,10:43:39,4579,446.0,5,,
小口売り連続,WATCH,2026-07-29,10:44:01,4894,4265.0,5,,
小口売り連続,WATCH,2026-07-29,10:46:03,3692,4960.0,5,,
UNDER急増,,2026-07-29,10:46:24,4570,909.0,20.1,8400,安値圏
UNDER急増,,2026-07-29,10:49:32,4446,800.0,45.0,14900,安値圏
小口売り連続,WATCH,2026-07-29,10:50:15,5817,875.0,5,,
UNDER急増,,2026-07-29,10:52:27,4422,498.0,117.9,21700,安値圏
小口売り連続,WATCH,2026-07-29,10:57:49,4894,4230.0,5,,
UNDER急増,,2026-07-29,11:01:19,4446,796.0,46.5,14800,安値圏
UNDER急増,,2026-07-29,11:01:47,4422,495.0,123.5,21000,安値圏
小口売り連続,WATCH,2026-07-29,11:06:05,5597,1141.0,5,,
UNDER急増,,2026-07-29,11:10:19,5132,1807.0,27.9,4300,安値圏
小口売り連続,WATCH,2026-07-29,11:11:03,5026,567.0,5,,
UNDER急増,,2026-07-29,11:12:15,5590,656.0,94.8,30900,安値圏
小口売り連続,WATCH,2026-07-29,11:13:27,4165,580.0,5,,
UNDER急増,,2026-07-29,11:18:36,4575,685.0,100.6,31800,安値圏
小口売り連続,WATCH,2026-07-29,11:18:46,7794,837.0,5,,
UNDER急増,,2026-07-29,11:20:00,7794,840.0,44.8,22300,安値圏
小口売り連続,WATCH,2026-07-29,11:20:37,6433,812.0,5,,
UNDER急増,,2026-07-29,11:21:00,7794,842.0,46.5,22300,安値圏
小口売り連続,WATCH,2026-07-29,11:22:11,4840,514.0,5,,
UNDER急増,,2026-07-29,12:17:26,5132,1805.0,52.6,1000,安値圏
UNDER急増,,2026-07-29,12:25:15,6620,652.0,48.3,9700,安値圏
UNDER急増,,2026-07-29,12:25:27,5132,1805.0,63.2,1200,安値圏
UNDER急増,,2026-07-29,12:27:46,6228,475.0,47.1,7300,安値圏
UNDER急増,,2026-07-29,12:31:15,5031,316.0,144.5,39600,安値圏
UNDER急増,,2026-07-29,12:31:17,4575,681.0,97.0,31800,安値圏
UNDER急増,,2026-07-29,12:31:18,7352,320.0,65.9,60200,安値圏
UNDER急増,,2026-07-29,12:31:44,6217,656.0,59.8,11600,安値圏
UNDER急増,,2026-07-29,12:31:48,5724,2178.0,32.4,5500,安値圏
UNDER急増,,2026-07-29,12:32:17,5729,1500.0,23.2,6300,安値圏
小口売り連続,WATCH,2026-07-29,12:32:43,9130,1427.0,5,,
UNDER急増,,2026-07-29,12:33:30,7794,839.0,23.1,11500,安値圏
UNDER急増,,2026-07-29,12:34:13,2998,489.0,89.3,36600,安値圏
小口売り連続,WATCH,2026-07-29,12:35:09,5574,2553.0,5,,
UNDER急増,,2026-07-29,12:37:35,4013,687.0,155.8,18700,安値圏
小口売り連続,WATCH,2026-07-29,12:40:41,4011,1896.0,5,,
UNDER急増,,2026-07-29,12:41:16,4422,487.0,283.8,22700,安値圏
UNDER急増,,2026-07-29,12:42:25,4422,487.0,311.0,22700,安値圏
UNDER急増,,2026-07-29,12:42:55,4418,776.0,71.0,20100,安値圏
小口売り連続,WATCH,2026-07-29,12:44:04,4579,439.0,5,,
UNDER急増,,2026-07-29,12:46:59,4422,486.0,244.2,21000,安値圏
UNDER急増,,2026-07-29,12:47:11,4395,698.0,76.0,15500,安値圏
小口売り連続,WATCH,2026-07-29,12:50:03,5597,1141.0,5,,
UNDER急増,,2026-07-29,12:51:40,6217,647.0,43.2,11100,安値圏
UNDER急増,,2026-07-29,12:52:34,4570,898.0,69.6,16500,安値圏
UNDER急増,,2026-07-29,12:52:37,4422,483.0,291.7,21000,安値圏
小口売り連続,WATCH,2026-07-29,12:52:50,5724,2145.0,5,,
UNDER急増,,2026-07-29,12:53:59,6217,639.0,27.2,4000,安値圏
UNDER急増,,2026-07-29,12:56:05,6228,477.0,108.9,23300,安値圏
小口売り連続,WATCH,2026-07-29,12:56:10,5817,873.0,5,,
UNDER急増,,2026-07-29,12:56:51,5026,555.0,55.2,14300,安値圏
小口売り連続,WATCH,2026-07-29,12:58:31,5574,2572.0,5,,
UNDER急増,,2026-07-29,12:58:55,6217,633.0,119.4,15400,安値圏
小口売り連続,WATCH,2026-07-29,12:59:39,3692,4820.0,5,,
UNDER急増,,2026-07-29,13:02:42,5588,760.0,22.4,3000,安値圏
小口売り連続,WATCH,2026-07-29,13:02:51,3692,4805.0,5,,
UNDER急増,,2026-07-29,13:03:05,9130,1415.0,82.8,8200,安値圏
小口売り連続,WATCH,2026-07-29,13:05:19,7794,835.0,5,,
小口売り連続,WATCH,2026-07-29,13:08:21,4395,693.0,5,,
小口売り連続,WATCH,2026-07-29,13:08:45,5574,2556.0,5,,
UNDER急増,,2026-07-29,13:14:27,4575,673.0,101.0,31800,安値圏
小口売り連続,WATCH,2026-07-29,13:16:37,9227,916.0,5,,
UNDER急増,,2026-07-29,13:23:09,4395,691.0,74.8,16900,安値圏
UNDER急増,,2026-07-29,13:23:51,5026,552.0,20.2,8000,安値圏
UNDER急増,,2026-07-29,13:25:14,4840,502.0,82.8,10600,安値圏
小口売り連続,WATCH,2026-07-29,13:26:13,9227,914.0,5,,
UNDER急増,,2026-07-29,13:29:54,5599,1054.0,45.9,7200,安値圏
UNDER急増,,2026-07-29,13:34:44,6620,633.0,142.6,28800,安値圏
UNDER急増,,2026-07-29,13:38:23,4422,475.0,236.4,20800,安値圏
小口売り連続,WATCH,2026-07-29,13:48:08,4075,838.0,5,,
小口売り連続,WATCH,2026-07-29,13:56:37,9227,930.0,5,,
小口売り連続,WATCH,2026-07-29,14:05:38,3791,1026.0,5,,
小口売り連続,WATCH,2026-07-29,14:11:55,9227,942.0,5,,
UNDER急増,,2026-07-29,14:20:18,9130,1400.0,71.3,8200,安値圏
小口売り連続,WATCH,2026-07-29,14:32:32,7352,320.0,5,,
小口売り連続,WATCH,2026-07-29,14:40:00,5132,1802.0,5,,
小口売り連続,WATCH,2026-07-29,14:46:14,9227,938.0,5,,
小口売り連続,WATCH,2026-07-29,14:50:45,3692,4790.0,5,,
小口売り連続,WATCH,2026-07-29,14:52:04,9227,931.0,5,,
小口売り連続,WATCH,2026-07-29,14:58:46,7373,981.0,5,,
小口売り連続,WATCH,2026-07-29,15:11:11,3692,4785.0,5,,
小口売り連続,WATCH,2026-07-29,15:16:56,9227,933.0,5,,
小口売り連続,WATCH,2026-07-29,15:18:45,9227,933.0,5,,
UNDER急増,,2026-07-29,15:19:51,7794,834.0,45.0,22300,安値圏
UNDER急増,,2026-07-29,15:20:38,5132,1710.0,127.3,1400,安値圏
UNDER急増,,2026-07-29,15:22:36,9556,1889.0,28.5,5500,安値圏
小口売り連続,WATCH,2026-07-29,15:23:38,7352,320.0,5,,
小口売り連続,STRONG,2026-07-29,15:24:43,7352,320.0,10,,
UNDER急増,,2026-07-29,15:29:08,2998,488.0,20.5,6900,安値圏
UNDER急増,,2026-07-30,09:01:00,6047,356.0,85.0,73700,安値圏
UNDER急増,,2026-07-30,09:01:06,3791,1036.0,24.6,14400,安値圏
UNDER急増,,2026-07-30,09:01:11,7794,828.0,46.9,23300,安値圏
UNDER急増,,2026-07-30,09:01:22,5707,800.0,41.9,28800,安値圏
UNDER急増,,2026-07-30,09:01:34,5724,2141.0,31.5,5700,安値圏
UNDER急増,,2026-07-30,09:01:36,5597,1140.0,29.5,7500,安値圏
UNDER急増,,2026-07-30,09:01:43,3267,618.0,33.3,16000,安値圏
UNDER急増,,2026-07-30,09:02:00,7352,318.0,62.4,65600,安値圏
UNDER急増,,2026-07-30,09:02:01,4570,904.0,67.4,17400,安値圏
UNDER急増,,2026-07-30,09:02:09,5817,890.0,55.6,12000,安値圏
UNDER急増,,2026-07-30,09:02:12,1514,570.0,47.4,43800,安値圏
UNDER急増,,2026-07-30,09:02:32,9556,1866.0,75.0,300,安値圏
UNDER急増,,2026-07-30,09:02:41,4075,828.0,38.5,500,安値圏
UNDER急増,,2026-07-30,09:02:44,4011,1860.0,34.4,6500,安値圏
UNDER急増,,2026-07-30,09:02:47,6620,637.0,166.2,32400,安値圏
UNDER急増,,2026-07-30,09:02:51,6217,645.0,99.3,13400,安値圏
UNDER急増,,2026-07-30,09:02:59,9227,900.0,26.1,21200,安値圏
小口売り連続,WATCH,2026-07-30,09:03:02,9256,1391.0,5,,
UNDER急増,,2026-07-30,09:03:37,4422,468.0,58.3,3500,安値圏
UNDER急増,,2026-07-30,09:03:42,6047,352.0,97.9,78800,安値圏
UNDER急増,,2026-07-30,09:03:49,9556,1866.0,25.9,700,安値圏
UNDER急増,,2026-07-30,09:03:52,6217,646.0,86.9,14600,安値圏
UNDER急増,,2026-07-30,09:04:11,5724,2122.0,25.4,4600,安値圏
小口売り連続,WATCH,2026-07-30,09:04:34,9256,1352.0,5,,
UNDER急増,,2026-07-30,09:04:39,4422,468.0,215.8,21800,安値圏
UNDER急増,,2026-07-30,09:04:57,5729,1465.0,29.9,6100,安値圏
UNDER急増,,2026-07-30,09:05:20,4446,802.0,117.4,26300,安値圏
UNDER急増,,2026-07-30,09:05:28,6228,479.0,71.0,20100,安値圏
UNDER急増,,2026-07-30,09:06:49,5817,880.0,50.4,12000,安値圏
UNDER急増,,2026-07-30,09:06:53,4013,700.0,101.9,16500,安値圏
UNDER急増,,2026-07-30,09:07:03,9130,1391.0,48.9,11300,安値圏
UNDER急増,,2026-07-30,09:07:31,5026,548.0,25.0,5200,安値圏
UNDER急増,,2026-07-30,09:08:10,5817,879.0,50.8,12000,安値圏
UNDER急増,,2026-07-30,09:08:18,4075,828.0,88.9,1600,安値圏
UNDER急増,,2026-07-30,09:08:32,5026,548.0,33.5,6700,安値圏
UNDER急増,,2026-07-30,09:10:01,5026,548.0,49.4,12200,安値圏
UNDER急増,,2026-07-30,09:10:06,4840,506.0,125.3,11400,安値圏
UNDER急増,,2026-07-30,09:13:35,9130,1393.0,49.1,11400,安値圏
小口売り連続,WATCH,2026-07-30,09:15:00,5574,2530.0,5,,
小口売り連続,WATCH,2026-07-30,09:16:39,4894,4215.0,5,,
小口売り連続,WATCH,2026-07-30,09:17:34,9256,1380.0,5,,
UNDER急増,,2026-07-30,09:21:33,6620,643.0,120.0,29400,安値圏
UNDER急増,,2026-07-30,09:22:35,4165,588.0,33.3,43800,安値圏
小口売り連続,WATCH,2026-07-30,09:25:33,3692,4870.0,5,,
UNDER急増,,2026-07-30,09:27:08,9556,1860.0,64.7,5500,安値圏
小口売り連続,WATCH,2026-07-30,09:27:27,9130,1372.0,5,,
UNDER急増,,2026-07-30,09:29:04,3963,339.0,239.7,33800,安値圏
UNDER急増,,2026-07-30,09:29:09,4013,699.0,140.4,19100,安値圏
小口売り連続,WATCH,2026-07-30,09:29:10,4894,4165.0,5,,
小口売り連続,WATCH,2026-07-30,09:30:00,9256,1430.0,5,,
UNDER急増,,2026-07-30,09:30:32,3267,609.0,34.3,16900,安値圏
小口売り連続,WATCH,2026-07-30,09:34:54,9227,988.0,5,,
UNDER急増,,2026-07-30,09:34:55,9130,1365.0,68.3,8200,安値圏
UNDER急増,,2026-07-30,09:39:24,4013,697.0,130.7,17900,安値圏
小口売り連続,WATCH,2026-07-30,09:39:27,9227,980.0,5,,
UNDER急増,,2026-07-30,09:40:47,4013,698.0,132.3,17200,安値圏
小口売り連続,WATCH,2026-07-30,09:40:53,4011,1854.0,5,,
小口売り連続,WATCH,2026-07-30,09:42:00,5574,2469.0,5,,
UNDER急増,,2026-07-30,09:44:13,5817,878.0,55.3,12000,安値圏
UNDER急増,,2026-07-30,09:44:37,6217,645.0,99.3,14700,安値圏
UNDER急増,,2026-07-30,09:46:13,5817,880.0,48.4,12000,安値圏
小口売り連続,WATCH,2026-07-30,09:46:57,4446,801.0,5,,
UNDER急増,,2026-07-30,09:48:01,9130,1355.0,62.7,7900,安値圏
UNDER急増,,2026-07-30,09:48:17,5026,547.0,55.9,14200,安値圏
小口売り連続,WATCH,2026-07-30,09:52:06,9227,980.0,5,,
UNDER急増,,2026-07-30,09:52:24,5591,780.0,109.8,11200,安値圏
小口売り連続,WATCH,2026-07-30,09:54:52,9227,977.0,5,,
小口売り連続,WATCH,2026-07-30,09:55:52,9256,1510.0,5,,
小口売り連続,WATCH,2026-07-30,09:57:39,9256,1401.0,5,,
小口売り連続,WATCH,2026-07-30,09:58:23,9227,955.0,5,,
小口売り連続,WATCH,2026-07-30,10:01:31,9227,945.0,5,,
小口売り連続,WATCH,2026-07-30,10:04:08,9256,1402.0,5,,
UNDER急増,,2026-07-30,10:08:32,4013,699.0,125.5,17200,安値圏
小口売り連続,WATCH,2026-07-30,10:10:02,9227,941.0,5,,
UNDER急増,,2026-07-30,10:10:12,4013,699.0,158.1,19600,安値圏
小口売り連続,WATCH,2026-07-30,10:15:30,5817,886.0,5,,
UNDER急増,,2026-07-30,10:19:15,5026,536.0,72.2,14300,安値圏
小口売り連続,WATCH,2026-07-30,10:19:49,9227,946.0,5,,
UNDER急増,,2026-07-30,10:21:25,4013,700.0,113.3,17900,安値圏
小口売り連続,WATCH,2026-07-30,10:24:25,9227,954.0,5,,
小口売り連続,WATCH,2026-07-30,10:29:41,9256,1464.0,5,,
小口売り連続,WATCH,2026-07-30,10:38:03,9227,935.0,5,,
小口売り連続,WATCH,2026-07-30,10:43:26,9256,1463.0,5,,
UNDER急増,,2026-07-30,10:45:29,5591,778.0,105.9,10800,安値圏
小口売り連続,WATCH,2026-07-30,10:51:20,9256,1483.0,5,,
小口売り連続,WATCH,2026-07-30,10:52:00,9227,901.0,5,,
小口売り連続,WATCH,2026-07-30,10:53:52,9256,1482.0,5,,
UNDER急増,,2026-07-30,10:55:34,4013,698.0,108.2,17200,安値圏
小口売り連続,WATCH,2026-07-30,10:57:13,9227,904.0,5,,
小口売り連続,WATCH,2026-07-30,10:57:27,5817,888.0,5,,
UNDER急増,,2026-07-30,11:22:06,9227,889.0,31.0,24200,安値圏
小口売り連続,WATCH,2026-07-30,11:22:47,5707,819.0,5,,
小口売り連続,WATCH,2026-07-30,11:23:44,4894,4170.0,5,,
小口売り連続,WATCH,2026-07-30,11:29:10,4579,456.0,5,,
小口売り連続,WATCH,2026-07-30,11:29:59,4575,702.0,5,,
UNDER急増,,2026-07-30,12:05:10,7373,977.0,35.6,6400,安値圏
UNDER急増,,2026-07-30,12:29:47,5031,310.0,57.4,7000,安値圏
UNDER急増,,2026-07-30,12:31:02,9130,1340.0,42.9,3000,安値圏
小口売り連続,WATCH,2026-07-30,12:31:04,9256,1408.0,5,,
UNDER急増,,2026-07-30,12:31:22,4446,800.0,110.7,26900,安値圏
UNDER急増,,2026-07-30,12:31:26,5892,2040.0,28.1,6600,安値圏
UNDER急増,,2026-07-30,12:31:34,5026,530.0,61.1,14900,安値圏
UNDER急増,,2026-07-30,12:32:36,5026,530.0,49.8,12400,安値圏
UNDER急増,,2026-07-30,12:33:40,5026,530.0,62.0,15800,安値圏
UNDER急増,,2026-07-30,12:34:43,4075,830.0,179.5,7000,安値圏
UNDER急増,,2026-07-30,12:35:53,5591,780.0,132.9,10900,安値圏
小口売り連続,WATCH,2026-07-30,12:37:24,9256,1410.0,5,,
UNDER急増,,2026-07-30,12:37:57,9227,874.0,27.5,23800,安値圏
小口売り連続,WATCH,2026-07-30,12:45:44,9256,1382.0,5,,
小口売り連続,WATCH,2026-07-30,12:50:40,9227,880.0,5,,
小口売り連続,WATCH,2026-07-30,12:56:43,9256,1367.0,5,,
小口売り連続,WATCH,2026-07-30,12:58:52,5574,2548.0,5,,
小口売り連続,WATCH,2026-07-30,12:59:08,7071,395.0,5,,
小口売り連続,WATCH,2026-07-30,12:59:15,9227,873.0,5,,
小口売り連続,WATCH,2026-07-30,13:01:17,9227,867.0,5,,
UNDER急増,,2026-07-30,13:04:56,9227,870.0,25.2,23800,安値圏
UNDER急増,,2026-07-30,13:05:59,9227,870.0,25.5,23800,安値圏
小口売り連続,WATCH,2026-07-30,13:09:27,9256,1371.0,5,,
UNDER急増,,2026-07-30,13:10:39,9227,872.0,24.1,23800,安値圏
小口売り連続,WATCH,2026-07-30,13:21:33,4579,455.0,5,,
小口売り連続,WATCH,2026-07-30,13:30:28,9256,1376.0,5,,
小口売り連続,WATCH,2026-07-30,13:38:07,9256,1376.0,5,,
UNDER急増,,2026-07-30,13:41:33,9256,1346.0,26.2,10500,安値圏
小口売り連続,WATCH,2026-07-30,13:43:35,9130,1354.0,5,,
UNDER急増,,2026-07-30,13:44:44,9256,1344.0,25.1,11100,安値圏
UNDER急増,,2026-07-30,13:47:27,9256,1336.0,25.9,11200,安値圏
小口売り連続,WATCH,2026-07-30,13:49:00,9256,1332.0,5,,
小口売り連続,WATCH,2026-07-30,13:52:16,4446,804.0,5,,
小口売り連続,WATCH,2026-07-30,13:52:31,5588,815.0,5,,
小口売り連続,WATCH,2026-07-30,13:56:25,4075,827.0,5,,
小口売り連続,WATCH,2026-07-30,13:56:44,6433,832.0,5,,
小口売り連続,WATCH,2026-07-30,14:11:22,3692,4830.0,5,,
小口売り連続,WATCH,2026-07-30,14:28:07,6620,641.0,5,,
小口売り連続,WATCH,2026-07-30,14:32:15,9227,900.0,5,,
小口売り連続,WATCH,2026-07-30,14:49:51,6228,502.0,5,,
小口売り連続,WATCH,2026-07-30,14:58:26,4011,1868.0,5,,
小口売り連続,WATCH,2026-07-30,15:02:01,4575,701.0,5,,
小口売り連続,WATCH,2026-07-30,15:16:00,9256,1340.0,5,,
小口売り連続,WATCH,2026-07-30,15:16:56,1514,568.0,5,,
小口売り連続,WATCH,2026-07-30,15:18:43,5574,2530.0,5,,
小口売り連続,WATCH,2026-07-30,15:21:59,9227,877.0,5,,
小口売り連続,WATCH,2026-07-30,15:24:19,9227,880.0,5,,
UNDER急増,,2026-07-30,15:25:24,3963,335.0,28.6,1000,安値圏
UNDER急増,,2026-07-30,15:28:19,7794,820.0,36.3,11700,安値圏
UNDER急増,,2026-07-31,09:30:45,4075,831.0,252.3,11100,安値圏
小口売り連続,WATCH,2026-07-31,09:37:14,9227,850.0,5,,
UNDER急増,,2026-07-31,09:38:01,9130,1423.0,25.3,8200,安値圏
小口売り連続,WATCH,2026-07-31,09:38:32,4894,4265.0,5,,
小口売り連続,WATCH,2026-07-31,09:48:45,6228,570.0,5,,
小口売り連続,WATCH,2026-07-31,09:50:25,5574,2674.0,5,,
小口売り連続,WATCH,2026-07-31,09:52:28,9227,861.0,5,,
小口売り連続,WATCH,2026-07-31,10:02:27,9227,865.0,5,,
UNDER急増,,2026-07-31,10:04:49,4075,817.0,20.0,2500,安値圏
小口売り連続,WATCH,2026-07-31,10:12:00,9227,870.0,5,,
小口売り連続,STRONG,2026-07-31,10:12:54,9227,870.0,10,,
小口売り連続,WATCH,2026-07-31,10:13:11,9256,1306.0,5,,
小口売り連続,WATCH,2026-07-31,10:16:18,6228,567.0,5,,
小口売り連続,WATCH,2026-07-31,10:28:55,6047,363.0,5,,
小口売り連続,WATCH,2026-07-31,10:29:41,6217,706.0,5,,
小口売り連続,WATCH,2026-07-31,10:46:19,6047,362.0,5,,
小口売り連続,WATCH,2026-07-31,11:04:02,9256,1281.0,5,,
小口売り連続,WATCH,2026-07-31,11:04:34,9227,849.0,5,,
小口売り連続,WATCH,2026-07-31,11:05:16,6433,897.0,5,,
小口売り連続,STRONG,2026-07-31,11:05:44,9227,848.0,10,,
小口売り連続,WATCH,2026-07-31,11:09:03,9227,849.0,5,,
小口売り連続,WATCH,2026-07-31,11:25:19,6433,900.0,5,,
小口売り連続,WATCH,2026-07-31,11:29:51,5707,878.0,5,,
UNDER急増,,2026-07-31,12:05:11,4075,824.0,68.4,1300,安値圏
UNDER急増,,2026-07-31,12:31:02,5729,1524.0,25.7,6900,安値圏
UNDER急増,,2026-07-31,12:31:04,4446,808.0,133.2,31700,安値圏
UNDER急増,,2026-07-31,12:31:05,4013,720.0,127.1,16900,安値圏
UNDER急増,,2026-07-31,12:34:52,4075,824.0,61.9,1300,安値圏
小口売り連続,WATCH,2026-07-31,12:40:03,7071,384.0,5,,
小口売り連続,STRONG,2026-07-31,12:40:58,7071,384.0,10,,
小口売り連続,WATCH,2026-07-31,12:41:00,6047,361.0,5,,
小口売り連続,WATCH,2026-07-31,12:42:18,7071,383.0,5,,
小口売り連続,STRONG,2026-07-31,12:43:07,7071,383.0,10,,
UNDER急増,,2026-07-31,12:45:18,7115,1588.0,44.8,5600,安値圏
小口売り連続,WATCH,2026-07-31,12:48:22,4446,808.0,5,,
小口売り連続,STRONG,2026-07-31,12:51:12,6047,361.0,10,,
小口売り連続,WATCH,2026-07-31,13:06:31,9256,1340.0,5,,
小口売り連続,WATCH,2026-07-31,13:16:31,6047,362.0,5,,
UNDER急増,,2026-07-31,13:17:39,9130,1412.0,39.4,8200,安値圏
小口売り連続,WATCH,2026-07-31,13:17:54,5574,2770.0,5,,
小口売り連続,WATCH,2026-07-31,13:29:20,6217,700.0,5,,
小口売り連続,WATCH,2026-07-31,13:39:49,7071,384.0,5,,
小口売り連続,WATCH,2026-07-31,13:55:13,5031,320.0,5,,
小口売り連続,WATCH,2026-07-31,14:09:57,9256,1329.0,5,,
小口売り連続,WATCH,2026-07-31,14:35:57,9227,847.0,5,,
小口売り連続,STRONG,2026-07-31,14:38:05,9227,845.0,10,,
小口売り連続,WATCH,2026-07-31,14:38:36,4011,1947.0,5,,
UNDER急増,,2026-07-31,14:46:20,4840,515.0,47.1,10600,安値圏
小口売り連続,WATCH,2026-07-31,14:47:30,4412,1146.0,5,,
小口売り連続,WATCH,2026-07-31,14:56:30,3791,1065.0,5,,
小口売り連続,WATCH,2026-07-31,14:56:45,9227,851.0,5,,
小口売り連続,WATCH,2026-07-31,15:10:45,6047,362.0,5,,
小口売り連続,WATCH,2026-07-31,15:13:18,7071,383.0,5,,
小口売り連続,STRONG,2026-07-31,15:15:27,7071,383.0,10,,
小口売り連続,WATCH,2026-07-31,15:19:27,9227,848.0,5,,
小口売り連続,WATCH,2026-07-31,15:21:55,4418,806.0,5,,
小口売り連続,WATCH,2026-07-31,15:23:10,7373,949.0,5,,
UNDER急増,,2026-08-03,09:02:23,4013,708.0,139.8,17900,安値圏
UNDER急増,,2026-08-03,09:02:27,9235,484.0,22.1,4300,安値圏
UNDER急増,,2026-08-03,09:02:49,5026,548.0,20.7,4600,安値圏
UNDER急増,,2026-08-03,09:02:51,5724,2326.0,28.0,5400,安値圏
UNDER急増,,2026-08-03,09:02:53,6228,545.0,64.7,24900,安値圏
UNDER急増,,2026-08-03,09:03:01,6217,686.0,20.9,4300,安値圏
UNDER急増,,2026-08-03,09:03:01,4418,794.0,66.7,18800,安値圏
UNDER急増,,2026-08-03,09:03:07,5132,1874.0,84.4,5400,安値圏
UNDER急増,,2026-08-03,09:03:41,4075,821.0,57.4,6600,安値圏
UNDER急増,,2026-08-03,09:03:59,5729,1495.0,27.8,6200,安値圏
UNDER急増,,2026-08-03,09:04:00,5599,1055.0,35.4,6700,安値圏
UNDER急増,,2026-08-03,09:04:01,7373,933.0,60.2,20100,安値圏
UNDER急増,,2026-08-03,09:04:02,6433,880.0,34.5,10000,安値圏
UNDER急増,,2026-08-03,09:04:18,5591,790.0,62.2,9200,安値圏
小口売り連続,WATCH,2026-08-03,09:04:26,2216,1089.0,5,,
UNDER急増,,2026-08-03,09:05:07,6433,865.0,35.8,9800,安値圏
UNDER急増,,2026-08-03,09:05:15,5729,1499.0,27.4,6200,安値圏
UNDER急増,,2026-08-03,09:05:43,9235,482.0,166.7,33500,安値圏
UNDER急増,,2026-08-03,09:05:52,5026,548.0,75.0,17100,安値圏
UNDER急増,,2026-08-03,09:06:08,6433,870.0,31.2,9300,安値圏
UNDER急増,,2026-08-03,09:06:42,4165,585.0,36.5,46000,安値圏
UNDER急増,,2026-08-03,09:08:32,5707,838.0,71.9,39700,安値圏
UNDER急増,,2026-08-03,09:08:39,4075,821.0,62.6,7200,安値圏
小口売り連続,WATCH,2026-08-03,09:09:03,9256,1341.0,5,,
UNDER急増,,2026-08-03,09:10:01,5031,317.0,48.8,27600,安値圏
UNDER急増,,2026-08-03,09:11:19,5724,2305.0,23.7,4700,安値圏
UNDER急増,,2026-08-03,09:12:01,9130,1505.0,47.9,9300,安値圏
UNDER急増,,2026-08-03,09:13:20,5026,548.0,25.2,8000,安値圏
UNDER急増,,2026-08-03,09:13:53,4412,1129.0,43.3,5200,安値圏
UNDER急増,,2026-08-03,09:14:09,9130,1485.0,35.7,8200,安値圏
UNDER急増,,2026-08-03,09:16:13,7375,1067.0,29.7,4900,安値圏
UNDER急増,,2026-08-03,09:16:14,9130,1490.0,47.5,10300,安値圏
UNDER急増,,2026-08-03,09:16:24,5597,1200.0,24.0,5300,安値圏
UNDER急増,,2026-08-03,09:16:31,4395,662.0,29.1,21800,安値圏
UNDER急増,,2026-08-03,09:17:16,9130,1487.0,31.7,8400,安値圏
UNDER急増,,2026-08-03,09:17:36,5026,545.0,55.2,17100,安値圏
小口売り連続,WATCH,2026-08-03,09:17:53,9256,1354.0,5,,
UNDER急増,,2026-08-03,09:18:15,4412,1129.0,39.8,4900,安値圏
UNDER急増,,2026-08-03,09:19:10,2998,488.0,62.7,32900,安値圏
UNDER急増,,2026-08-03,09:19:28,4395,646.0,20.5,16400,安値圏
小口売り連続,WATCH,2026-08-03,09:20:02,4165,579.0,5,,
UNDER急増,,2026-08-03,09:24:11,4165,578.0,33.2,39900,安値圏
UNDER急増,,2026-08-03,09:24:34,4395,639.0,22.1,15700,安値圏
小口売り連続,WATCH,2026-08-03,09:24:39,9256,1316.0,5,,
UNDER急増,,2026-08-03,09:25:36,4395,642.0,21.6,15700,安値圏
UNDER急増,,2026-08-03,09:26:19,5132,1880.0,98.2,5400,安値圏
UNDER急増,,2026-08-03,09:26:19,6433,851.0,39.2,10000,安値圏
UNDER急増,,2026-08-03,09:26:41,4395,633.0,23.7,16600,安値圏
小口売り連続,WATCH,2026-08-03,09:26:57,2216,1080.0,5,,
小口売り連続,WATCH,2026-08-03,09:27:26,4446,818.0,5,,
UNDER急増,,2026-08-03,09:28:16,6433,855.0,36.6,10000,安値圏
小口売り連続,WATCH,2026-08-03,09:28:21,5817,913.0,5,,
小口売り連続,WATCH,2026-08-03,09:28:31,4011,1880.0,5,,
小口売り連続,WATCH,2026-08-03,09:29:16,6217,675.0,5,,
UNDER急増,,2026-08-03,09:29:22,6433,850.0,36.4,10000,安値圏
UNDER急増,,2026-08-03,09:29:47,4395,630.0,29.5,17300,安値圏
UNDER急増,,2026-08-03,09:30:04,6217,674.0,83.5,14700,安値圏
小口売り連続,WATCH,2026-08-03,09:30:05,9256,1315.0,5,,
小口売り連続,WATCH,2026-08-03,09:30:05,2216,1075.0,5,,
小口売り連続,WATCH,2026-08-03,09:30:13,9256,1315.0,5,,
小口売り連続,STRONG,2026-08-03,09:30:17,9256,1315.0,10,,
UNDER急増,,2026-08-03,09:30:20,9235,474.0,184.9,35500,安値圏
UNDER急増,,2026-08-03,09:33:43,4575,699.0,97.9,27800,安値圏
UNDER急増,,2026-08-03,09:34:00,4395,631.0,26.2,15800,安値圏
UNDER急増,,2026-08-03,09:36:24,4575,701.0,77.7,28500,安値圏
小口売り連続,STRONG,2026-08-03,09:36:43,4446,812.0,10,,
小口売り連続,WATCH,2026-08-03,09:44:02,4011,1863.0,5,,
UNDER急増,,2026-08-03,09:47:14,2998,481.0,80.6,34900,安値圏
UNDER急増,,2026-08-03,09:58:36,7794,827.0,38.9,24800,安値圏
小口売り連続,WATCH,2026-08-03,10:00:31,9130,1452.0,5,,
UNDER急増,,2026-08-03,10:04:49,6228,545.0,57.5,23300,安値圏
UNDER急増,,2026-08-03,10:06:01,6228,545.0,60.4,24900,安値圏
小口売り連続,WATCH,2026-08-03,10:13:32,5817,917.0,5,,
小口売り連続,WATCH,2026-08-03,10:14:36,4894,4435.0,5,,
UNDER急増,,2026-08-03,10:16:20,6433,854.0,29.3,9200,安値圏
小口売り連続,WATCH,2026-08-03,10:16:37,6217,675.0,5,,
UNDER急増,,2026-08-03,10:16:58,7373,935.0,60.4,20100,安値圏
UNDER急増,,2026-08-03,10:21:01,9256,1258.0,61.0,26100,安値圏
小口売り連続,WATCH,2026-08-03,10:23:29,9256,1250.0,5,,
UNDER急増,,2026-08-03,10:24:12,9256,1257.0,56.7,25900,安値圏
UNDER急増,,2026-08-03,10:25:27,9256,1257.0,56.4,26000,安値圏
UNDER急増,,2026-08-03,10:26:43,9256,1256.0,58.0,25800,安値圏
UNDER急増,,2026-08-03,10:29:17,9256,1256.0,52.2,26200,安値圏
小口売り連続,WATCH,2026-08-03,10:33:07,6620,662.0,5,,
UNDER急増,,2026-08-03,10:45:32,9130,1455.0,40.3,8700,安値圏
UNDER急増,,2026-08-03,10:45:53,4013,712.0,99.4,17900,安値圏
UNDER急増,,2026-08-03,10:47:10,4412,1107.0,20.8,4500,安値圏
UNDER急増,,2026-08-03,10:47:10,4075,823.0,25.4,4900,安値圏
小口売り連続,WATCH,2026-08-03,10:54:29,5817,935.0,5,,
小口売り連続,WATCH,2026-08-03,10:58:08,4894,4475.0,5,,
小口売り連続,WATCH,2026-08-03,11:01:08,9256,1266.0,5,,
小口売り連続,WATCH,2026-08-03,11:25:09,5817,943.0,5,,
小口売り連続,WATCH,2026-08-03,11:27:23,2216,1088.0,5,,
小口売り連続,WATCH,2026-08-03,12:30:48,9256,1254.0,5,,
UNDER急増,,2026-08-03,12:34:10,9256,1257.0,55.6,26000,安値圏
UNDER急増,,2026-08-03,12:38:28,9256,1257.0,55.9,26900,安値圏
小口売り連続,WATCH,2026-08-03,12:55:49,1514,576.0,5,,
UNDER急増,,2026-08-03,13:03:08,9130,1455.0,29.4,8200,安値圏
小口売り連続,WATCH,2026-08-03,13:03:24,5817,950.0,5,,
小口売り連続,WATCH,2026-08-03,13:05:09,9256,1272.0,5,,
小口売り連続,WATCH,2026-08-03,13:26:15,9256,1275.0,5,,
UNDER急増,,2026-08-03,13:30:43,2998,480.0,86.3,39000,安値圏
小口売り連続,WATCH,2026-08-03,13:33:23,9256,1273.0,5,,
UNDER急増,,2026-08-03,13:33:26,2998,480.0,75.7,34900,安値圏
小口売り連続,WATCH,2026-08-03,13:43:19,9256,1272.0,5,,
小口売り連続,WATCH,2026-08-03,13:45:16,5707,862.0,5,,
小口売り連続,WATCH,2026-08-03,13:45:50,6433,900.0,5,,
UNDER急増,,2026-08-03,13:47:39,4446,792.0,146.8,32600,安値圏
UNDER急増,,2026-08-03,13:49:33,4446,790.0,139.1,32700,安値圏
小口売り連続,WATCH,2026-08-03,14:01:36,5724,2311.0,5,,
小口売り連続,WATCH,2026-08-03,14:15:49,5817,941.0,5,,
小口売り連続,WATCH,2026-08-03,15:05:54,9256,1281.0,5,,
小口売り連続,STRONG,2026-08-03,15:07:08,9256,1280.0,10,,
小口売り連続,WATCH,2026-08-03,15:13:27,9130,1463.0,5,,
小口売り連続,WATCH,2026-08-03,15:23:02,1514,584.0,5,,
小口売り連続,WATCH,2026-08-03,15:24:13,7373,929.0,5,,
小口売り連続,WATCH,2026-08-03,15:24:59,7373,927.0,5,,
UNDER急増,,2026-08-04,09:01:06,5590,660.0,71.6,28800,安値圏
UNDER急増,,2026-08-04,09:01:14,7794,857.0,33.9,24400,安値圏
UNDER急増,,2026-08-04,09:01:22,5892,2122.0,27.9,5100,安値圏
UNDER急増,,2026-08-04,09:01:23,4165,559.0,45.6,46200,安値圏
UNDER急増,,2026-08-04,09:01:25,9130,1460.0,39.8,7800,安値圏
UNDER急増,,2026-08-04,09:01:30,4013,708.0,129.1,19100,安値圏
UNDER急増,,2026-08-04,09:01:33,6228,553.0,61.5,24400,安値圏
UNDER急増,,2026-08-04,09:01:49,4813,347.0,59.2,75500,安値圏
UNDER急増,,2026-08-04,09:01:57,5597,1258.0,31.4,6500,安値圏
UNDER急増,,2026-08-04,09:02:24,4165,562.0,49.6,53900,安値圏
UNDER急増,,2026-08-04,09:02:58,2998,485.0,59.9,35700,安値圏
UNDER急増,,2026-08-04,09:03:01,4570,947.0,61.1,19200,安値圏
UNDER急増,,2026-08-04,09:03:34,9235,497.0,20.5,4700,安値圏
UNDER急増,,2026-08-04,09:03:36,4418,783.0,53.7,18700,安値圏
UNDER急増,,2026-08-04,09:04:23,4813,347.0,72.3,92000,安値圏
UNDER急増,,2026-08-04,09:05:10,5729,1550.0,21.4,5500,安値圏
UNDER急増,,2026-08-04,09:05:33,4412,1136.0,50.5,5000,安値圏
UNDER急増,,2026-08-04,09:10:03,4412,1136.0,29.3,2900,安値圏
UNDER急増,,2026-08-04,09:10:10,4840,533.0,88.4,12200,安値圏
小口売り連続,WATCH,2026-08-04,09:14:37,4013,714.0,5,,
小口売り連続,WATCH,2026-08-04,09:17:38,9256,1322.0,5,,
UNDER急増,,2026-08-04,09:20:01,4813,346.0,100.9,89900,安値圏
UNDER急増,,2026-08-04,09:22:46,5599,1085.0,34.9,6700,安値圏
UNDER急増,,2026-08-04,09:24:51,4840,531.0,70.7,11600,安値圏
小口売り連続,WATCH,2026-08-04,09:26:43,3692,5390.0,5,,
UNDER急増,,2026-08-04,09:31:03,4840,533.0,85.4,11700,安値圏
小口売り連続,WATCH,2026-08-04,09:34:16,2216,1061.0,5,,
小口売り連続,WATCH,2026-08-04,09:35:41,3692,5350.0,5,,
UNDER急増,,2026-08-04,09:36:35,7794,854.0,32.1,24400,安値圏
小口売り連続,WATCH,2026-08-04,09:39:12,5707,896.0,5,,
UNDER急増,,2026-08-04,09:40:13,2998,487.0,52.0,32500,安値圏
UNDER急増,,2026-08-04,09:41:22,5817,954.0,46.5,11400,安値圏
UNDER急増,,2026-08-04,09:41:48,7794,851.0,32.2,24000,安値圏
小口売り連続,WATCH,2026-08-04,09:44:37,9256,1328.0,5,,
小口売り連続,WATCH,2026-08-04,09:44:46,7373,936.0,5,,
小口売り連続,WATCH,2026-08-04,09:46:05,5707,899.0,5,,
UNDER急増,,2026-08-04,09:48:25,3267,616.0,33.1,18100,安値圏
UNDER急増,,2026-08-04,09:53:35,2998,487.0,55.3,35700,安値圏
小口売り連続,WATCH,2026-08-04,09:55:18,2998,487.0,5,,
UNDER急増,,2026-08-04,10:08:06,3444,930.0,228.5,110600,安値圏
UNDER急増,,2026-08-04,10:13:18,7794,857.0,33.6,26200,安値圏
小口売り連続,WATCH,2026-08-04,10:17:13,5707,896.0,5,,
UNDER急増,,2026-08-04,10:22:02,4840,533.0,93.9,12400,安値圏
小口売り連続,WATCH,2026-08-04,10:22:59,4570,952.0,5,,
UNDER急増,,2026-08-04,10:37:23,7794,857.0,31.4,24400,安値圏
小口売り連続,WATCH,2026-08-04,10:45:37,2216,1047.0,5,,
小口売り連続,WATCH,2026-08-04,10:45:45,5707,902.0,5,,
小口売り連続,WATCH,2026-08-04,10:59:31,4575,734.0,5,,
小口売り連続,WATCH,2026-08-04,11:10:36,4165,558.0,5,,
小口売り連続,WATCH,2026-08-04,11:26:10,4165,558.0,5,,
小口売り連続,WATCH,2026-08-04,11:28:34,7352,339.0,5,,
小口売り連続,WATCH,2026-08-04,11:30:01,4165,559.0,5,,
UNDER急増,,2026-08-04,12:26:20,4412,1136.0,23.4,2500,安値圏
UNDER急増,,2026-08-04,12:26:40,4446,810.0,258.9,63700,安値圏
小口売り連続,WATCH,2026-08-04,12:36:38,5724,2383.0,5,,
小口売り連続,WATCH,2026-08-04,12:39:09,9256,1313.0,5,,
小口売り連続,WATCH,2026-08-04,12:43:07,4418,792.0,5,,
小口売り連続,WATCH,2026-08-04,12:55:25,1514,598.0,5,,
小口売り連続,WATCH,2026-08-04,12:56:43,9115,846.0,5,,
小口売り連続,WATCH,2026-08-04,13:07:32,5031,330.0,5,,
UNDER急増,,2026-08-04,13:28:27,3963,339.0,482.7,36200,安値圏
UNDER急増,,2026-08-04,13:35:52,3963,339.0,482.7,36200,安値圏
小口売り連続,WATCH,2026-08-04,13:42:10,4418,788.0,5,,
UNDER急増,,2026-08-04,13:48:25,9235,500.0,149.1,34300,安値圏
小口売り連続,WATCH,2026-08-04,13:54:17,1514,602.0,5,,
UNDER急増,,2026-08-04,14:00:17,2998,482.0,77.5,40600,安値圏
小口売り連続,WATCH,2026-08-04,14:06:06,7352,341.0,5,,
小口売り連続,WATCH,2026-08-04,14:09:47,7794,878.0,5,,
小口売り連続,WATCH,2026-08-04,14:09:51,6047,365.0,5,,
小口売り連続,WATCH,2026-08-04,14:16:36,4418,787.0,5,,
小口売り連続,WATCH,2026-08-04,14:20:37,9115,849.0,5,,
小口売り連続,WATCH,2026-08-04,14:25:14,4418,787.0,5,,
小口売り連続,WATCH,2026-08-04,14:25:18,4165,561.0,5,,
UNDER急増,,2026-08-04,14:33:30,2998,476.0,89.3,39900,安値圏
小口売り連続,WATCH,2026-08-04,14:39:45,3692,5330.0,5,,
小口売り連続,WATCH,2026-08-04,14:42:34,4418,785.0,5,,
小口売り連続,WATCH,2026-08-04,14:44:25,4165,562.0,5,,
UNDER急増,,2026-08-04,14:48:12,2998,478.0,90.6,40600,安値圏
小口売り連続,WATCH,2026-08-04,14:51:02,3444,950.0,5,,
UNDER急増,,2026-08-04,15:03:38,6228,546.0,77.6,25300,安値圏
小口売り連続,WATCH,2026-08-04,15:05:33,6433,949.0,5,,
小口売り連続,WATCH,2026-08-04,15:13:19,6217,758.0,5,,
小口売り連続,WATCH,2026-08-04,15:14:43,4165,561.0,5,,
小口売り連続,WATCH,2026-08-04,15:15:24,6217,757.0,5,,
UNDER急増,,2026-08-04,15:18:00,3963,325.0,71.0,2200,安値圏
小口売り連続,WATCH,2026-08-04,15:20:31,3692,5300.0,5,,
小口売り連続,WATCH,2026-08-04,15:22:32,6047,364.0,5,,
UNDER急増,,2026-08-05,09:01:47,6217,760.0,41.5,13200,安値圏
UNDER急増,,2026-08-05,09:02:02,4570,966.0,42.3,16400,安値圏
UNDER急増,,2026-08-05,09:02:07,4422,552.0,113.9,21300,安値圏
UNDER急増,,2026-08-05,09:02:53,5892,2130.0,29.0,5800,安値圏
UNDER急増,,2026-08-05,09:03:01,6620,688.0,71.9,31200,安値圏
UNDER急増,,2026-08-05,09:03:03,5724,2389.0,30.9,5500,安値圏
UNDER急増,,2026-08-05,09:03:24,4412,1145.0,53.4,7100,安値圏
UNDER急増,,2026-08-05,09:03:37,6228,560.0,73.9,24900,安値圏
UNDER急増,,2026-08-05,09:03:47,9235,495.0,135.6,34300,安値圏
UNDER急増,,2026-08-05,09:03:50,9130,1506.0,32.4,7900,安値圏
UNDER急増,,2026-08-05,09:04:01,9115,863.0,46.1,10100,安値圏
UNDER急増,,2026-08-05,09:04:39,4579,491.0,124.2,55000,安値圏
UNDER急増,,2026-08-05,09:04:50,9130,1505.0,32.0,7900,安値圏
UNDER急増,,2026-08-05,09:06:23,5026,553.0,45.2,13100,安値圏
UNDER急増,,2026-08-05,09:06:45,5597,1301.0,25.7,5700,安値圏
UNDER急増,,2026-08-05,09:07:00,9130,1502.0,33.6,7900,安値圏
UNDER急増,,2026-08-05,09:07:29,7352,345.0,67.0,60600,安値圏
UNDER急増,,2026-08-05,09:07:32,2998,482.0,61.8,40400,安値圏
小口売り連続,WATCH,2026-08-05,09:07:42,9256,1383.0,5,,
UNDER急増,,2026-08-05,09:07:53,3963,335.0,333.3,36000,安値圏
UNDER急増,,2026-08-05,09:09:24,9130,1490.0,39.0,9000,安値圏
UNDER急増,,2026-08-05,09:10:06,4840,529.0,85.4,11700,安値圏
小口売り連続,WATCH,2026-08-05,09:10:57,5707,929.0,5,,
UNDER急増,,2026-08-05,09:11:02,6433,967.0,37.0,8400,安値圏
UNDER急増,,2026-08-05,09:12:58,9115,857.0,47.7,10500,安値圏
UNDER急増,,2026-08-05,09:14:20,3444,976.0,102.9,50000,安値圏
UNDER急増,,2026-08-05,09:15:27,6228,564.0,77.4,26400,安値圏
小口売り連続,WATCH,2026-08-05,09:25:02,9256,1341.0,5,,
小口売り連続,WATCH,2026-08-05,09:26:10,9256,1345.0,5,,
小口売り連続,WATCH,2026-08-05,09:31:08,1514,597.0,5,,
UNDER急増,,2026-08-05,09:31:47,9130,1503.0,27.5,7900,安値圏
UNDER急増,,2026-08-05,09:31:59,6433,968.0,50.5,9900,安値圏
小口売り連続,WATCH,2026-08-05,09:34:06,5892,2165.0,5,,
小口売り連続,WATCH,2026-08-05,09:34:51,5707,930.0,5,,
UNDER急増,,2026-08-05,09:36:23,3267,613.0,37.4,17100,安値圏
UNDER急増,,2026-08-05,09:36:56,4446,809.0,108.0,64900,安値圏
UNDER急増,,2026-08-05,09:37:57,4446,810.0,107.7,65500,安値圏
小口売り連続,WATCH,2026-08-05,09:39:07,4579,496.0,5,,
小口売り連続,WATCH,2026-08-05,09:42:49,6217,766.0,5,,
UNDER急増,,2026-08-05,09:46:17,3444,975.0,23.7,11300,安値圏
UNDER急増,,2026-08-05,09:51:01,3444,975.0,59.8,40000,安値圏
小口売り連続,WATCH,2026-08-05,09:55:09,9256,1374.0,5,,
小口売り連続,WATCH,2026-08-05,09:55:28,5817,1020.0,5,,
小口売り連続,WATCH,2026-08-05,09:58:41,4894,4870.0,5,,
小口売り連続,WATCH,2026-08-05,10:04:02,5817,1018.0,5,,
小口売り連続,WATCH,2026-08-05,10:06:59,7352,353.0,5,,
UNDER急増,,2026-08-05,10:28:25,4570,956.0,51.7,17100,安値圏
小口売り連続,WATCH,2026-08-05,10:28:49,5892,2174.0,5,,
UNDER急増,,2026-08-05,10:40:21,9130,1495.0,32.0,7900,安値圏
UNDER急増,,2026-08-05,10:40:50,3963,334.0,302.5,36300,安値圏
UNDER急増,,2026-08-05,10:41:21,9130,1497.0,31.2,7900,安値圏
小口売り連続,WATCH,2026-08-05,10:41:32,6047,372.0,5,,
小口売り連続,WATCH,2026-08-05,10:46:34,6047,371.0,5,,
小口売り連続,WATCH,2026-08-05,10:48:33,1514,593.0,5,,
小口売り連続,WATCH,2026-08-05,11:04:20,5026,560.0,5,,
UNDER急増,,2026-08-05,11:23:45,9130,1503.0,30.6,8800,安値圏
UNDER急増,,2026-08-05,12:28:01,4840,528.0,39.5,4500,安値圏
小口売り連続,WATCH,2026-08-05,12:30:01,3653,673.0,5,,
UNDER急増,,2026-08-05,12:31:26,9130,1499.0,27.2,7900,安値圏
UNDER急増,,2026-08-05,12:32:01,4013,711.0,105.8,18100,安値圏
UNDER急増,,2026-08-05,12:32:28,9130,1500.0,25.9,7900,安値圏
UNDER急増,,2026-08-05,12:39:57,9130,1501.0,26.9,7900,安値圏
小口売り連続,WATCH,2026-08-05,12:40:14,5707,955.0,5,,
UNDER急増,,2026-08-05,12:51:10,9130,1499.0,26.9,7900,安値圏
UNDER急増,,2026-08-05,12:52:28,9130,1501.0,26.4,7900,安値圏
小口売り連続,WATCH,2026-08-05,12:54:53,3444,985.0,5,,
小口売り連続,WATCH,2026-08-05,13:05:02,4395,713.0,5,,
小口売り連続,WATCH,2026-08-05,13:27:13,9130,1498.0,5,,
小口売り連続,WATCH,2026-08-05,13:31:12,9256,1346.0,5,,
UNDER急増,,2026-08-05,13:41:24,9130,1497.0,27.1,7900,安値圏
小口売り連続,WATCH,2026-08-05,13:44:18,2216,1066.0,5,,
小口売り連続,WATCH,2026-08-05,13:51:58,6047,373.0,5,,
小口売り連続,WATCH,2026-08-05,14:03:47,9115,872.0,5,,
小口売り連続,WATCH,2026-08-05,14:06:54,3653,670.0,5,,
小口売り連続,WATCH,2026-08-05,14:11:00,3692,5320.0,5,,
小口売り連続,WATCH,2026-08-05,14:30:09,6047,372.0,5,,
小口売り連続,WATCH,2026-08-05,14:31:26,3692,5350.0,5,,
小口売り連続,WATCH,2026-08-05,14:40:32,7794,895.0,5,,
UNDER急増,,2026-08-05,14:52:38,6433,960.0,52.7,9900,安値圏
小口売り連続,WATCH,2026-08-05,14:52:56,3692,5350.0,5,,
UNDER急増,,2026-08-05,14:53:56,6433,960.0,56.9,9900,安値圏
小口売り連続,WATCH,2026-08-05,14:54:23,3444,988.0,5,,
小口売り連続,WATCH,2026-08-05,14:58:13,7034,348.0,5,,
小口売り連続,WATCH,2026-08-05,15:01:20,4422,557.0,5,,
小口売り連続,STRONG,2026-08-05,15:09:28,3653,671.0,10,,
小口売り連続,WATCH,2026-08-05,15:17:10,4894,4945.0,5,,
UNDER急増,,2026-08-05,15:18:37,9130,1478.0,30.3,7900,安値圏
小口売り連続,WATCH,2026-08-05,15:24:03,2216,1068.0,5,,
小口売り連続,STRONG,2026-08-05,15:24:28,2216,1066.0,10,,
UNDER急増,,2026-08-06,09:01:02,5590,698.0,91.3,30600,安値圏
UNDER急増,,2026-08-06,09:01:21,4422,543.0,23.7,2200,安値圏
UNDER急増,,2026-08-06,09:01:34,7375,1146.0,42.5,7100,安値圏
UNDER急増,,2026-08-06,09:01:42,7794,880.0,39.6,25400,安値圏
UNDER急増,,2026-08-06,09:01:53,4412,1150.0,55.3,6800,安値圏
UNDER急増,,2026-08-06,09:01:58,4575,730.0,77.2,28500,安値圏
UNDER急増,,2026-08-06,09:02:04,7373,936.0,81.3,21800,安値圏
UNDER急増,,2026-08-06,09:02:15,4570,960.0,49.7,18300,安値圏
UNDER急増,,2026-08-06,09:02:24,4422,543.0,152.3,19500,安値圏
UNDER急増,,2026-08-06,09:03:35,5724,2480.0,22.0,5300,安値圏
UNDER急増,,2026-08-06,09:05:18,4013,707.0,140.3,18100,安値圏
UNDER急増,,2026-08-06,09:06:27,4013,707.0,135.0,19300,安値圏
UNDER急増,,2026-08-06,09:07:09,6620,692.0,86.7,32500,安値圏
UNDER急増,,2026-08-06,09:07:40,5026,569.0,57.4,14300,安値圏
小口売り連続,WATCH,2026-08-06,09:10:40,6433,1063.0,5,,
小口売り連続,WATCH,2026-08-06,09:11:49,6433,1062.0,5,,
UNDER急増,,2026-08-06,09:15:36,3267,620.0,29.1,16700,安値圏
UNDER急増,,2026-08-06,09:16:27,5599,1089.0,36.4,7500,安値圏
小口売り連続,WATCH,2026-08-06,09:17:01,5724,2494.0,5,,
UNDER急増,,2026-08-06,09:19:23,6217,761.0,48.4,13200,安値圏
小口売り連続,WATCH,2026-08-06,09:19:27,5817,1011.0,5,,
UNDER急増,,2026-08-06,09:21:41,4840,539.0,64.0,11400,安値圏
UNDER急増,,2026-08-06,09:23:11,3963,341.0,270.3,34600,安値圏
小口売り連続,WATCH,2026-08-06,09:27:54,9130,1468.0,5,,
UNDER急増,,2026-08-06,09:28:55,5724,2491.0,22.9,5400,安値圏
UNDER急増,,2026-08-06,09:30:05,5724,2478.0,23.2,5400,安値圏
UNDER急増,,2026-08-06,09:32:27,7794,881.0,32.9,25100,安値圏
UNDER急増,,2026-08-06,09:36:28,3444,978.0,45.5,14600,安値圏
UNDER急増,,2026-08-06,09:37:43,3444,975.0,55.6,16500,安値圏
小口売り連続,WATCH,2026-08-06,09:39:14,4813,426.0,5,,
小口売り連続,WATCH,2026-08-06,09:39:23,9235,505.0,5,,
小口売り連続,WATCH,2026-08-06,09:40:11,4813,427.0,5,,
小口売り連続,WATCH,2026-08-06,09:45:35,9130,1459.0,5,,
UNDER急増,,2026-08-06,09:48:03,3444,978.0,60.3,40000,安値圏
UNDER急増,,2026-08-06,09:49:58,5590,697.0,76.7,28700,安値圏
小口売り連続,WATCH,2026-08-06,09:51:30,4011,2062.0,5,,
UNDER急増,,2026-08-06,09:51:36,7794,883.0,33.2,25100,安値圏
小口売り連続,WATCH,2026-08-06,09:55:25,6433,1015.0,5,,
UNDER急増,,2026-08-06,09:56:01,6228,523.0,65.5,26600,安値圏
UNDER急増,,2026-08-06,10:03:39,3963,332.0,345.3,36600,安値圏
小口売り連続,WATCH,2026-08-06,10:05:07,5724,2464.0,5,,
小口売り連続,WATCH,2026-08-06,10:13:23,3444,975.0,5,,
小口売り連続,WATCH,2026-08-06,10:14:14,7794,883.0,5,,
UNDER急増,,2026-08-06,10:20:22,5026,568.0,61.4,14300,安値圏
小口売り連続,WATCH,2026-08-06,10:21:49,6433,1004.0,5,,
UNDER急増,,2026-08-06,10:22:14,5132,1885.0,40.0,5400,安値圏
小口売り連続,WATCH,2026-08-06,10:23:01,9235,500.0,5,,
小口売り連続,WATCH,2026-08-06,10:25:11,9256,1352.0,5,,
UNDER急増,,2026-08-06,10:30:16,3444,966.0,75.8,30000,安値圏
UNDER急増,,2026-08-06,10:33:18,7794,878.0,31.5,25100,安値圏
小口売り連続,WATCH,2026-08-06,10:41:01,3653,676.0,5,,
UNDER急増,,2026-08-06,10:43:13,5026,566.0,64.4,15000,安値圏
UNDER急増,,2026-08-06,10:44:18,9115,868.0,39.8,9900,安値圏
小口売り連続,WATCH,2026-08-06,10:44:23,9256,1372.0,5,,
小口売り連続,WATCH,2026-08-06,10:47:52,6433,989.0,5,,
UNDER急増,,2026-08-06,10:49:09,5590,699.0,69.7,28000,安値圏
UNDER急増,,2026-08-06,10:50:10,5590,699.0,75.9,28700,安値圏
小口売り連続,WATCH,2026-08-06,10:52:22,9130,1454.0,5,,
小口売り連続,WATCH,2026-08-06,10:57:34,9130,1442.0,5,,
小口売り連続,WATCH,2026-08-06,11:03:37,5707,957.0,5,,
UNDER急増,,2026-08-06,11:05:29,4575,721.0,95.0,30100,安値圏
UNDER急増,,2026-08-06,11:08:01,7794,875.0,28.7,23200,安値圏
小口売り連続,WATCH,2026-08-06,11:23:28,6433,1018.0,5,,
UNDER急増,,2026-08-06,12:27:27,3963,332.0,65.5,7400,安値圏
UNDER急増,,2026-08-06,12:28:01,4840,537.0,47.7,4200,安値圏
小口売り連続,WATCH,2026-08-06,12:30:01,4011,2064.0,5,,
UNDER急増,,2026-08-06,12:31:03,9235,498.0,126.6,34300,安値圏
UNDER急増,,2026-08-06,12:31:15,9115,860.0,45.2,9900,安値圏
UNDER急増,,2026-08-06,12:31:17,6228,522.0,55.3,24900,安値圏
UNDER急増,,2026-08-06,12:32:01,4840,541.0,81.8,12100,安値圏
UNDER急増,,2026-08-06,12:34:10,7375,1137.0,76.7,11200,安値圏
小口売り連続,WATCH,2026-08-06,12:35:13,9235,497.0,5,,
UNDER急増,,2026-08-06,12:35:39,9235,498.0,130.8,36500,安値圏
UNDER急増,,2026-08-06,12:44:56,9130,1438.0,32.7,8600,安値圏
UNDER急増,,2026-08-06,12:45:40,9235,498.0,122.4,35000,安値圏
UNDER急増,,2026-08-06,12:47:01,6228,521.0,62.9,26100,安値圏
小口売り連続,WATCH,2026-08-06,12:48:47,9256,1358.0,5,,
UNDER急増,,2026-08-06,12:59:00,9235,497.0,121.8,35700,安値圏
UNDER急増,,2026-08-06,13:01:34,3444,974.0,44.3,50000,安値圏
小口売り連続,WATCH,2026-08-06,13:01:41,5729,1525.0,5,,
UNDER急増,,2026-08-06,13:01:54,9130,1444.0,26.9,7800,安値圏
小口売り連続,WATCH,2026-08-06,13:02:50,5026,566.0,5,,
小口売り連続,WATCH,2026-08-06,13:02:58,5597,1299.0,5,,
UNDER急増,,2026-08-06,13:04:05,9235,495.0,118.7,34900,安値圏
小口売り連続,WATCH,2026-08-06,13:04:54,5892,2218.0,5,,
UNDER急増,,2026-08-06,13:06:59,5132,1864.0,39.7,5600,安値圏
UNDER急増,,2026-08-06,13:09:35,9235,492.0,106.3,33500,安値圏
UNDER急増,,2026-08-06,13:14:25,9130,1441.0,30.2,7800,安値圏
UNDER急増,,2026-08-06,13:16:25,9130,1438.0,28.5,7800,安値圏
小口売り連続,WATCH,2026-08-06,13:20:24,9256,1345.0,5,,
小口売り連続,WATCH,2026-08-06,13:22:51,9256,1341.0,5,,
小口売り連続,WATCH,2026-08-06,13:28:07,6433,1013.0,5,,
小口売り連続,WATCH,2026-08-06,13:32:40,6433,1011.0,5,,
小口売り連続,WATCH,2026-08-06,13:35:21,7794,875.0,5,,
UNDER急増,,2026-08-06,13:46:06,4395,698.0,43.9,16400,安値圏
UNDER急増,,2026-08-06,13:49:26,7794,873.0,31.2,25100,安値圏
小口売り連続,WATCH,2026-08-06,13:50:24,9256,1335.0,5,,
小口売り連続,WATCH,2026-08-06,13:51:19,3692,5250.0,5,,
UNDER急増,,2026-08-06,13:54:49,9130,1431.0,26.8,6600,安値圏
UNDER急増,,2026-08-06,14:01:15,5707,944.0,55.4,27200,安値圏
UNDER急増,,2026-08-06,14:02:16,5707,943.0,51.6,26900,安値圏
小口売り連続,WATCH,2026-08-06,14:22:16,6217,769.0,5,,
UNDER急増,,2026-08-06,14:24:17,5817,1000.0,37.3,10300,安値圏
UNDER急増,,2026-08-06,14:25:25,5817,1003.0,39.6,11000,安値圏
小口売り連続,WATCH,2026-08-06,14:42:20,6217,762.0,5,,
小口売り連続,WATCH,2026-08-06,14:51:09,6433,1024.0,5,,
小口売り連続,WATCH,2026-08-06,15:04:04,4075,849.0,5,,
小口売り連続,WATCH,2026-08-06,15:04:35,9256,1343.0,5,,
小口売り連続,WATCH,2026-08-06,15:12:34,4813,421.0,5,,
UNDER急増,,2026-08-06,15:14:19,5132,1867.0,31.6,5400,安値圏
UNDER急増,,2026-08-06,15:17:57,4395,700.0,44.0,15700,安値圏
小口売り連続,WATCH,2026-08-06,15:22:16,5724,2440.0,5,,
UNDER急増,,2026-08-06,15:24:09,4446,810.0,124.8,64400,安値圏
小口売り連続,WATCH,2026-08-06,15:25:01,5707,952.0,5,,
UNDER急増,,2026-08-07,09:01:06,6217,757.0,43.4,12100,安値圏
UNDER急増,,2026-08-07,09:01:06,6047,370.0,57.2,78200,安値圏
UNDER急増,,2026-08-07,09:01:14,5707,952.0,42.4,26900,安値圏
UNDER急増,,2026-08-07,09:01:17,4422,552.0,156.3,22200,安値圏
UNDER急増,,2026-08-07,09:01:38,7375,1146.0,31.0,5800,安値圏
UNDER急増,,2026-08-07,09:01:40,7373,920.0,92.7,24200,安値圏
UNDER急増,,2026-08-07,09:01:40,4579,517.0,77.5,47200,安値圏
UNDER急増,,2026-08-07,09:01:49,3444,982.0,43.2,14300,安値圏
UNDER急増,,2026-08-07,09:02:02,3653,676.0,21.7,1500,安値圏
UNDER急増,,2026-08-07,09:02:05,4446,815.0,110.3,64200,安値圏
UNDER急増,,2026-08-07,09:02:16,9115,877.0,42.9,9900,安値圏
小口売り連続,WATCH,2026-08-07,09:03:32,7794,871.0,5,,
小口売り連続,WATCH,2026-08-07,09:03:53,2998,490.0,5,,
UNDER急増,,2026-08-07,09:04:08,4813,409.0,37.9,62500,安値圏
UNDER急増,,2026-08-07,09:06:01,4418,785.0,47.7,18700,安値圏
UNDER急増,,2026-08-07,09:06:05,4813,405.0,51.8,72300,安値圏
小口売り連続,WATCH,2026-08-07,09:06:14,6047,369.0,5,,
UNDER急増,,2026-08-07,09:06:33,5707,953.0,34.2,20900,安値圏
UNDER急増,,2026-08-07,09:06:35,5817,978.0,62.7,11100,安値圏
UNDER急増,,2026-08-07,09:06:42,7352,346.0,83.1,60900,安値圏
UNDER急増,,2026-08-07,09:06:49,4013,732.0,126.1,17400,安値圏
UNDER急増,,2026-08-07,09:07:08,3692,5150.0,20.8,5400,安値圏
UNDER急増,,2026-08-07,09:07:12,4446,817.0,108.6,64400,安値圏
UNDER急増,,2026-08-07,09:07:20,6217,748.0,40.3,12800,安値圏
UNDER急増,,2026-08-07,09:07:35,5707,950.0,52.1,27000,安値圏
UNDER急増,,2026-08-07,09:07:38,5817,985.0,47.4,11100,安値圏
UNDER急増,,2026-08-07,09:08:20,6217,736.0,44.4,13900,安値圏
UNDER急増,,2026-08-07,09:08:22,4813,401.0,42.0,63500,安値圏
UNDER急増,,2026-08-07,09:08:23,5132,1910.0,111.2,8900,安値圏
UNDER急増,,2026-08-07,09:08:39,5707,948.0,52.8,27100,安値圏
UNDER急増,,2026-08-07,09:09:15,9235,499.0,103.1,33400,安値圏
UNDER急増,,2026-08-07,09:09:25,5132,1890.0,56.9,5800,安値圏
UNDER急増,,2026-08-07,09:09:31,6217,738.0,37.5,12800,安値圏
UNDER急増,,2026-08-07,09:10:01,4395,684.0,62.5,17200,安値圏
小口売り連続,WATCH,2026-08-07,09:10:05,9130,1441.0,5,,
UNDER急増,,2026-08-07,09:12:02,4395,677.0,63.0,16500,安値圏
UNDER急増,,2026-08-07,09:12:41,5724,2450.0,24.4,5500,安値圏
UNDER急増,,2026-08-07,09:12:47,4412,1155.0,41.7,5500,安値圏
UNDER急増,,2026-08-07,09:13:45,7352,346.0,77.2,59000,安値圏
UNDER急増,,2026-08-07,09:14:22,5590,689.0,81.9,28000,安値圏
UNDER急増,,2026-08-07,09:14:56,5026,565.0,51.4,12600,安値圏
UNDER急増,,2026-08-07,09:15:02,7375,1124.0,31.9,5800,安値圏
UNDER急増,,2026-08-07,09:16:31,9256,1304.0,20.8,11600,安値圏
UNDER急増,,2026-08-07,09:17:52,5590,682.0,73.3,26300,安値圏
小口売り連続,WATCH,2026-08-07,09:19:06,5724,2431.0,5,,
UNDER急増,,2026-08-07,09:19:45,9235,499.0,105.9,34200,安値圏
UNDER急増,,2026-08-07,09:20:49,5707,954.0,40.1,27000,安値圏
UNDER急増,,2026-08-07,09:21:31,3963,343.0,157.3,34300,安値圏
UNDER急増,,2026-08-07,09:26:44,7352,348.0,75.6,58300,安値圏
小口売り連続,WATCH,2026-08-07,09:28:01,6433,990.0,5,,
UNDER急増,,2026-08-07,09:31:16,6433,988.0,31.2,10000,安値圏
小口売り連続,WATCH,2026-08-07,09:32:20,5707,957.0,5,,
UNDER急増,,2026-08-07,09:37:35,9130,1448.0,22.0,7800,安値圏
小口売り連続,WATCH,2026-08-07,09:46:28,3963,340.0,5,,
小口売り連続,WATCH,2026-08-07,09:49:13,6217,730.0,5,,
UNDER急増,,2026-08-07,09:49:35,5707,954.0,40.0,26900,安値圏
UNDER急増,,2026-08-07,09:50:19,7794,860.0,34.7,25600,安値圏
小口売り連続,WATCH,2026-08-07,09:50:42,1514,606.0,5,,
UNDER急増,,2026-08-07,09:53:17,3444,960.0,50.7,14300,安値圏
小口売り連続,WATCH,2026-08-07,10:02:13,5817,976.0,5,,
小口売り連続,WATCH,2026-08-07,10:05:28,4013,711.0,5,,
UNDER急増,,2026-08-07,10:11:56,3444,960.0,162.8,70000,安値圏
UNDER急増,,2026-08-07,10:14:24,5599,1093.0,36.8,8600,安値圏
小口売り連続,WATCH,2026-08-07,10:20:29,4418,768.0,5,,
小口売り連続,WATCH,2026-08-07,10:21:15,5591,803.0,5,,
小口売り連続,WATCH,2026-08-07,10:23:54,4013,712.0,5,,
UNDER急増,,2026-08-07,10:26:23,6217,732.0,41.9,14300,安値圏
UNDER急増,,2026-08-07,10:28:59,7794,857.0,33.6,25600,安値圏
UNDER急増,,2026-08-07,10:31:09,7794,856.0,34.5,25600,安値圏
UNDER急増,,2026-08-07,10:34:06,4813,400.0,53.5,76800,安値圏
小口売り連続,WATCH,2026-08-07,10:34:06,9130,1453.0,5,,
小口売り連続,WATCH,2026-08-07,10:34:36,5597,1266.0,5,,
小口売り連続,WATCH,2026-08-07,10:37:05,4412,1137.0,5,,
小口売り連続,WATCH,2026-08-07,10:37:14,4840,532.0,5,,
UNDER急増,,2026-08-07,10:39:30,9235,497.0,110.0,34100,安値圏
UNDER急増,,2026-08-07,10:40:07,9130,1441.0,23.8,8000,安値圏
UNDER急増,,2026-08-07,10:41:10,9130,1439.0,21.1,7200,安値圏
UNDER急増,,2026-08-07,10:41:23,3444,944.0,141.8,60000,安値圏
UNDER急増,,2026-08-07,10:41:59,6217,727.0,38.2,12800,安値圏
小口売り連続,WATCH,2026-08-07,10:44:22,5597,1254.0,5,,
小口売り連続,WATCH,2026-08-07,10:46:22,4446,804.0,5,,
UNDER急増,,2026-08-07,10:47:25,7794,843.0,34.9,25000,安値圏
小口売り連続,WATCH,2026-08-07,10:48:19,4013,709.0,5,,
小口売り連続,WATCH,2026-08-07,10:52:01,4422,535.0,5,,
小口売り連続,WATCH,2026-08-07,10:57:12,5707,942.0,5,,
UNDER急増,,2026-08-07,11:01:26,3444,943.0,46.6,20000,安値圏
小口売り連続,WATCH,2026-08-07,11:01:53,4011,2010.0,5,,
UNDER急増,,2026-08-07,11:08:39,4418,768.0,54.4,18700,安値圏
UNDER急増,,2026-08-07,11:10:35,3444,946.0,108.9,50000,安値圏
UNDER急増,,2026-08-07,12:13:20,4418,769.0,157.1,1100,安値圏
UNDER急増,,2026-08-07,12:14:51,4418,769.0,75.0,600,安値圏
UNDER急増,,2026-08-07,12:17:00,4418,769.0,257.9,4900,安値圏
UNDER急増,,2026-08-07,12:23:35,4418,769.0,20.9,1400,安値圏
UNDER急増,,2026-08-07,12:25:16,4418,769.0,34.5,2900,安値圏
UNDER急増,,2026-08-07,12:26:14,3963,341.0,64.0,7300,安値圏
UNDER急増,,2026-08-07,12:29:43,4422,539.0,33.1,4100,安値圏
小口売り連続,WATCH,2026-08-07,12:30:57,5724,2424.0,5,,
UNDER急増,,2026-08-07,12:31:03,9130,1433.0,23.3,7700,安値圏
UNDER急増,,2026-08-07,12:31:04,7352,348.0,77.8,60200,安値圏
UNDER急増,,2026-08-07,12:31:11,4395,676.0,47.3,16500,安値圏
小口売り連続,WATCH,2026-08-07,12:32:30,4165,586.0,5,,
UNDER急増,,2026-08-07,12:32:37,4418,760.0,54.2,21300,安値圏
UNDER急増,,2026-08-07,12:32:37,5599,1072.0,30.8,6900,安値圏
UNDER急増,,2026-08-07,12:38:34,4011,2017.0,31.1,5700,安値圏
UNDER急増,,2026-08-07,12:38:55,4075,835.0,38.7,4100,安値圏
小口売り連続,WATCH,2026-08-07,12:40:31,3692,5180.0,5,,
小口売り連続,WATCH,2026-08-07,12:40:31,4165,582.0,5,,
UNDER急増,,2026-08-07,12:40:42,9115,862.0,74.0,13400,安値圏
小口売り連続,WATCH,2026-08-07,12:41:08,4813,379.0,5,,
UNDER急増,,2026-08-07,12:41:27,4412,1134.0,46.3,6300,安値圏
小口売り連続,WATCH,2026-08-07,12:42:45,9256,1329.0,5,,
UNDER急増,,2026-08-07,12:43:15,5132,1840.0,129.9,11300,安値圏
UNDER急増,,2026-08-07,12:45:24,9235,497.0,127.0,35800,安値圏
小口売り連続,WATCH,2026-08-07,12:45:46,5132,1841.0,5,,
UNDER急増,,2026-08-07,12:50:55,5591,795.0,52.5,5200,安値圏
小口売り連続,WATCH,2026-08-07,13:08:54,2998,489.0,5,,
UNDER急増,,2026-08-07,13:19:30,6433,993.0,36.5,12600,安値圏
小口売り連続,WATCH,2026-08-07,13:30:32,4165,582.0,5,,
小口売り連続,WATCH,2026-08-07,13:31:06,4418,757.0,5,,
小口売り連続,STRONG,2026-08-07,13:39:28,4165,581.0,10,,
UNDER急増,,2026-08-07,13:52:59,4813,371.0,40.3,45000,安値圏
UNDER急増,,2026-08-07,13:54:28,4813,371.0,40.3,45000,安値圏
UNDER急増,,2026-08-07,13:55:43,4813,371.0,40.5,45200,安値圏
UNDER急増,,2026-08-07,13:57:07,4813,371.0,40.5,45200,安値圏
UNDER急増,,2026-08-07,13:58:19,4813,371.0,40.5,45200,安値圏
UNDER急増,,2026-08-07,13:59:24,4813,371.0,40.5,45200,安値圏
UNDER急増,,2026-08-07,14:01:07,4813,372.0,40.4,45200,安値圏
UNDER急増,,2026-08-07,14:02:50,6620,651.0,45.6,3100,安値圏
UNDER急増,,2026-08-07,14:05:50,6620,651.0,83.8,6200,安値圏
UNDER急増,,2026-08-07,14:07:17,6620,644.0,46.3,3100,安値圏
小口売り連続,WATCH,2026-08-07,14:09:54,5817,985.0,5,,
UNDER急増,,2026-08-07,14:11:23,6620,650.0,102.1,9700,安値圏
小口売り連続,WATCH,2026-08-07,14:13:55,6047,366.0,5,,
小口売り連続,WATCH,2026-08-07,14:20:17,4165,581.0,5,,
UNDER急増,,2026-08-07,14:22:01,4813,371.0,40.7,45500,安値圏
小口売り連続,WATCH,2026-08-07,14:22:45,5597,1274.0,5,,
小口売り連続,WATCH,2026-08-07,14:23:03,2998,498.0,5,,
UNDER急増,,2026-08-07,14:24:54,5026,563.0,121.1,20700,安値圏
UNDER急増,,2026-08-07,14:25:35,4813,371.0,40.0,44800,安値圏
小口売り連続,WATCH,2026-08-07,14:26:31,6047,366.0,5,,
UNDER急増,,2026-08-07,14:30:50,4813,371.0,40.1,44900,安値圏
小口売り連続,WATCH,2026-08-07,14:39:23,7375,1119.0,5,,
小口売り連続,WATCH,2026-08-07,14:40:07,6047,367.0,5,,
UNDER急増,,2026-08-07,14:40:22,6620,650.0,28.4,3100,安値圏
小口売り連続,WATCH,2026-08-07,14:40:25,5132,1854.0,5,,
小口売り連続,WATCH,2026-08-07,14:47:01,5026,562.0,5,,
小口売り連続,WATCH,2026-08-07,14:51:25,4165,581.0,5,,
小口売り連続,WATCH,2026-08-07,15:15:06,3653,674.0,5,,
小口売り連続,WATCH,2026-08-07,15:16:13,6433,935.0,5,,
UNDER急増,,2026-08-07,15:21:20,5892,2191.0,28.7,6000,安値圏
UNDER急増,,2026-08-07,15:26:03,7373,913.0,48.3,5600,安値圏
UNDER急増,,2026-08-10,09:01:00,6228,509.0,86.6,23300,安値圏
UNDER急増,,2026-08-10,09:01:28,7794,861.0,33.6,26300,安値圏
UNDER急増,,2026-08-10,09:01:42,6620,666.0,113.3,31600,安値圏
UNDER急増,,2026-08-10,09:01:43,5892,2173.0,37.1,6200,安値圏
UNDER急増,,2026-08-10,09:01:45,4165,590.0,37.4,43700,安値圏
UNDER急増,,2026-08-10,09:02:06,9130,1464.0,27.0,8900,安値圏
UNDER急増,,2026-08-10,09:02:30,7794,866.0,31.4,26300,安値圏
UNDER急増,,2026-08-10,09:02:49,4840,545.0,85.7,12600,安値圏
UNDER急増,,2026-08-10,09:02:51,5729,1665.0,25.0,6500,安値圏
UNDER急増,,2026-08-10,09:02:54,9235,496.0,133.3,33600,安値圏
UNDER急増,,2026-08-10,09:03:40,6620,660.0,128.7,31400,安値圏
UNDER急増,,2026-08-10,09:04:47,4422,553.0,224.7,19100,安値圏
UNDER急増,,2026-08-10,09:05:06,3963,358.0,197.7,34800,安値圏
UNDER急増,,2026-08-10,09:05:25,4075,870.0,40.7,3300,安値圏
小口売り連続,WATCH,2026-08-10,09:05:28,1514,593.0,5,,
UNDER急増,,2026-08-10,09:05:50,4422,557.0,129.4,17600,安値圏
UNDER急増,,2026-08-10,09:06:02,6433,903.0,25.6,7400,安値圏
UNDER急増,,2026-08-10,09:06:05,9256,1210.0,25.0,4500,安値圏
UNDER急増,,2026-08-10,09:07:34,9115,861.0,53.3,12000,安値圏
UNDER急増,,2026-08-10,09:08:59,4013,723.0,98.3,17300,安値圏
UNDER急増,,2026-08-10,09:09:02,4570,999.0,30.2,7900,安値圏
UNDER急増,,2026-08-10,09:09:36,9235,499.0,120.0,33600,安値圏
UNDER急増,,2026-08-10,09:10:34,4395,672.0,58.3,15500,安値圏
UNDER急増,,2026-08-10,09:11:31,4412,1139.0,43.8,6700,安値圏
UNDER急増,,2026-08-10,09:13:25,4422,556.0,24.3,2600,安値圏
UNDER急増,,2026-08-10,09:13:28,6620,665.0,126.1,33800,安値圏
小口売り連続,WATCH,2026-08-10,09:13:35,3444,982.0,5,,
UNDER急増,,2026-08-10,09:15:07,6620,665.0,119.4,32600,安値圏
小口売り連続,WATCH,2026-08-10,09:15:57,5817,1037.0,5,,
小口売り連続,WATCH,2026-08-10,09:16:10,6217,757.0,5,,
UNDER急増,,2026-08-10,09:16:59,5817,1041.0,36.2,10800,安値圏
UNDER急増,,2026-08-10,09:17:09,5026,565.0,67.7,14700,安値圏
UNDER急増,,2026-08-10,09:17:15,4422,554.0,147.3,19000,安値圏
小口売り連続,WATCH,2026-08-10,09:18:38,1514,601.0,5,,
UNDER急増,,2026-08-10,09:19:59,4575,750.0,78.4,29000,安値圏
UNDER急増,,2026-08-10,09:22:54,4446,804.0,134.7,32600,安値圏
UNDER急増,,2026-08-10,09:23:34,9130,1478.0,21.6,6600,安値圏
UNDER急増,,2026-08-10,09:29:33,6620,660.0,113.5,32000,安値圏
UNDER急増,,2026-08-10,09:30:15,3444,984.0,132.2,60000,安値圏
UNDER急増,,2026-08-10,09:31:04,7375,1150.0,29.3,5800,安値圏
UNDER急増,,2026-08-10,09:32:12,7375,1150.0,33.3,6400,安値圏
UNDER急増,,2026-08-10,09:34:39,5597,1244.0,27.9,6300,安値圏
UNDER急増,,2026-08-10,09:35:21,6620,656.0,132.6,31700,安値圏
UNDER急増,,2026-08-10,09:40:12,7373,920.0,41.9,25300,安値圏
UNDER急増,,2026-08-10,09:40:26,9235,498.0,104.7,33600,安値圏
小口売り連続,WATCH,2026-08-10,09:42:49,9256,1228.0,5,,
小口売り連続,WATCH,2026-08-10,09:43:24,6433,949.0,5,,
UNDER急増,,2026-08-10,09:47:27,4575,745.0,85.5,30000,安値圏
UNDER急増,,2026-08-10,09:49:03,9130,1473.0,26.4,7500,安値圏
小口売り連続,WATCH,2026-08-10,09:50:00,5591,795.0,5,,
小口売り連続,WATCH,2026-08-10,09:52:50,9256,1223.0,5,,
UNDER急増,,2026-08-10,09:58:14,3444,981.0,43.2,20000,安値圏
UNDER急増,,2026-08-10,09:59:47,4840,543.0,94.3,13300,安値圏
小口売り連続,WATCH,2026-08-10,10:00:02,5724,2627.0,5,,
小口売り連続,WATCH,2026-08-10,10:01:39,4570,1008.0,5,,
小口売り連続,WATCH,2026-08-10,10:04:28,4570,1003.0,5,,
小口売り連続,WATCH,2026-08-10,10:08:39,4422,554.0,5,,
UNDER急増,,2026-08-10,10:14:49,5817,1036.0,35.0,10900,安値圏
UNDER急増,,2026-08-10,10:17:03,5026,569.0,49.3,14000,安値圏
小口売り連続,WATCH,2026-08-10,10:30:13,5707,980.0,5,,
小口売り連続,WATCH,2026-08-10,10:55:11,9256,1267.0,5,,
小口売り連続,WATCH,2026-08-10,11:01:07,4813,440.0,5,,
小口売り連続,WATCH,2026-08-10,11:03:11,4894,5380.0,5,,
小口売り連続,WATCH,2026-08-10,11:25:01,9130,1480.0,5,,
小口売り連続,WATCH,2026-08-10,11:25:55,9256,1283.0,5,,
UNDER急増,,2026-08-10,12:25:37,4446,805.0,20.3,2500,安値圏
小口売り連続,WATCH,2026-08-10,12:30:04,5597,1278.0,5,,
UNDER急増,,2026-08-10,12:33:49,5026,569.0,110.2,19500,安値圏
小口売り連続,WATCH,2026-08-10,12:42:57,5724,2685.0,5,,
小口売り連続,WATCH,2026-08-10,12:48:11,5724,2657.0,5,,
小口売り連続,WATCH,2026-08-10,12:49:11,9256,1278.0,5,,
小口売り連続,WATCH,2026-08-10,12:50:06,4894,5400.0,5,,
UNDER急増,,2026-08-10,12:50:52,3444,986.0,129.8,60100,安値圏
小口売り連続,WATCH,2026-08-10,12:53:51,5597,1270.0,5,,
小口売り連続,WATCH,2026-08-10,13:07:54,1514,618.0,5,,
UNDER急増,,2026-08-10,13:14:17,4570,998.0,37.4,16200,安値圏
小口売り連続,WATCH,2026-08-10,13:23:43,4813,435.0,5,,
小口売り連続,WATCH,2026-08-10,13:40:16,5707,986.0,5,,
小口売り連続,WATCH,2026-08-10,13:55:21,3692,5370.0,5,,
小口売り連続,WATCH,2026-08-10,13:56:53,5707,987.0,5,,
UNDER急増,,2026-08-10,13:59:53,3444,987.0,96.4,64000,安値圏
小口売り連続,WATCH,2026-08-10,14:05:37,2998,498.0,5,,
小口売り連続,WATCH,2026-08-10,14:26:04,4813,431.0,5,,
小口売り連続,STRONG,2026-08-10,14:27:22,4813,431.0,10,,
小口売り連続,WATCH,2026-08-10,14:47:19,4395,683.0,5,,
UNDER急増,,2026-08-10,14:48:17,3444,987.0,30.8,21600,安値圏
小口売り連続,WATCH,2026-08-10,15:00:55,5724,2695.0,5,,
UNDER急増,,2026-08-10,15:03:12,4570,999.0,38.2,16200,安値圏
小口売り連続,WATCH,2026-08-10,15:05:20,4813,429.0,5,,
UNDER急増,,2026-08-10,15:09:28,4570,999.0,36.6,15900,安値圏
UNDER急増,,2026-08-10,15:16:12,4570,997.0,42.2,16200,安値圏
小口売り連続,WATCH,2026-08-10,15:17:48,9130,1463.0,5,,
小口売り連続,WATCH,2026-08-10,15:17:56,5724,2730.0,5,,
UNDER急増,,2026-08-10,15:18:04,3444,986.0,44.0,19900,安値圏
小口売り連続,STRONG,2026-08-10,15:18:20,5724,2708.0,10,,
小口売り連続,WATCH,2026-08-10,15:23:34,5707,1008.0,5,,
小口売り連続,WATCH,2026-08-10,15:23:58,4013,723.0,5,,
UNDER急増,,2026-08-10,15:25:03,4013,722.0,38.0,2700,安値圏
UNDER急増,,2026-08-12,09:01:12,4393,4940.0,26.5,4800,安値圏
UNDER急増,,2026-08-12,09:01:19,7794,897.0,33.5,27700,安値圏
UNDER急増,,2026-08-12,09:01:22,3692,5370.0,24.5,4800,安値圏
UNDER急増,,2026-08-12,09:01:29,1514,621.0,26.8,41800,安値圏
UNDER急増,,2026-08-12,09:01:32,4579,517.0,137.1,45800,安値圏
UNDER急増,,2026-08-12,09:01:42,4011,2058.0,26.2,5300,安値圏
UNDER急増,,2026-08-12,09:01:43,5817,1004.0,40.9,10600,安値圏
UNDER急増,,2026-08-12,09:01:46,4888,318.0,49.8,82200,安値圏
UNDER急増,,2026-08-12,09:01:47,6433,941.0,32.6,10300,安値圏
UNDER急増,,2026-08-12,09:01:56,4422,555.0,126.0,18400,安値圏
UNDER急増,,2026-08-12,09:02:10,9130,1470.0,21.2,5500,安値圏
UNDER急増,,2026-08-12,09:02:19,7794,897.0,31.2,27000,安値圏
UNDER急増,,2026-08-12,09:02:30,5724,2668.0,25.0,5700,安値圏
UNDER急増,,2026-08-12,09:02:38,9556,1913.0,88.1,5900,安値圏
UNDER急増,,2026-08-12,09:02:48,6433,932.0,29.5,10200,安値圏
UNDER急増,,2026-08-12,09:03:02,6228,498.0,49.0,23900,安値圏
UNDER急増,,2026-08-12,09:03:02,4013,711.0,136.2,19200,安値圏
UNDER急増,,2026-08-12,09:03:31,5724,2676.0,21.7,5300,安値圏
UNDER急増,,2026-08-12,09:03:37,4575,748.0,101.0,29700,安値圏
UNDER急増,,2026-08-12,09:04:02,4013,711.0,95.5,16900,安値圏
UNDER急増,,2026-08-12,09:06:11,4840,562.0,149.5,14200,安値圏
小口売り連続,WATCH,2026-08-12,09:07:31,9256,1352.0,5,,
小口売り連続,WATCH,2026-08-12,09:07:43,5707,1030.0,5,,
小口売り連続,WATCH,2026-08-12,09:08:35,5724,2661.0,5,,
UNDER急増,,2026-08-12,09:09:11,5026,570.0,85.7,18000,安値圏
小口売り連続,WATCH,2026-08-12,09:09:19,5724,2631.0,5,,
UNDER急増,,2026-08-12,09:10:03,6228,491.0,65.3,27500,安値圏
小口売り連続,WATCH,2026-08-12,09:10:15,5724,2624.0,5,,
UNDER急増,,2026-08-12,09:10:42,6620,660.0,106.4,31500,安値圏
UNDER急増,,2026-08-12,09:11:44,3267,629.0,24.5,10200,安値圏
UNDER急増,,2026-08-12,09:12:21,9115,867.0,39.9,9500,安値圏
UNDER急増,,2026-08-12,09:12:37,4013,710.0,95.1,17600,安値圏
UNDER急増,,2026-08-12,09:15:20,7794,898.0,31.1,27000,安値圏
UNDER急増,,2026-08-12,09:16:17,4422,554.0,90.0,17100,安値圏
UNDER急増,,2026-08-12,09:16:45,4013,714.0,91.0,18300,安値圏
小口売り連続,WATCH,2026-08-12,09:17:36,5724,2626.0,5,,
小口売り連続,WATCH,2026-08-12,09:20:02,6433,941.0,5,,
小口売り連続,WATCH,2026-08-12,09:21:13,5132,1860.0,5,,
小口売り連続,WATCH,2026-08-12,09:24:03,6228,497.0,5,,
定期買い集め,STRONG,2026-08-12,09:27:27,4013,,12.2,44,
小口売り連続,WATCH,2026-08-12,09:28:33,2998,504.0,5,,
小口売り連続,WATCH,2026-08-12,09:33:01,5724,2632.0,5,,
UNDER急増,,2026-08-12,09:34:08,4894,5130.0,20.5,6300,安値圏
UNDER急増,,2026-08-12,09:34:08,5817,998.0,42.8,11900,安値圏
小口売り連続,WATCH,2026-08-12,09:34:32,5724,2618.0,5,,
小口売り連続,WATCH,2026-08-12,09:36:08,2998,505.0,5,,
定期買い集め,STRONG,2026-08-12,09:37:17,6580,,10.2,91,
小口売り連続,WATCH,2026-08-12,09:41:40,1514,619.0,5,,
小口売り連続,WATCH,2026-08-12,09:42:51,9256,1320.0,5,,
UNDER急増,,2026-08-12,09:47:07,4412,1147.0,45.2,7600,安値圏
小口売り連続,WATCH,2026-08-12,09:54:15,2998,507.0,5,,
小口売り連続,WATCH,2026-08-12,09:55:22,4894,5190.0,5,,
UNDER急増,,2026-08-12,10:01:23,5132,1852.0,38.3,5400,安値圏
小口売り連続,WATCH,2026-08-12,10:07:52,9256,1324.0,5,,
定期買い集め,WATCH,2026-08-12,10:14:18,4811,,5.0,55,
小口売り連続,WATCH,2026-08-12,10:16:27,4889,1165.0,5,,
UNDER急増,,2026-08-12,10:24:08,5597,1265.0,29.0,6300,安値圏
小口売り連続,WATCH,2026-08-12,10:40:47,4889,1135.0,5,,
UNDER急増,,2026-08-12,10:47:09,4575,745.0,103.5,29700,安値圏
小口売り連続,WATCH,2026-08-12,11:02:39,9130,1479.0,5,,
小口売り連続,WATCH,2026-08-12,11:05:30,4889,1111.0,5,,
小口売り連続,WATCH,2026-08-12,11:12:49,5892,2180.0,5,,
定期買い集め,WATCH,2026-08-12,11:18:56,9256,,5.0,127,
UNDER急増,,2026-08-12,12:05:16,9145,574.0,26.4,2300,安値圏
UNDER急増,,2026-08-12,12:26:36,3963,353.0,20.0,1800,安値圏
UNDER急増,,2026-08-12,12:31:28,4575,745.0,113.8,29600,安値圏
小口売り連続,WATCH,2026-08-12,12:40:57,7071,387.0,5,,
小口売り連続,WATCH,2026-08-12,12:45:12,2998,502.0,5,,
小口売り連続,WATCH,2026-08-12,12:49:47,5817,1009.0,5,,
小口売り連続,WATCH,2026-08-12,12:50:01,9256,1323.0,5,,
小口売り連続,WATCH,2026-08-12,13:05:00,6580,747.0,5,,
小口売り連続,WATCH,2026-08-12,13:05:28,7373,957.0,5,,
小口売り連続,WATCH,2026-08-12,13:30:53,9256,1292.0,5,,
小口売り連続,WATCH,2026-08-12,13:44:25,4889,1163.0,5,,
小口売り連続,WATCH,2026-08-12,14:10:31,2998,501.0,5,,
小口売り連続,WATCH,2026-08-12,14:27:56,2998,502.0,5,,
小口売り連続,WATCH,2026-08-12,14:32:06,4889,1155.0,5,,
小口売り連続,STRONG,2026-08-12,14:32:45,2998,501.0,10,,
小口売り連続,WATCH,2026-08-12,14:33:02,5724,2699.0,5,,
小口売り連続,WATCH,2026-08-12,14:42:26,5707,1008.0,5,,
小口売り連続,WATCH,2026-08-12,14:45:04,4418,794.0,5,,
小口売り連続,WATCH,2026-08-12,14:48:06,6433,956.0,5,,
小口売り連続,WATCH,2026-08-12,14:51:44,4894,5200.0,5,,
小口売り連続,WATCH,2026-08-12,15:04:27,5132,1860.0,5,,
小口売り連続,WATCH,2026-08-12,15:09:18,7794,898.0,5,,
小口売り連続,WATCH,2026-08-12,15:15:40,5597,1269.0,5,,
小口売り連続,WATCH,2026-08-12,15:16:37,2998,501.0,5,,
定期買い集め,STRONG,2026-08-12,15:19:58,4811,,10.0,108,
小口売り連続,STRONG,2026-08-12,15:21:58,5597,1270.0,10,,
UNDER急増,,2026-08-12,15:22:04,5707,998.0,37.2,25700,安値圏
UNDER急増,,2026-08-12,15:24:05,5707,997.0,40.0,25300,安値圏
UNDER急増,,2026-08-13,09:01:30,7373,945.0,39.4,26700,安値圏
UNDER急増,,2026-08-13,09:01:34,5817,1023.0,38.0,10500,安値圏
UNDER急増,,2026-08-13,09:01:34,5892,2185.0,34.5,6100,安値圏
UNDER急増,,2026-08-13,09:01:44,4575,758.0,57.1,30000,安値圏
UNDER急増,,2026-08-13,09:01:45,1514,622.0,23.7,41100,安値圏
UNDER急増,,2026-08-13,09:01:45,9556,1991.0,39.2,6000,安値圏
UNDER急増,,2026-08-13,09:01:54,6217,808.0,197.1,40800,安値圏
UNDER急増,,2026-08-13,09:02:03,4570,1003.0,28.3,16100,安値圏
UNDER急増,,2026-08-13,09:02:11,3963,352.0,151.6,33200,安値圏
UNDER急増,,2026-08-13,09:02:22,6620,689.0,94.5,30800,安値圏
UNDER急増,,2026-08-13,09:02:35,4579,515.0,131.7,46100,安値圏
UNDER急増,,2026-08-13,09:02:35,5132,1861.0,31.3,5600,安値圏
UNDER急増,,2026-08-13,09:02:41,5892,2180.0,29.0,5600,安値圏
UNDER急増,,2026-08-13,09:02:50,7794,903.0,26.9,27300,安値圏
UNDER急増,,2026-08-13,09:03:01,4075,873.0,34.0,1700,安値圏
UNDER急増,,2026-08-13,09:03:11,4570,1002.0,26.7,16100,安値圏
UNDER急増,,2026-08-13,09:03:42,5892,2166.0,32.8,6100,安値圏
UNDER急増,,2026-08-13,09:04:05,4446,809.0,137.1,31400,安値圏
UNDER急増,,2026-08-13,09:05:13,9115,898.0,44.7,10200,安値圏
UNDER急増,,2026-08-13,09:05:35,7373,950.0,40.3,24600,安値圏
UNDER急増,,2026-08-13,09:06:05,4570,998.0,27.3,15400,安値圏
UNDER急増,,2026-08-13,09:06:15,5026,581.0,84.3,16600,安値圏
UNDER急増,,2026-08-13,09:06:39,7373,942.0,37.0,24600,安値圏
UNDER急増,,2026-08-13,09:08:02,9130,1488.0,34.3,8300,安値圏
UNDER急増,,2026-08-13,09:08:55,5026,581.0,91.1,17300,安値圏
小口売り連続,WATCH,2026-08-13,09:10:15,2998,503.0,5,,
UNDER急増,,2026-08-13,09:10:39,7794,897.0,29.7,27300,安値圏
小口売り連続,WATCH,2026-08-13,09:11:13,5707,1020.0,5,,
UNDER急増,,2026-08-13,09:11:30,5026,581.0,98.4,18000,安値圏
UNDER急増,,2026-08-13,09:14:01,5026,580.0,94.7,18000,安値圏
UNDER急増,,2026-08-13,09:14:05,9556,1973.0,32.7,5300,安値圏
定期買い集め,WATCH,2026-08-13,09:14:24,4013,,6.3,88,
UNDER急増,,2026-08-13,09:14:56,4570,994.0,34.2,16100,安値圏
小口売り連続,WATCH,2026-08-13,09:15:27,5724,2721.0,5,,
UNDER急増,,2026-08-13,09:15:56,4570,992.0,34.0,16100,安値圏
UNDER急増,,2026-08-13,09:16:08,4013,674.0,66.2,17600,安値圏
UNDER急増,,2026-08-13,09:16:27,9115,887.0,36.7,9500,安値圏
UNDER急増,,2026-08-13,09:18:09,4013,675.0,54.0,17500,安値圏
定期買い集め,STRONG,2026-08-13,09:24:14,6580,,12.6,48,
小口売り連続,WATCH,2026-08-13,09:24:15,7373,945.0,5,,
小口売り連続,WATCH,2026-08-13,09:26:16,2216,1102.0,5,,
小口売り連続,WATCH,2026-08-13,09:27:14,5707,1031.0,5,,
UNDER急増,,2026-08-13,09:27:14,4395,687.0,56.5,17300,安値圏
小口売り連続,WATCH,2026-08-13,09:29:47,1514,630.0,5,,
UNDER急増,,2026-08-13,09:29:55,4570,997.0,33.1,16100,安値圏
小口売り連続,WATCH,2026-08-13,09:30:16,6228,497.0,5,,
小口売り連続,WATCH,2026-08-13,09:30:47,3267,636.0,5,,
UNDER急増,,2026-08-13,09:31:21,4395,680.0,70.1,18300,安値圏
UNDER急増,,2026-08-13,09:32:50,6433,952.0,40.7,10900,安値圏
小口売り連続,WATCH,2026-08-13,09:34:29,7071,381.0,5,,
UNDER急増,,2026-08-13,09:38:11,5892,2146.0,21.2,4500,安値圏
UNDER急増,,2026-08-13,09:38:51,6228,496.0,52.6,23100,安値圏
定期買い集め,STRONG,2026-08-13,09:41:05,4013,,10.8,141,
小口売り連続,WATCH,2026-08-13,09:44:05,5599,999.0,5,,
小口売り連続,WATCH,2026-08-13,09:46:03,2998,501.0,5,,
UNDER急増,,2026-08-13,09:49:36,3963,345.0,223.9,35600,安値圏
小口売り連続,WATCH,2026-08-13,09:53:27,2998,500.0,5,,
小口売り連続,WATCH,2026-08-13,10:19:56,2998,502.0,5,,
UNDER急増,,2026-08-13,10:25:00,9115,891.0,39.5,10300,安値圏
小口売り連続,WATCH,2026-08-13,10:25:26,7373,935.0,5,,
UNDER急増,,2026-08-13,10:26:29,6217,805.0,37.6,13700,安値圏
UNDER急増,,2026-08-13,10:26:37,5026,575.0,88.0,18400,安値圏
小口売り連続,WATCH,2026-08-13,10:26:37,4889,1122.0,5,,
UNDER急増,,2026-08-13,10:27:33,6217,806.0,58.9,19900,安値圏
小口売り連続,WATCH,2026-08-13,10:27:42,4889,1123.0,5,,
UNDER急増,,2026-08-13,10:31:34,9130,1479.0,27.0,7600,安値圏
UNDER急増,,2026-08-13,10:35:19,4446,805.0,145.2,32100,安値圏
UNDER急増,,2026-08-13,10:37:21,6217,803.0,58.9,21200,安値圏
小口売り連続,WATCH,2026-08-13,10:38:12,2216,1099.0,5,,
小口売り連続,WATCH,2026-08-13,10:39:26,2998,501.0,5,,
UNDER急増,,2026-08-13,10:47:32,6217,805.0,57.8,20800,安値圏
小口売り連続,WATCH,2026-08-13,10:55:57,4889,1123.0,5,,
小口売り連続,WATCH,2026-08-13,11:02:36,2216,1099.0,5,,
小口売り連続,WATCH,2026-08-13,11:03:50,1514,634.0,5,,
小口売り連続,WATCH,2026-08-13,11:04:57,7373,939.0,5,,
小口売り連続,WATCH,2026-08-13,11:12:30,7373,937.0,5,,
小口売り連続,WATCH,2026-08-13,11:13:02,2998,500.0,5,,
小口売り連続,WATCH,2026-08-13,11:20:10,1514,635.0,5,,
UNDER急増,,2026-08-13,11:29:39,4811,815.0,20.3,1400,安値圏
小口売り連続,WATCH,2026-08-13,12:30:01,5597,1258.0,5,,
小口売り連続,WATCH,2026-08-13,12:33:51,2998,496.0,5,,
UNDER急増,,2026-08-13,12:37:30,5707,1003.0,34.4,26500,安値圏
小口売り連続,WATCH,2026-08-13,12:40:45,2998,494.0,5,,
小口売り連続,STRONG,2026-08-13,12:42:22,2998,494.0,10,,
UNDER急増,,2026-08-13,12:45:57,5707,1002.0,33.2,26300,安値圏
小口売り連続,WATCH,2026-08-13,12:55:05,2998,495.0,5,,
小口売り連続,STRONG,2026-08-13,12:58:34,2998,495.0,10,,
小口売り連続,WATCH,2026-08-13,13:04:10,1514,638.0,5,,
小口売り連続,WATCH,2026-08-13,13:04:38,4263,529.0,5,,
小口売り連続,WATCH,2026-08-13,13:08:28,1514,636.0,5,,
小口売り連続,STRONG,2026-08-13,13:12:49,1514,636.0,10,,
UNDER急増,,2026-08-13,13:17:11,4811,814.0,21.2,1400,安値圏
小口売り連続,WATCH,2026-08-13,13:28:38,2998,495.0,5,,
小口売り連続,STRONG,2026-08-13,13:34:14,2998,495.0,10,,
小口売り連続,WATCH,2026-08-13,13:39:11,5817,1016.0,5,,
小口売り連続,WATCH,2026-08-13,13:43:37,1514,637.0,5,,
小口売り連続,STRONG,2026-08-13,13:46:31,1514,637.0,10,,
小口売り連続,WATCH,2026-08-13,13:47:26,4412,1152.0,5,,
小口売り連続,WATCH,2026-08-13,13:52:22,1514,636.0,5,,
小口売り連続,STRONG,2026-08-13,13:57:53,1514,636.0,10,,
小口売り連続,WATCH,2026-08-13,14:00:29,3963,354.0,5,,
小口売り連続,WATCH,2026-08-13,14:01:02,5707,1026.0,5,,
小口売り連続,WATCH,2026-08-13,14:10:30,2998,494.0,5,,
小口売り連続,STRONG,2026-08-13,14:16:31,2998,494.0,10,,
UNDER急増,,2026-08-13,14:17:22,5729,1737.0,20.8,6000,安値圏
UNDER急増,,2026-08-13,14:17:23,5817,1013.0,32.0,10500,安値圏
UNDER急増,,2026-08-13,14:17:31,4011,2099.0,24.6,5700,安値圏
UNDER急増,,2026-08-13,14:17:33,5026,576.0,66.5,17300,安値圏
UNDER急増,,2026-08-13,14:17:37,2998,494.0,48.9,37100,安値圏
UNDER急増,,2026-08-13,14:17:39,6217,801.0,58.3,13000,安値圏
UNDER急増,,2026-08-13,14:17:43,4013,672.0,64.3,17500,安値圏
UNDER急増,,2026-08-13,14:17:45,4888,325.0,43.6,80300,安値圏
UNDER急増,,2026-08-13,14:18:29,4579,515.0,136.8,46800,安値圏
UNDER急増,,2026-08-13,14:19:11,9556,1975.0,30.8,5300,安値圏
UNDER急増,,2026-08-13,14:20:26,4412,1160.0,36.3,6900,安値圏
UNDER急増,,2026-08-13,14:22:14,4446,805.0,149.3,32100,安値圏
小口売り連続,WATCH,2026-08-13,14:23:44,4889,1182.0,5,,
小口売り連続,WATCH,2026-08-13,14:23:49,2998,494.0,5,,
小口売り連続,STRONG,2026-08-13,14:25:11,2998,494.0,10,,
小口売り連続,WATCH,2026-08-13,14:33:29,4570,1045.0,5,,
小口売り連続,WATCH,2026-08-13,14:41:09,5591,790.0,5,,
小口売り連続,WATCH,2026-08-13,14:42:48,6433,976.0,5,,
小口売り連続,WATCH,2026-08-13,14:47:37,5132,1901.0,5,,
小口売り連続,WATCH,2026-08-13,14:50:13,5707,1026.0,5,,
小口売り連続,WATCH,2026-08-13,14:54:24,7794,911.0,5,,
小口売り連続,STRONG,2026-08-13,15:00:03,5591,787.0,10,,
UNDER急増,,2026-08-13,15:02:02,6217,798.0,35.4,12000,安値圏
小口売り連続,WATCH,2026-08-13,15:17:13,4889,1173.0,5,,
小口売り連続,WATCH,2026-08-13,15:23:55,2216,1098.0,5,,
小口売り連続,WATCH,2026-08-13,15:24:20,5597,1259.0,5,,
小口売り連続,WATCH,2026-08-13,15:24:49,4393,5070.0,5,,
UNDER急増,,2026-08-14,09:01:22,2998,480.0,95.2,37300,安値圏
UNDER急増,,2026-08-14,09:01:30,7794,915.0,32.5,32200,安値圏
UNDER急増,,2026-08-14,09:01:36,7071,385.0,47.7,67300,安値圏
UNDER急増,,2026-08-14,09:01:42,9115,913.0,36.1,6000,安値圏
UNDER急増,,2026-08-14,09:02:03,9130,1489.0,27.5,7500,安値圏
UNDER急増,,2026-08-14,09:03:15,5597,1250.0,42.3,6300,安値圏
UNDER急増,,2026-08-14,09:04:02,9115,896.0,45.6,10400,安値圏
UNDER急増,,2026-08-14,09:04:06,6433,967.0,27.7,9100,安値圏
小口売り連続,WATCH,2026-08-14,09:04:37,7794,921.0,5,,
UNDER急増,,2026-08-14,09:05:38,4263,531.0,26.4,22300,安値圏
UNDER急増,,2026-08-14,09:06:14,9130,1500.0,26.4,7500,安値圏
UNDER急増,,2026-08-14,09:06:36,4011,2071.0,25.9,5700,安値圏
UNDER急増,,2026-08-14,09:07:09,9115,895.0,30.8,9200,安値圏
UNDER急増,,2026-08-14,09:07:52,4395,685.0,64.3,18200,安値圏
小口売り連続,WATCH,2026-08-14,09:08:45,1514,637.0,5,,
UNDER急増,,2026-08-14,09:10:01,4840,539.0,56.3,13800,安値圏
UNDER急増,,2026-08-14,09:11:23,4840,539.0,50.8,13200,安値圏
小口売り連続,WATCH,2026-08-14,09:12:35,4011,2064.0,5,,
UNDER急増,,2026-08-14,09:13:11,4446,808.0,159.2,32000,安値圏
定期買い集め,STRONG,2026-08-14,09:13:20,6580,,26.9,72,
UNDER急増,,2026-08-14,09:15:03,9130,1490.0,22.2,6100,安値圏
UNDER急増,,2026-08-14,09:15:55,5597,1240.0,43.4,6600,安値圏
小口売り連続,WATCH,2026-08-14,09:17:16,4894,5230.0,5,,
UNDER急増,,2026-08-14,09:18:57,5026,575.0,75.3,17100,安値圏
小口売り連続,WATCH,2026-08-14,09:22:56,6217,836.0,5,,
UNDER急増,,2026-08-14,09:30:57,7373,955.0,31.8,24600,安値圏
UNDER急増,,2026-08-14,09:31:12,4840,539.0,72.2,18200,安値圏
UNDER急増,,2026-08-14,09:32:05,7373,956.0,33.7,25300,安値圏
小口売り連続,WATCH,2026-08-14,09:32:26,2998,489.0,5,,
小口売り連続,WATCH,2026-08-14,09:35:31,3692,4705.0,5,,
小口売り連続,WATCH,2026-08-14,09:39:15,7373,961.0,5,,
定期買い集め,STRONG,2026-08-14,09:39:20,4013,,14.5,29,
小口売り連続,WATCH,2026-08-14,09:44:58,7794,949.0,5,,
小口売り連続,WATCH,2026-08-14,09:45:05,1514,648.0,5,,
UNDER急増,,2026-08-14,09:45:21,5729,1765.0,23.5,6000,安値圏
小口売り連続,WATCH,2026-08-14,09:50:18,4888,342.0,5,,
小口売り連続,WATCH,2026-08-14,09:53:50,4570,1028.0,5,,
小口売り連続,WATCH,2026-08-14,09:59:50,1514,653.0,5,,
小口売り連続,WATCH,2026-08-14,10:01:26,7794,946.0,5,,
小口売り連続,WATCH,2026-08-14,10:11:52,4422,580.0,5,,
小口売り連続,WATCH,2026-08-14,10:12:24,7373,978.0,5,,
小口売り連続,WATCH,2026-08-14,10:13:22,4894,5360.0,5,,
小口売り連続,WATCH,2026-08-14,10:15:01,4889,1189.0,5,,
小口売り連続,STRONG,2026-08-14,10:15:18,4894,5340.0,10,,
小口売り連続,WATCH,2026-08-14,10:16:34,6217,832.0,5,,
UNDER急増,,2026-08-14,10:19:12,6228,501.0,83.8,24300,安値圏
小口売り連続,WATCH,2026-08-14,10:19:39,1514,656.0,5,,
小口売り連続,WATCH,2026-08-14,10:26:39,3692,4680.0,5,,
小口売り連続,WATCH,2026-08-14,10:27:19,9256,1163.0,5,,
小口売り連続,WATCH,2026-08-14,10:28:25,3692,4675.0,5,,
小口売り連続,WATCH,2026-08-14,10:31:08,5707,1115.0,5,,
小口売り連続,WATCH,2026-08-14,10:31:30,4889,1188.0,5,,
小口売り連続,WATCH,2026-08-14,10:41:09,2998,494.0,5,,
UNDER急増,,2026-08-14,10:44:06,9145,567.0,20.3,2400,安値圏
小口売り連続,WATCH,2026-08-14,10:49:51,3692,4770.0,5,,
小口売り連続,WATCH,2026-08-14,10:56:23,7034,372.0,5,,
小口売り連続,WATCH,2026-08-14,10:57:10,5892,2402.0,5,,
小口売り連続,WATCH,2026-08-14,11:01:30,2998,493.0,5,,
UNDER急増,,2026-08-14,11:03:11,9145,565.0,20.2,2400,安値圏
小口売り連続,WATCH,2026-08-14,11:11:21,5707,1106.0,5,,
小口売り連続,WATCH,2026-08-14,11:14:27,4894,5470.0,5,,
小口売り連続,WATCH,2026-08-14,11:17:23,2998,492.0,5,,
小口売り連続,STRONG,2026-08-14,11:21:01,2998,492.0,10,,
小口売り連続,WATCH,2026-08-14,11:23:17,6217,835.0,5,,
UNDER急増,,2026-08-14,11:27:04,9145,566.0,21.7,2600,安値圏
UNDER急増,,2026-08-14,12:25:59,3963,358.0,21.3,2700,安値圏
小口売り連続,WATCH,2026-08-14,12:30:01,5132,2022.0,5,,
UNDER急増,,2026-08-14,12:31:05,4013,671.0,71.7,18200,安値圏
小口売り連続,WATCH,2026-08-14,12:32:01,2998,497.0,5,,
UNDER急増,,2026-08-14,12:32:05,9145,566.0,42.2,3500,安値圏
小口売り連続,WATCH,2026-08-14,12:32:48,9115,913.0,5,,
小口売り連続,WATCH,2026-08-14,12:35:53,6217,827.0,5,,
小口売り連続,WATCH,2026-08-14,12:37:03,2998,496.0,5,,
小口売り連続,WATCH,2026-08-14,12:48:20,2998,496.0,5,,
小口売り連続,STRONG,2026-08-14,12:50:52,2998,496.0,10,,
小口売り連続,WATCH,2026-08-14,12:53:38,3692,4710.0,5,,
小口売り連続,WATCH,2026-08-14,12:54:10,3963,358.0,5,,
小口売り連続,WATCH,2026-08-14,12:58:11,2998,495.0,5,,
小口売り連続,WATCH,2026-08-14,13:05:34,5707,1077.0,5,,
定期買い集め,STRONG,2026-08-14,13:11:57,5026,,12.1,33,
小口売り連続,WATCH,2026-08-14,13:14:37,4894,5350.0,5,,
小口売り連続,WATCH,2026-08-14,13:15:23,5729,1741.0,5,,
UNDER急増,,2026-08-14,13:30:41,4579,512.0,27.8,10000,安値圏
小口売り連続,WATCH,2026-08-14,13:32:50,4889,1201.0,5,,
小口売り連続,WATCH,2026-08-14,13:33:26,3963,358.0,5,,
小口売り連続,WATCH,2026-08-14,13:39:06,6217,818.0,5,,
UNDER急増,,2026-08-14,13:48:32,9145,567.0,20.5,2500,安値圏
小口売り連続,WATCH,2026-08-14,13:49:49,1514,648.0,5,,
UNDER急増,,2026-08-14,13:50:17,9145,567.0,20.5,2500,安値圏
UNDER急増,,2026-08-14,13:58:21,9145,560.0,20.8,2500,安値圏
UNDER急増,,2026-08-14,14:02:22,9145,536.0,24.4,2000,安値圏
小口売り連続,WATCH,2026-08-14,14:03:01,3692,4730.0,5,,
小口売り連続,WATCH,2026-08-14,14:06:29,3963,359.0,5,,
UNDER急増,,2026-08-14,14:21:25,6228,499.0,82.1,22900,安値圏
小口売り連続,WATCH,2026-08-14,14:27:16,4579,513.0,5,,
小口売り連続,WATCH,2026-08-14,14:35:10,5599,999.0,5,,
小口売り連続,WATCH,2026-08-14,15:01:06,2998,516.0,5,,
小口売り連続,WATCH,2026-08-14,15:10:05,5724,3000.0,5,,
小口売り連続,STRONG,2026-08-14,15:13:12,5724,2990.0,10,,
小口売り連続,WATCH,2026-08-14,15:14:31,9256,1160.0,5,,
小口売り連続,WATCH,2026-08-14,15:24:09,2998,500.0,5,,
UNDER急増,,2026-08-17,09:01:33,7794,944.0,25.8,25900,安値圏
UNDER急増,,2026-08-17,09:01:43,9556,2074.0,37.4,5500,安値圏
UNDER急増,,2026-08-17,09:01:47,3449,4085.0,20.1,7000,安値圏
UNDER急増,,2026-08-17,09:02:02,4422,589.0,94.2,16200,安値圏
UNDER急増,,2026-08-17,09:02:33,5590,680.0,61.4,26600,安値圏
UNDER急増,,2026-08-17,09:02:38,5597,1264.0,32.1,6100,安値圏
UNDER急増,,2026-08-17,09:03:09,5599,987.0,25.5,6400,安値圏
UNDER急増,,2026-08-17,09:03:35,7794,950.0,22.5,24100,安値圏
UNDER急増,,2026-08-17,09:03:37,5590,685.0,57.8,27300,安値圏
UNDER急増,,2026-08-17,09:04:36,7794,945.0,25.5,26600,安値圏
UNDER急増,,2026-08-17,09:05:36,7794,935.0,27.5,25900,安値圏
UNDER急増,,2026-08-17,09:07:02,2998,478.0,28.4,38500,安値圏
定期買い集め,WATCH,2026-08-17,09:07:13,5590,,6.0,23,
UNDER急増,,2026-08-17,09:07:54,7794,944.0,23.0,24900,安値圏
UNDER急増,,2026-08-17,09:08:04,2998,480.0,28.7,38500,安値圏
小口売り連続,WATCH,2026-08-17,09:08:20,3930,739.0,5,,
小口売り連続,WATCH,2026-08-17,09:10:34,1885,2234.0,5,,
UNDER急増,,2026-08-17,09:11:49,5132,2000.0,36.5,5700,安値圏
UNDER急増,,2026-08-17,09:13:24,5590,685.0,61.6,28200,安値圏
UNDER急増,,2026-08-17,09:14:41,4888,337.0,60.7,86300,安値圏
UNDER急増,,2026-08-17,09:15:12,4418,937.0,55.6,37500,安値圏
UNDER急増,,2026-08-17,09:15:32,5599,975.0,38.3,7200,安値圏
UNDER急増,,2026-08-17,09:16:31,5590,686.0,49.0,26600,安値圏
UNDER急増,,2026-08-17,09:16:34,7794,940.0,22.4,22700,安値圏
UNDER急増,,2026-08-17,09:16:34,9556,2055.0,29.9,5300,安値圏
小口売り連続,WATCH,2026-08-17,09:16:54,3449,4105.0,5,,
UNDER急増,,2026-08-17,09:18:33,4840,549.0,66.8,12300,安値圏
小口売り連続,WATCH,2026-08-17,09:19:11,4414,1067.0,5,,
小口売り連続,WATCH,2026-08-17,09:22:07,4889,1314.0,5,,
定期買い集め,WATCH,2026-08-17,09:25:15,4414,,7.7,20,
定期買い集め,STRONG,2026-08-17,09:27:48,4414,,13.6,34,
UNDER急増,,2026-08-17,09:28:33,4840,540.0,48.2,9200,安値圏
定期買い集め,STRONG,2026-08-17,09:28:36,6580,,10.1,53,
小口売り連続,WATCH,2026-08-17,09:35:15,4579,542.0,5,,
小口売り連続,WATCH,2026-08-17,09:35:50,3449,4135.0,5,,
小口売り連続,WATCH,2026-08-17,09:37:23,4418,960.0,5,,
定期買い集め,WATCH,2026-08-17,09:38:29,4013,,5.2,22,
小口売り連続,WATCH,2026-08-17,09:38:29,6217,933.0,5,,
小口売り連続,WATCH,2026-08-17,09:41:07,5707,1144.0,5,,
小口売り連続,WATCH,2026-08-17,09:41:31,4418,952.0,5,,
小口売り連続,WATCH,2026-08-17,09:47:09,5262,1147.0,5,,
UNDER急増,,2026-08-17,09:47:18,5817,1017.0,33.2,10700,安値圏
小口売り連続,WATCH,2026-08-17,09:49:07,7034,374.0,5,,
UNDER急増,,2026-08-17,09:51:38,7794,924.0,29.0,25900,安値圏
小口売り連続,WATCH,2026-08-17,09:52:08,5707,1120.0,5,,
小口売り連続,WATCH,2026-08-17,09:52:49,5707,1111.0,5,,
小口売り連続,WATCH,2026-08-17,09:53:15,2998,510.0,5,,
UNDER急増,,2026-08-17,09:53:20,9238,404.0,78.7,12900,安値圏
小口売り連続,WATCH,2026-08-17,09:59:18,5262,1142.0,5,,
小口売り連続,WATCH,2026-08-17,10:10:58,6217,902.0,5,,
小口売り連続,WATCH,2026-08-17,10:11:00,3449,4180.0,5,,
小口売り連続,WATCH,2026-08-17,10:16:25,1885,2122.0,5,,
UNDER急増,,2026-08-17,10:16:31,4422,581.0,94.4,17000,安値圏
UNDER急増,,2026-08-17,10:17:44,4075,896.0,20.4,2200,安値圏
小口売り連続,WATCH,2026-08-17,10:33:17,4894,5490.0,5,,
小口売り連続,WATCH,2026-08-17,10:51:21,6217,936.0,5,,
小口売り連続,WATCH,2026-08-17,11:06:10,3449,4215.0,5,,
小口売り連続,WATCH,2026-08-17,11:27:31,5590,681.0,5,,
小口売り連続,WATCH,2026-08-17,11:27:46,1514,652.0,5,,
UNDER急増,,2026-08-17,12:26:03,4199,793.0,47.6,2000,安値圏
小口売り連続,WATCH,2026-08-17,12:30:01,9337,1425.0,5,,
UNDER急増,,2026-08-17,12:31:07,4013,677.0,68.5,18500,安値圏
小口売り連続,WATCH,2026-08-17,12:31:23,5262,1140.0,5,,
UNDER急増,,2026-08-17,12:33:06,5132,1967.0,29.7,5400,安値圏
定期買い集め,STRONG,2026-08-17,12:35:24,4013,,10.4,41,
UNDER急増,,2026-08-17,12:37:17,9238,404.0,213.0,16400,安値圏
小口売り連続,WATCH,2026-08-17,12:42:46,6217,933.0,5,,
小口売り連続,WATCH,2026-08-17,12:43:10,1514,647.0,5,,
小口売り連続,WATCH,2026-08-17,12:43:32,4418,953.0,5,,
小口売り連続,WATCH,2026-08-17,12:48:24,5262,1133.0,5,,
小口売り連続,WATCH,2026-08-17,12:55:19,6580,847.0,5,,
小口売り連続,WATCH,2026-08-17,13:00:14,6217,915.0,5,,
小口売り連続,WATCH,2026-08-17,13:03:27,6217,916.0,5,,
小口売り連続,WATCH,2026-08-17,13:04:22,4418,954.0,5,,
小口売り連続,WATCH,2026-08-17,13:05:01,5590,677.0,5,,
小口売り連続,WATCH,2026-08-17,13:12:01,1885,2118.0,5,,
小口売り連続,WATCH,2026-08-17,13:39:21,4418,967.0,5,,
小口売り連続,WATCH,2026-08-17,13:49:00,5590,676.0,5,,
UNDER急増,,2026-08-17,14:01:02,9238,404.0,67.2,12900,安値圏
小口売り連続,WATCH,2026-08-17,14:06:28,2216,1093.0,5,,
小口売り連続,WATCH,2026-08-17,14:07:29,4013,681.0,5,,
小口売り連続,WATCH,2026-08-17,14:10:38,5262,1127.0,5,,
小口売り連続,WATCH,2026-08-17,14:20:54,5262,1126.0,5,,
小口売り連続,WATCH,2026-08-17,14:21:02,5132,1971.0,5,,
小口売り連続,WATCH,2026-08-17,14:24:41,5591,840.0,5,,
小口売り連続,WATCH,2026-08-17,14:33:04,4418,966.0,5,,
小口売り連続,WATCH,2026-08-17,14:34:51,6217,940.0,5,,
小口売り連続,WATCH,2026-08-17,14:50:21,9256,1217.0,5,,
小口売り連続,WATCH,2026-08-17,14:53:58,5590,679.0,5,,
小口売り連続,WATCH,2026-08-17,15:00:19,6217,930.0,5,,
小口売り連続,STRONG,2026-08-17,15:01:42,6217,926.0,10,,
小口売り連続,WATCH,2026-08-17,15:04:27,5590,678.0,5,,
小口売り連続,WATCH,2026-08-17,15:06:41,4013,677.0,5,,
小口売り連続,WATCH,2026-08-17,15:09:27,5262,1127.0,5,,
小口売り連続,WATCH,2026-08-17,15:16:31,6580,858.0,5,,
小口売り連続,WATCH,2026-08-17,15:20:30,5590,678.0,5,,
小口売り連続,WATCH,2026-08-17,15:23:44,5262,1124.0,5,,
定期買い集め,WATCH,2026-08-17,15:24:20,9256,,7.1,35,
小口売り連続,WATCH,2026-08-17,15:24:30,3449,4195.0,5,,
小口売り連続,WATCH,2026-08-17,15:24:33,2216,1092.0,5,,
UNDER急増,,2026-08-18,09:04:43,4840,538.0,67.9,12900,安値圏
UNDER急増,,2026-08-18,09:04:44,5034,2100.0,32.5,6400,安値圏
UNDER急増,,2026-08-18,09:05:04,4579,530.0,109.1,46700,安値圏
小口売り連続,WATCH,2026-08-18,09:05:26,4889,1293.0,5,,
UNDER急増,,2026-08-18,09:05:31,4013,675.0,81.2,19400,安値圏
UNDER急増,,2026-08-18,09:06:13,5590,681.0,95.2,29900,安値圏
UNDER急増,,2026-08-18,09:07:22,5590,678.0,79.1,28700,安値圏
UNDER急増,,2026-08-18,09:08:56,5590,677.0,76.9,27000,安値圏
定期買い集め,WATCH,2026-08-18,09:13:10,3449,,9.0,38,
定期買い集め,WATCH,2026-08-18,09:14:25,5262,,7.5,109,
小口売り連続,WATCH,2026-08-18,09:15:23,4013,676.0,5,,
小口売り連続,WATCH,2026-08-18,09:18:48,4889,1305.0,5,,
定期買い集め,WATCH,2026-08-18,09:23:42,4414,,5.6,46,
小口売り連続,WATCH,2026-08-18,09:32:27,3692,4870.0,5,,
UNDER急増,,2026-08-18,09:32:39,5599,990.0,22.6,8400,安値圏
UNDER急増,,2026-08-18,09:34:02,4199,801.0,57.9,8100,安値圏
定期買い集め,STRONG,2026-08-18,09:34:08,4013,,13.1,43,
UNDER急増,,2026-08-18,09:34:30,4263,550.0,47.9,23300,安値圏
UNDER急増,,2026-08-18,09:37:24,4263,545.0,43.6,22000,安値圏
小口売り連続,WATCH,2026-08-18,09:42:35,4889,1295.0,5,,
小口売り連続,WATCH,2026-08-18,09:53:22,3747,428.0,5,,
小口売り連続,WATCH,2026-08-18,09:58:09,6217,902.0,5,,
UNDER急増,,2026-08-18,10:03:22,9238,403.0,82.4,13100,安値圏
小口売り連続,WATCH,2026-08-18,10:05:31,3963,352.0,5,,
小口売り連続,WATCH,2026-08-18,10:08:53,6217,899.0,5,,
小口売り連続,WATCH,2026-08-18,10:16:49,4889,1302.0,5,,
UNDER急増,,2026-08-18,10:20:38,9238,403.0,88.5,13100,安値圏
小口売り連続,WATCH,2026-08-18,10:23:15,4418,988.0,5,,
小口売り連続,WATCH,2026-08-18,10:25:20,3692,4940.0,5,,
小口売り連続,WATCH,2026-08-18,10:33:57,4894,5260.0,5,,
小口売り連続,WATCH,2026-08-18,10:34:39,2998,526.0,5,,
定期買い集め,STRONG,2026-08-18,10:37:36,4414,,10.0,73,
小口売り連続,WATCH,2026-08-18,10:40:07,4418,984.0,5,,
小口売り連続,WATCH,2026-08-18,10:42:01,3449,4265.0,5,,
小口売り連続,WATCH,2026-08-18,10:42:48,3692,4900.0,5,,
UNDER急増,,2026-08-18,10:51:27,6217,884.0,39.0,14900,安値圏
小口売り連続,WATCH,2026-08-18,11:04:32,1885,2132.0,5,,
小口売り連続,WATCH,2026-08-18,11:11:25,7794,959.0,5,,
小口売り連続,WATCH,2026-08-18,11:12:14,1885,2125.0,5,,
UNDER急増,,2026-08-18,12:26:16,9556,2101.0,21.6,2400,安値圏
小口売り連続,WATCH,2026-08-18,12:30:59,4378,505.0,5,,
UNDER急増,,2026-08-18,12:31:07,3930,753.0,76.9,20000,安値圏
UNDER急増,,2026-08-18,12:31:17,3449,4080.0,20.2,6300,安値圏
UNDER急増,,2026-08-18,12:31:21,6620,715.0,124.4,32100,安値圏
UNDER急増,,2026-08-18,12:31:27,7794,946.0,23.8,25800,安値圏
UNDER急増,,2026-08-18,12:31:44,4422,584.0,117.3,16300,安値圏
UNDER急増,,2026-08-18,12:32:03,6228,505.0,53.2,22200,安値圏
UNDER急増,,2026-08-18,12:32:15,9556,2085.0,24.8,5700,安値圏
UNDER急増,,2026-08-18,12:32:42,5132,1996.0,29.5,5400,安値圏
UNDER急増,,2026-08-18,12:32:50,9238,400.0,235.8,15800,安値圏
UNDER急増,,2026-08-18,12:33:24,5729,1788.0,54.7,11600,安値圏
UNDER急増,,2026-08-18,12:43:46,5599,985.0,27.5,8300,安値圏
小口売り連続,WATCH,2026-08-18,12:58:17,1514,661.0,5,,
UNDER急増,,2026-08-18,13:15:16,5132,1996.0,30.9,5900,安値圏
定期買い集め,WATCH,2026-08-18,13:23:56,6580,,8.8,38,
小口売り連続,WATCH,2026-08-18,13:43:57,3692,4775.0,5,,
小口売り連続,WATCH,2026-08-18,13:43:58,4888,338.0,5,,
定期買い集め,STRONG,2026-08-18,13:48:54,6580,,10.3,44,
小口売り連続,WATCH,2026-08-18,13:53:00,1514,665.0,5,,
小口売り連続,WATCH,2026-08-18,13:55:55,3692,4740.0,5,,
小口売り連続,WATCH,2026-08-18,14:14:55,3449,4110.0,5,,
UNDER急増,,2026-08-18,14:18:24,4199,800.0,61.3,7600,安値圏
小口売り連続,WATCH,2026-08-18,14:21:59,4889,1318.0,5,,
UNDER急増,,2026-08-18,14:25:53,2998,515.0,38.0,38300,安値圏
小口売り連続,WATCH,2026-08-18,14:33:20,5707,1116.0,5,,
UNDER急増,,2026-08-18,14:41:42,5132,1983.0,29.8,5400,安値圏
UNDER急増,,2026-08-18,14:48:52,4894,5150.0,21.9,5800,安値圏
小口売り連続,WATCH,2026-08-18,14:51:06,3449,3990.0,5,,
小口売り連続,WATCH,2026-08-18,14:55:11,5707,1118.0,5,,
小口売り連続,WATCH,2026-08-18,15:02:19,4013,676.0,5,,
小口売り連続,WATCH,2026-08-18,15:02:34,3449,3970.0,5,,
小口売り連続,WATCH,2026-08-18,15:07:52,5034,2071.0,5,,
小口売り連続,WATCH,2026-08-18,15:18:40,5262,1144.0,5,,
小口売り連続,WATCH,2026-08-18,15:20:45,3449,3985.0,5,,
UNDER急増,,2026-08-19,09:05:18,4013,673.0,126.2,21200,安値圏
UNDER急増,,2026-08-19,09:05:30,4395,660.0,74.3,18800,安値圏
UNDER急増,,2026-08-19,09:06:38,9256,1175.0,22.7,7800,安値圏
UNDER急増,,2026-08-19,09:06:54,6433,1011.0,20.6,7800,安値圏
小口売り連続,WATCH,2026-08-19,09:06:54,4889,1281.0,5,,
UNDER急増,,2026-08-19,09:08:53,4288,450.0,21.6,1900,安値圏
UNDER急増,,2026-08-19,09:09:14,6433,1007.0,24.9,9500,安値圏
UNDER急増,,2026-08-19,09:09:21,4199,797.0,65.1,6900,安値圏
小口売り連続,WATCH,2026-08-19,09:09:44,5597,1309.0,5,,
小口売り連続,WATCH,2026-08-19,09:11:15,1514,648.0,5,,
UNDER急増,,2026-08-19,09:11:21,6217,838.0,47.9,12600,安値圏
小口売り連続,WATCH,2026-08-19,09:11:59,1514,649.0,5,,
UNDER急増,,2026-08-19,09:12:41,6228,491.0,59.0,22700,安値圏
UNDER急増,,2026-08-19,09:13:02,4422,571.0,87.2,16300,安値圏
小口売り連続,WATCH,2026-08-19,09:13:30,1885,2030.0,5,,
UNDER急増,,2026-08-19,09:14:05,5817,998.0,40.1,10300,安値圏
UNDER急増,,2026-08-19,09:14:28,4840,531.0,31.2,4800,安値圏
UNDER急増,,2026-08-19,09:15:54,3930,744.0,111.3,21700,安値圏
UNDER急増,,2026-08-19,09:17:26,5817,994.0,42.4,10300,安値圏
定期買い集め,WATCH,2026-08-19,09:17:47,7794,,5.0,108,
UNDER急増,,2026-08-19,09:17:48,5597,1304.0,23.4,6800,安値圏
UNDER急増,,2026-08-19,09:18:10,5591,791.0,33.9,3900,安値圏
UNDER急増,,2026-08-19,09:18:25,6217,838.0,51.2,12700,安値圏
UNDER急増,,2026-08-19,09:19:25,5591,791.0,33.9,3900,安値圏
UNDER急増,,2026-08-19,09:22:39,4570,1011.0,29.9,17100,安値圏
UNDER急増,,2026-08-19,09:24:36,4418,948.0,47.7,21000,安値圏
UNDER急増,,2026-08-19,09:24:43,4013,672.0,117.1,21200,安値圏
UNDER急増,,2026-08-19,09:28:35,6217,842.0,37.7,11900,安値圏
UNDER急増,,2026-08-19,09:30:38,6217,843.0,41.1,12400,安値圏
小口売り連続,WATCH,2026-08-19,09:31:28,4013,673.0,5,,
UNDER急増,,2026-08-19,09:33:11,7794,951.0,23.3,25900,安値圏
UNDER急増,,2026-08-19,09:34:13,7794,951.0,23.6,26200,安値圏
UNDER急増,,2026-08-19,09:36:57,6580,849.0,26.2,8100,安値圏
小口売り連続,WATCH,2026-08-19,09:41:29,3692,4640.0,5,,
小口売り連続,WATCH,2026-08-19,09:44:38,1514,652.0,5,,
小口売り連続,WATCH,2026-08-19,09:47:15,4894,5020.0,5,,
UNDER急増,,2026-08-19,09:47:56,9238,395.0,146.1,13000,安値圏
小口売り連続,WATCH,2026-08-19,09:48:24,5262,1141.0,5,,
小口売り連続,WATCH,2026-08-19,09:48:33,4889,1310.0,5,,
小口売り連続,WATCH,2026-08-19,09:48:37,7794,953.0,5,,
小口売り連続,WATCH,2026-08-19,09:54:27,1885,2015.0,5,,
小口売り連続,WATCH,2026-08-19,09:54:33,1514,651.0,5,,
小口売り連続,WATCH,2026-08-19,09:55:00,1514,651.0,5,,
小口売り連続,WATCH,2026-08-19,09:55:50,1514,650.0,5,,
UNDER急増,,2026-08-19,09:57:17,3449,3855.0,24.8,7300,安値圏
定期買い集め,WATCH,2026-08-19,09:59:19,4013,,9.6,182,
小口売り連続,WATCH,2026-08-19,10:01:05,3803,522.0,5,,
小口売り連続,WATCH,2026-08-19,10:01:15,5707,1072.0,5,,
小口売り連続,WATCH,2026-08-19,10:01:58,4418,995.0,5,,
小口売り連続,WATCH,2026-08-19,10:12:37,4418,1000.0,5,,
UNDER急増,,2026-08-19,10:14:11,3963,350.0,67.6,29600,安値圏
小口売り連続,WATCH,2026-08-19,10:15:41,1514,650.0,5,,
小口売り連続,STRONG,2026-08-19,10:16:14,1514,650.0,10,,
小口売り連続,WATCH,2026-08-19,10:19:31,5707,1074.0,5,,
UNDER急増,,2026-08-19,10:20:03,6620,697.0,131.3,32300,安値圏
定期買い集め,STRONG,2026-08-19,10:21:57,4414,,12.7,20,
UNDER急増,,2026-08-19,10:22:34,6580,843.0,26.1,8400,安値圏
小口売り連続,WATCH,2026-08-19,10:33:08,5707,1082.0,5,,
UNDER急増,,2026-08-19,10:34:11,6620,698.0,120.4,31900,安値圏
UNDER急増,,2026-08-19,10:34:41,5599,977.0,24.0,9500,安値圏
定期買い集め,WATCH,2026-08-19,10:37:00,6580,,6.2,35,
UNDER急増,,2026-08-19,10:39:17,6580,844.0,27.2,8800,安値圏
小口売り連続,WATCH,2026-08-19,10:39:49,4889,1302.0,5,,
小口売り連続,WATCH,2026-08-19,10:41:24,1514,645.0,5,,
小口売り連続,WATCH,2026-08-19,10:43:14,1514,644.0,5,,
小口売り連続,WATCH,2026-08-19,10:44:26,1514,643.0,5,,
小口売り連続,WATCH,2026-08-19,10:45:12,1514,643.0,5,,
小口売り連続,STRONG,2026-08-19,10:45:32,1514,643.0,10,,
小口売り連続,WATCH,2026-08-19,10:46:37,4888,336.0,5,,
小口売り連続,WATCH,2026-08-19,10:54:35,4888,335.0,5,,
小口売り連続,WATCH,2026-08-19,10:55:16,2216,1080.0,5,,
小口売り連続,WATCH,2026-08-19,10:56:13,4013,662.0,5,,
小口売り連続,WATCH,2026-08-19,11:07:44,1514,642.0,5,,
小口売り連続,WATCH,2026-08-19,11:09:03,6217,910.0,5,,
小口売り連続,WATCH,2026-08-19,11:10:33,4075,885.0,5,,
小口売り連続,WATCH,2026-08-19,11:11:12,5817,990.0,5,,
小口売り連続,WATCH,2026-08-19,11:12:03,6217,904.0,5,,
小口売り連続,WATCH,2026-08-19,11:12:39,9256,1154.0,5,,
定期買い集め,STRONG,2026-08-19,11:13:16,6580,,10.3,56,
小口売り連続,WATCH,2026-08-19,11:15:52,4395,650.0,5,,
小口売り連続,WATCH,2026-08-19,11:16:24,3692,4620.0,5,,
小口売り連続,STRONG,2026-08-19,11:18:16,5817,987.0,10,,
UNDER急増,,2026-08-19,11:19:47,6620,697.0,111.5,31900,安値圏
小口売り連続,WATCH,2026-08-19,11:20:13,4418,1001.0,5,,
UNDER急増,,2026-08-19,12:05:06,9256,1157.0,20.3,4000,安値圏
UNDER急増,,2026-08-19,12:05:24,4013,658.0,21.6,1900,安値圏
UNDER急増,,2026-08-19,12:05:31,5591,784.0,25.8,2300,安値圏
UNDER急増,,2026-08-19,12:13:54,7794,935.0,20.8,15800,安値圏
UNDER急増,,2026-08-19,12:20:04,9238,384.0,33.3,700,安値圏
UNDER急増,,2026-08-19,12:26:59,4199,795.0,30.0,1200,安値圏
小口売り連続,WATCH,2026-08-19,12:30:02,4199,792.0,5,,
小口売り連続,WATCH,2026-08-19,12:30:03,5287,860.0,5,,
UNDER急増,,2026-08-19,12:31:05,9556,2080.0,25.5,5600,安値圏
UNDER急増,,2026-08-19,12:31:57,4013,661.0,104.1,20500,安値圏
UNDER急増,,2026-08-19,12:31:57,5599,975.0,22.9,8900,安値圏
UNDER急増,,2026-08-19,12:33:42,5599,971.0,22.7,8900,安値圏
UNDER急増,,2026-08-19,12:33:51,3930,745.0,96.1,19700,安値圏
小口売り連続,WATCH,2026-08-19,12:35:28,6433,1004.0,5,,
UNDER急増,,2026-08-19,12:35:56,6580,837.0,50.9,13500,安値圏
UNDER急増,,2026-08-19,12:36:33,4075,881.0,52.7,4900,安値圏
小口売り連続,WATCH,2026-08-19,12:45:11,4570,1012.0,5,,
小口売り連続,WATCH,2026-08-19,12:45:43,3803,530.0,5,,
小口売り連続,WATCH,2026-08-19,12:48:11,6433,1001.0,5,,
小口売り連続,WATCH,2026-08-19,12:53:27,4418,1027.0,5,,
小口売り連続,WATCH,2026-08-19,12:59:46,4579,563.0,5,,
UNDER急増,,2026-08-19,13:04:18,6620,699.0,108.1,31900,安値圏
小口売り連続,WATCH,2026-08-19,13:05:27,1885,1995.0,5,,
小口売り連続,WATCH,2026-08-19,13:12:41,6228,494.0,5,,
小口売り連続,WATCH,2026-08-19,13:15:39,3692,4640.0,5,,
小口売り連続,WATCH,2026-08-19,13:19:15,1514,639.0,5,,
UNDER急増,,2026-08-19,13:19:24,3963,341.0,114.0,40000,安値圏
小口売り連続,WATCH,2026-08-19,13:20:08,5729,1747.0,5,,
小口売り連続,WATCH,2026-08-19,13:20:25,4013,658.0,5,,
UNDER急増,,2026-08-19,13:22:20,3963,341.0,99.2,38600,安値圏
小口売り連続,WATCH,2026-08-19,13:23:02,1514,639.0,5,,
小口売り連続,STRONG,2026-08-19,13:24:03,3692,4625.0,10,,
小口売り連続,WATCH,2026-08-19,13:24:13,3803,525.0,5,,
小口売り連続,WATCH,2026-08-19,13:33:04,3449,3785.0,5,,
UNDER急増,,2026-08-19,13:33:24,5599,974.0,22.5,8900,安値圏
小口売り連続,WATCH,2026-08-19,13:34:12,1885,1982.0,5,,
小口売り連続,STRONG,2026-08-19,13:37:06,5287,854.0,10,,
小口売り連続,WATCH,2026-08-19,13:40:19,4894,4845.0,5,,
UNDER急増,,2026-08-19,13:41:36,6580,843.0,29.9,9500,安値圏
UNDER急増,,2026-08-19,13:42:19,2998,500.0,45.3,38500,安値圏
小口売り連続,WATCH,2026-08-19,13:47:00,9556,2073.0,5,,
UNDER急増,,2026-08-19,13:49:40,2998,501.0,45.2,38500,安値圏
小口売り連続,WATCH,2026-08-19,13:53:02,4888,330.0,5,,
UNDER急増,,2026-08-19,13:53:12,4570,999.0,35.3,14700,安値圏
UNDER急増,,2026-08-19,13:56:32,1885,1980.0,108.2,94700,安値圏
小口売り連続,WATCH,2026-08-19,13:59:39,1514,639.0,5,,
UNDER急増,,2026-08-19,14:00:09,4570,1001.0,34.6,15600,安値圏
小口売り連続,WATCH,2026-08-19,14:06:28,2216,1078.0,5,,
小口売り連続,WATCH,2026-08-19,14:08:45,4894,4880.0,5,,
小口売り連続,WATCH,2026-08-19,14:14:36,5132,1976.0,5,,
小口売り連続,WATCH,2026-08-19,14:17:55,3692,4605.0,5,,
小口売り連続,WATCH,2026-08-19,14:25:05,5707,1051.0,5,,
小口売り連続,WATCH,2026-08-19,14:34:53,6433,991.0,5,,
小口売り連続,WATCH,2026-08-19,14:42:00,1885,1979.0,5,,
UNDER急増,,2026-08-19,14:44:07,1885,1981.0,105.6,94800,安値圏
UNDER急増,,2026-08-19,14:47:06,6580,834.0,29.5,9500,安値圏
UNDER急増,,2026-08-19,14:48:41,6433,997.0,24.9,10300,安値圏
小口売り連続,WATCH,2026-08-19,14:50:36,5817,976.0,5,,
UNDER急増,,2026-08-19,14:56:31,6228,491.0,67.2,22100,安値圏
UNDER急増,,2026-08-19,14:56:49,6433,997.0,23.4,10300,安値圏
UNDER急増,,2026-08-19,15:02:52,4570,1000.0,35.0,15600,安値圏
小口売り連続,WATCH,2026-08-19,15:06:58,6433,995.0,5,,
UNDER急増,,2026-08-19,15:07:09,4570,1000.0,33.3,15600,安値圏
小口売り連続,WATCH,2026-08-19,15:13:22,4418,1029.0,5,,
小口売り連続,WATCH,2026-08-19,15:14:43,2216,1077.0,5,,
小口売り連続,STRONG,2026-08-19,15:14:53,4418,1024.0,10,,
UNDER急増,,2026-08-19,15:14:53,6620,697.0,106.5,31100,安値圏
小口売り連続,WATCH,2026-08-19,15:18:00,5591,795.0,5,,
UNDER急増,,2026-08-19,15:18:57,4570,1001.0,34.7,15600,安値圏
小口売り連続,WATCH,2026-08-19,15:19:02,5729,1755.0,5,,
小口売り連続,WATCH,2026-08-19,15:22:01,5707,1053.0,5,,
小口売り連続,WATCH,2026-08-20,09:00:28,5590,666.0,5,,
UNDER急増,,2026-08-20,09:01:17,3449,3815.0,26.2,6700,安値圏
UNDER急増,,2026-08-20,09:01:47,3963,344.0,69.3,28400,安値圏
UNDER急増,,2026-08-20,09:02:11,5729,1811.0,33.6,7500,安値圏
UNDER急増,,2026-08-20,09:02:16,9556,2133.0,28.3,5800,安値圏
UNDER急増,,2026-08-20,09:03:01,5817,999.0,95.0,13400,安値圏
UNDER急増,,2026-08-20,09:03:01,4579,584.0,30.3,22000,安値圏
UNDER急増,,2026-08-20,09:03:04,9337,1399.0,28.6,8200,安値圏
UNDER急増,,2026-08-20,09:03:08,5590,672.0,62.6,30900,安値圏
UNDER急増,,2026-08-20,09:04:05,6217,856.0,34.1,12600,安値圏
小口売り連続,WATCH,2026-08-20,09:04:25,4418,1102.0,5,,
UNDER急増,,2026-08-20,09:05:05,4570,1043.0,30.9,15600,安値圏
UNDER急増,,2026-08-20,09:05:14,5817,1000.0,40.5,9800,安値圏
UNDER急増,,2026-08-20,09:05:38,9238,388.0,228.3,13700,安値圏
UNDER急増,,2026-08-20,09:06:12,4422,560.0,128.2,16800,安値圏
UNDER急増,,2026-08-20,09:07:36,3449,3805.0,28.5,6500,安値圏
UNDER急増,,2026-08-20,09:07:37,4422,560.0,136.3,16900,安値圏
UNDER急増,,2026-08-20,09:07:50,5599,977.0,46.2,10300,安値圏
小口売り連続,WATCH,2026-08-20,09:09:06,5707,1112.0,5,,
小口売り連続,WATCH,2026-08-20,09:12:23,4418,1080.0,5,,
UNDER急増,,2026-08-20,09:13:22,5034,2098.0,21.2,5700,安値圏
UNDER急増,,2026-08-20,09:14:27,9238,388.0,228.3,13700,安値圏
小口売り連続,WATCH,2026-08-20,09:17:27,4579,609.0,5,,
小口売り連続,WATCH,2026-08-20,09:19:19,4570,1063.0,5,,
小口売り連続,WATCH,2026-08-20,09:22:43,1885,2053.0,5,,
小口売り連続,WATCH,2026-08-20,09:23:25,1514,648.0,5,,
小口売り連続,WATCH,2026-08-20,09:24:26,4418,1067.0,5,,
UNDER急増,,2026-08-20,09:25:18,3963,345.0,77.6,33600,安値圏
小口売り連続,WATCH,2026-08-20,09:29:01,4889,1360.0,5,,
UNDER急増,,2026-08-20,09:32:26,6217,852.0,37.1,13000,安値圏
小口売り連続,WATCH,2026-08-20,09:32:31,4418,1061.0,5,,
小口売り連続,WATCH,2026-08-20,09:34:19,3692,4675.0,5,,
UNDER急増,,2026-08-20,09:36:01,4422,559.0,137.4,16900,安値圏
UNDER急増,,2026-08-20,09:37:41,6217,847.0,31.5,13100,安値圏
UNDER急増,,2026-08-20,09:38:58,3963,341.0,108.9,40500,安値圏
UNDER急増,,2026-08-20,09:50:41,6620,697.0,137.2,33200,安値圏
小口売り連続,WATCH,2026-08-20,09:58:06,4418,1057.0,5,,
UNDER急増,,2026-08-20,10:01:28,4075,899.0,23.0,3700,安値圏
小口売り連続,WATCH,2026-08-20,10:02:20,4418,1062.0,5,,
UNDER急増,,2026-08-20,10:02:44,4075,899.0,23.0,3700,安値圏
UNDER急増,,2026-08-20,10:04:17,4075,899.0,23.0,3700,安値圏
小口売り連続,WATCH,2026-08-20,10:09:11,4418,1059.0,5,,
UNDER急増,,2026-08-20,10:09:20,4075,899.0,22.2,4000,安値圏
UNDER急増,,2026-08-20,10:10:49,4075,899.0,22.9,4100,安値圏
UNDER急増,,2026-08-20,10:12:02,4075,899.0,22.2,4000,安値圏
小口売り連続,WATCH,2026-08-20,10:13:00,6217,829.0,5,,
UNDER急増,,2026-08-20,10:13:25,4075,899.0,22.9,4100,安値圏
小口売り連続,WATCH,2026-08-20,10:14:14,3449,3860.0,5,,
UNDER急増,,2026-08-20,10:14:29,4075,899.0,22.9,4100,安値圏
小口売り連続,WATCH,2026-08-20,10:14:46,4418,1055.0,5,,
UNDER急増,,2026-08-20,10:15:31,4075,905.0,22.2,4000,安値圏
小口売り連続,STRONG,2026-08-20,10:15:33,4418,1055.0,10,,
UNDER急増,,2026-08-20,10:16:32,4075,905.0,28.5,4900,安値圏
UNDER急増,,2026-08-20,10:17:38,4075,905.0,27.2,4700,安値圏
UNDER急増,,2026-08-20,10:19:20,4075,905.0,23.1,4000,安値圏
UNDER急増,,2026-08-20,10:21:08,4075,907.0,30.4,5200,安値圏
小口売り連続,WATCH,2026-08-20,10:21:17,4418,1055.0,5,,
小口売り連続,WATCH,2026-08-20,10:21:18,3449,3830.0,5,,
小口売り連続,WATCH,2026-08-20,10:21:52,6217,815.0,5,,
UNDER急増,,2026-08-20,10:22:40,4075,907.0,25.0,4500,安値圏
UNDER急増,,2026-08-20,10:23:08,6228,490.0,68.6,24300,安値圏
UNDER急増,,2026-08-20,10:23:55,4075,907.0,30.8,5300,安値圏
小口売り連続,WATCH,2026-08-20,10:25:02,1514,660.0,5,,
UNDER急増,,2026-08-20,10:25:19,6217,811.0,40.8,12600,安値圏
小口売り連続,WATCH,2026-08-20,10:25:47,5132,2036.0,5,,
UNDER急増,,2026-08-20,10:26:16,4075,907.0,23.9,4300,安値圏
UNDER急増,,2026-08-20,10:27:18,4075,907.0,24.4,4200,安値圏
UNDER急増,,2026-08-20,10:28:30,4075,907.0,24.4,4200,安値圏
UNDER急増,,2026-08-20,10:29:45,4075,907.0,22.8,4100,安値圏
小口売り連続,WATCH,2026-08-20,10:34:15,1885,2032.0,5,,
小口売り連続,WATCH,2026-08-20,10:34:16,5707,1151.0,5,,
小口売り連続,WATCH,2026-08-20,10:35:00,4418,1050.0,5,,
小口売り連続,WATCH,2026-08-20,10:44:08,4418,1042.0,5,,
定期買い集め,STRONG,2026-08-20,10:55:24,4414,,43.5,44,
定期買い集め,WATCH,2026-08-20,11:05:08,4013,,8.1,28,
小口売り連続,WATCH,2026-08-20,11:17:50,1514,664.0,5,,
小口売り連続,WATCH,2026-08-20,11:21:09,3692,4715.0,5,,
小口売り連続,WATCH,2026-08-20,11:23:30,4889,1323.0,5,,
UNDER急増,,2026-08-20,11:29:42,6217,818.0,126.4,33000,安値圏
UNDER急増,,2026-08-20,12:05:02,3747,429.0,49.8,10000,安値圏
UNDER急増,,2026-08-20,12:31:00,4422,557.0,263.4,18700,安値圏
UNDER急増,,2026-08-20,12:31:42,6217,815.0,20.7,13300,安値圏
UNDER急増,,2026-08-20,12:32:02,6433,1000.0,29.0,10400,安値圏
UNDER急増,,2026-08-20,12:47:09,6217,816.0,38.9,12600,安値圏
小口売り連続,WATCH,2026-08-20,13:02:04,3692,4830.0,5,,
小口売り連続,WATCH,2026-08-20,13:13:37,2216,1085.0,5,,
小口売り連続,WATCH,2026-08-20,13:19:15,1885,2031.0,5,,
UNDER急増,,2026-08-20,13:20:04,9238,383.0,206.7,12400,安値圏
UNDER急増,,2026-08-20,13:20:45,4378,500.0,45.5,9200,安値圏
小口売り連続,WATCH,2026-08-20,13:21:27,6217,824.0,5,,
小口売り連続,WATCH,2026-08-20,13:28:49,9238,382.0,5,,
小口売り連続,WATCH,2026-08-20,13:33:20,4418,1091.0,5,,
小口売り連続,WATCH,2026-08-20,13:33:22,3449,3990.0,5,,
小口売り連続,WATCH,2026-08-20,13:37:17,1514,675.0,5,,
小口売り連続,WATCH,2026-08-20,13:49:32,1885,2038.0,5,,
小口売り連続,WATCH,2026-08-20,13:58:41,1514,676.0,5,,
小口売り連続,WATCH,2026-08-20,14:10:24,5287,850.0,5,,
UNDER急増,,2026-08-20,14:12:54,6217,818.0,76.8,35000,安値圏
UNDER急増,,2026-08-21,09:01:06,3930,763.0,118.2,19500,安値圏
UNDER急増,,2026-08-21,09:01:26,4013,670.0,118.4,20600,安値圏
UNDER急増,,2026-08-21,09:01:29,6228,495.0,58.2,24400,安値圏
UNDER急増,,2026-08-21,09:01:38,5597,1352.0,34.4,7200,安値圏
UNDER急増,,2026-08-21,09:01:45,9238,384.0,300.0,13500,安値圏
UNDER急増,,2026-08-21,09:01:50,4579,585.0,51.0,42800,安値圏
UNDER急増,,2026-08-21,09:01:52,2998,538.0,55.8,42300,安値圏
UNDER急増,,2026-08-21,09:02:21,3963,342.0,99.2,37300,安値圏
UNDER急増,,2026-08-21,09:02:33,4570,1066.0,32.4,15700,安値圏
小口売り連続,WATCH,2026-08-21,09:02:38,4013,665.0,5,,
UNDER急増,,2026-08-21,09:02:41,4395,690.0,62.7,18800,安値圏
UNDER急増,,2026-08-21,09:03:02,3449,3845.0,43.5,8400,安値圏
UNDER急増,,2026-08-21,09:03:03,4288,465.0,20.3,2400,安値圏
UNDER急増,,2026-08-21,09:03:21,4013,665.0,116.4,20600,安値圏
UNDER急増,,2026-08-21,09:03:51,9256,1145.0,25.9,7500,安値圏
UNDER急増,,2026-08-21,09:04:37,4013,667.0,22.8,3400,安値圏
UNDER急増,,2026-08-21,09:05:06,6217,809.0,24.4,13000,安値圏
UNDER急増,,2026-08-21,09:06:23,6217,796.0,34.0,14100,安値圏
小口売り連続,WATCH,2026-08-21,09:06:39,3747,450.0,5,,
定期買い集め,WATCH,2026-08-21,09:08:27,4414,,5.5,106,
小口売り連続,WATCH,2026-08-21,09:08:58,5287,840.0,5,,
UNDER急増,,2026-08-21,09:09:39,4422,569.0,94.2,17800,安値圏
定期買い集め,WATCH,2026-08-21,09:10:36,3747,,5.0,38,
UNDER急増,,2026-08-21,09:11:08,4199,786.0,119.1,8100,安値圏
小口売り連続,WATCH,2026-08-21,09:15:02,5707,1119.0,5,,
UNDER急増,,2026-08-21,09:15:41,5729,1799.0,22.4,5300,安値圏
UNDER急増,,2026-08-21,09:17:26,4422,565.0,114.0,19500,安値圏
小口売り連続,WATCH,2026-08-21,09:17:46,1885,2023.0,5,,
定期買い集め,STRONG,2026-08-21,09:18:14,7794,,24.4,62,
UNDER急増,,2026-08-21,09:20:45,4579,574.0,66.4,44800,安値圏
小口売り連続,WATCH,2026-08-21,09:25:00,6433,1105.0,5,,
UNDER急増,,2026-08-21,09:33:39,5599,987.0,39.9,9500,安値圏
UNDER急増,,2026-08-21,09:34:31,5707,1111.0,23.2,23800,安値圏
UNDER急増,,2026-08-21,09:36:01,4840,533.0,31.9,5200,安値圏
UNDER急増,,2026-08-21,09:38:35,5597,1362.0,26.4,6900,安値圏
小口売り連続,WATCH,2026-08-21,09:46:32,6433,1087.0,5,,
UNDER急増,,2026-08-21,09:47:26,3963,340.0,82.7,34000,安値圏
定期買い集め,WATCH,2026-08-21,09:48:54,4889,,6.0,147,
小口売り連続,WATCH,2026-08-21,09:51:01,6433,1078.0,5,,
小口売り連続,WATCH,2026-08-21,09:54:31,1885,2029.0,5,,
定期買い集め,STRONG,2026-08-21,09:54:55,4013,,17.7,28,
小口売り連続,WATCH,2026-08-21,09:55:23,5817,980.0,5,,
UNDER急増,,2026-08-21,09:55:45,4889,1291.0,21.8,12400,安値圏
小口売り連続,WATCH,2026-08-21,09:59:05,4418,1061.0,5,,
小口売り連続,WATCH,2026-08-21,10:00:12,4422,560.0,5,,
小口売り連続,WATCH,2026-08-21,10:00:32,3692,4780.0,5,,
小口売り連続,WATCH,2026-08-21,10:03:24,3747,470.0,5,,
小口売り連続,WATCH,2026-08-21,10:03:43,1885,2026.0,5,,
UNDER急増,,2026-08-21,10:03:59,5597,1337.0,32.2,7400,安値圏
小口売り連続,WATCH,2026-08-21,10:07:21,3747,467.0,5,,
小口売り連続,WATCH,2026-08-21,10:09:49,4418,1048.0,5,,
小口売り連続,WATCH,2026-08-21,10:10:44,5707,1095.0,5,,
小口売り連続,WATCH,2026-08-21,10:16:17,6620,706.0,5,,
小口売り連続,WATCH,2026-08-21,10:23:10,5262,1133.0,5,,
小口売り連続,WATCH,2026-08-21,10:24:49,6433,1081.0,5,,
小口売り連続,WATCH,2026-08-21,10:25:59,1885,2023.0,5,,
小口売り連続,WATCH,2026-08-21,10:37:35,4570,1060.0,5,,
小口売り連続,WATCH,2026-08-21,10:57:27,4888,343.0,5,,
小口売り連続,WATCH,2026-08-21,11:04:34,4418,1058.0,5,,
小口売り連続,WATCH,2026-08-21,11:17:00,9256,1123.0,5,,
UNDER急増,,2026-08-21,12:25:29,4199,786.0,21.1,1200,安値圏
小口売り連続,WATCH,2026-08-21,12:30:01,5132,2060.0,5,,
小口売り連続,WATCH,2026-08-21,12:31:31,9256,1115.0,5,,
UNDER急増,,2026-08-21,12:32:18,6580,878.0,44.4,9600,安値圏
小口売り連続,WATCH,2026-08-21,12:33:36,4889,1308.0,5,,
定期買い集め,WATCH,2026-08-21,12:42:04,3692,,5.0,21,
UNDER急増,,2026-08-21,12:49:40,4199,791.0,89.9,8000,安値圏
UNDER急増,,2026-08-21,12:59:23,5599,985.0,75.7,14300,安値圏
UNDER急増,,2026-08-21,13:00:28,5599,991.0,39.8,10200,安値圏
小口売り連続,WATCH,2026-08-21,13:05:40,6620,702.0,5,,
定期買い集め,STRONG,2026-08-21,13:05:55,5591,,12.6,36,
小口売り連続,WATCH,2026-08-21,13:11:43,6433,1061.0,5,,
小口売り連続,WATCH,2026-08-21,13:14:01,1885,2032.0,5,,
小口売り連続,WATCH,2026-08-21,13:15:50,6433,1057.0,5,,
小口売り連続,WATCH,2026-08-21,13:28:23,4418,1052.0,5,,
UNDER急増,,2026-08-21,13:40:40,9256,1120.0,22.1,6700,安値圏
小口売り連続,WATCH,2026-08-21,13:48:49,6433,1055.0,5,,
小口売り連続,WATCH,2026-08-21,13:51:35,4888,343.0,5,,
小口売り連続,WATCH,2026-08-21,13:55:23,6433,1052.0,5,,
小口売り連続,WATCH,2026-08-21,14:00:33,6433,1050.0,5,,
小口売り連続,WATCH,2026-08-21,14:15:40,1885,2029.0,5,,
小口売り連続,WATCH,2026-08-21,14:22:06,6433,1047.0,5,,
小口売り連続,WATCH,2026-08-21,14:22:27,3449,3725.0,5,,
小口売り連続,WATCH,2026-08-21,14:24:50,5262,1141.0,5,,
小口売り連続,WATCH,2026-08-21,14:33:36,5262,1139.0,5,,
小口売り連続,WATCH,2026-08-21,14:34:55,6217,802.0,5,,
小口売り連続,STRONG,2026-08-21,14:38:05,5262,1138.0,10,,
小口売り連続,WATCH,2026-08-21,14:39:58,4570,1065.0,5,,
小口売り連続,WATCH,2026-08-21,14:44:05,5817,976.0,5,,
小口売り連続,WATCH,2026-08-21,14:47:05,3803,550.0,5,,
小口売り連続,WATCH,2026-08-21,14:48:22,5132,2017.0,5,,
小口売り連続,WATCH,2026-08-21,14:50:03,5817,977.0,5,,
小口売り連続,WATCH,2026-08-21,14:58:53,4888,341.0,5,,
小口売り連続,WATCH,2026-08-21,14:59:49,5262,1140.0,5,,
小口売り連続,WATCH,2026-08-21,15:00:52,6433,1024.0,5,,
小口売り連続,WATCH,2026-08-21,15:04:45,4889,1303.0,5,,
小口売り連続,WATCH,2026-08-21,15:05:15,6433,1025.0,5,,
小口売り連続,STRONG,2026-08-21,15:07:05,6433,1025.0,10,,
小口売り連続,WATCH,2026-08-21,15:09:33,9337,1468.0,5,,
小口売り連続,WATCH,2026-08-21,15:09:43,3747,450.0,5,,
UNDER急増,,2026-08-21,15:13:04,6217,795.0,22.3,10000,安値圏
定期買い集め,STRONG,2026-08-21,15:15:42,3692,,10.1,45,
小口売り連続,WATCH,2026-08-21,15:16:14,3692,4730.0,5,,
小口売り連続,WATCH,2026-08-21,15:16:34,3963,343.0,5,,
小口売り連続,STRONG,2026-08-21,15:17:04,3692,4730.0,10,,
小口売り連続,WATCH,2026-08-21,15:18:13,3692,4740.0,5,,
小口売り連続,WATCH,2026-08-21,15:20:17,4579,563.0,5,,
小口売り連続,WATCH,2026-08-21,15:20:40,5591,856.0,5,,
小口売り連続,WATCH,2026-08-21,15:22:44,6433,1016.0,5,,
小口売り連続,WATCH,2026-08-21,15:24:56,3449,3730.0,5,,
