kind,level,date,time,symbol,price,v1
UNDER急増,,2026-08-03,09:02:23,4013,708.0,139.8
UNDER急増,,2026-08-03,09:02:27,9235,484.0,22.1
UNDER急増,,2026-08-03,09:02:49,5026,548.0,20.7
UNDER急増,,2026-08-03,09:02:51,5724,2326.0,28.0
UNDER急増,,2026-08-03,09:02:53,6228,545.0,64.7
UNDER急増,,2026-08-03,09:03:01,6217,686.0,20.9
UNDER急増,,2026-08-03,09:03:01,4418,794.0,66.7
UNDER急増,,2026-08-03,09:03:07,5132,1874.0,84.4
UNDER急増,,2026-08-03,09:03:41,4075,821.0,57.4
UNDER急増,,2026-08-03,09:03:59,5729,1495.0,27.8
UNDER急増,,2026-08-03,09:04:00,5599,1055.0,35.4
UNDER急増,,2026-08-03,09:04:01,7373,933.0,60.2
UNDER急増,,2026-08-03,09:04:02,6433,880.0,34.5
UNDER急増,,2026-08-03,09:04:18,5591,790.0,62.2
小口売り連続,WATCH,2026-08-03,09:04:26,2216,1089.0,5
UNDER急増,,2026-08-03,09:05:07,6433,865.0,35.8
UNDER急増,,2026-08-03,09:05:15,5729,1499.0,27.4
UNDER急増,,2026-08-03,09:05:43,9235,482.0,166.7
UNDER急増,,2026-08-03,09:05:52,5026,548.0,75.0
UNDER急増,,2026-08-03,09:06:08,6433,870.0,31.2
UNDER急増,,2026-08-03,09:06:42,4165,585.0,36.5
UNDER急増,,2026-08-03,09:08:32,5707,838.0,71.9
UNDER急増,,2026-08-03,09:08:39,4075,821.0,62.6
小口売り連続,WATCH,2026-08-03,09:09:03,9256,1341.0,5
UNDER急増,,2026-08-03,09:10:01,5031,317.0,48.8
UNDER急増,,2026-08-03,09:11:19,5724,2305.0,23.7
UNDER急増,,2026-08-03,09:12:01,9130,1505.0,47.9
UNDER急増,,2026-08-03,09:13:20,5026,548.0,25.2
UNDER急増,,2026-08-03,09:13:53,4412,1129.0,43.3
UNDER急増,,2026-08-03,09:14:09,9130,1485.0,35.7
UNDER急増,,2026-08-03,09:16:13,7375,1067.0,29.7
UNDER急増,,2026-08-03,09:16:14,9130,1490.0,47.5
UNDER急増,,2026-08-03,09:16:24,5597,1200.0,24.0
UNDER急増,,2026-08-03,09:16:31,4395,662.0,29.1
UNDER急増,,2026-08-03,09:17:16,9130,1487.0,31.7
UNDER急増,,2026-08-03,09:17:36,5026,545.0,55.2
小口売り連続,WATCH,2026-08-03,09:17:53,9256,1354.0,5
UNDER急増,,2026-08-03,09:18:15,4412,1129.0,39.8
UNDER急増,,2026-08-03,09:19:10,2998,488.0,62.7
UNDER急増,,2026-08-03,09:19:28,4395,646.0,20.5
小口売り連続,WATCH,2026-08-03,09:20:02,4165,579.0,5
UNDER急増,,2026-08-03,09:24:11,4165,578.0,33.2
UNDER急増,,2026-08-03,09:24:34,4395,639.0,22.1
小口売り連続,WATCH,2026-08-03,09:24:39,9256,1316.0,5
UNDER急増,,2026-08-03,09:25:36,4395,642.0,21.6
UNDER急増,,2026-08-03,09:26:19,5132,1880.0,98.2
UNDER急増,,2026-08-03,09:26:19,6433,851.0,39.2
UNDER急増,,2026-08-03,09:26:41,4395,633.0,23.7
小口売り連続,WATCH,2026-08-03,09:26:57,2216,1080.0,5
小口売り連続,WATCH,2026-08-03,09:27:26,4446,818.0,5
UNDER急増,,2026-08-03,09:28:16,6433,855.0,36.6
小口売り連続,WATCH,2026-08-03,09:28:21,5817,913.0,5
小口売り連続,WATCH,2026-08-03,09:28:31,4011,1880.0,5
小口売り連続,WATCH,2026-08-03,09:29:16,6217,675.0,5
UNDER急増,,2026-08-03,09:29:22,6433,850.0,36.4
UNDER急増,,2026-08-03,09:29:47,4395,630.0,29.5
UNDER急増,,2026-08-03,09:30:04,6217,674.0,83.5
小口売り連続,WATCH,2026-08-03,09:30:05,9256,1315.0,5
小口売り連続,WATCH,2026-08-03,09:30:05,2216,1075.0,5
小口売り連続,WATCH,2026-08-03,09:30:13,9256,1315.0,5
小口売り連続,STRONG,2026-08-03,09:30:17,9256,1315.0,10
UNDER急増,,2026-08-03,09:30:20,9235,474.0,184.9
UNDER急増,,2026-08-03,09:33:43,4575,699.0,97.9
UNDER急増,,2026-08-03,09:34:00,4395,631.0,26.2
UNDER急増,,2026-08-03,09:36:24,4575,701.0,77.7
小口売り連続,STRONG,2026-08-03,09:36:43,4446,812.0,10
小口売り連続,WATCH,2026-08-03,09:44:02,4011,1863.0,5
UNDER急増,,2026-08-03,09:47:14,2998,481.0,80.6
UNDER急増,,2026-08-03,09:58:36,7794,827.0,38.9
小口売り連続,WATCH,2026-08-03,10:00:31,9130,1452.0,5
UNDER急増,,2026-08-03,10:04:49,6228,545.0,57.5
UNDER急増,,2026-08-03,10:06:01,6228,545.0,60.4
小口売り連続,WATCH,2026-08-03,10:13:32,5817,917.0,5
小口売り連続,WATCH,2026-08-03,10:14:36,4894,4435.0,5
UNDER急増,,2026-08-03,10:16:20,6433,854.0,29.3
小口売り連続,WATCH,2026-08-03,10:16:37,6217,675.0,5
UNDER急増,,2026-08-03,10:16:58,7373,935.0,60.4
UNDER急増,,2026-08-03,10:21:01,9256,1258.0,61.0
小口売り連続,WATCH,2026-08-03,10:23:29,9256,1250.0,5
UNDER急増,,2026-08-03,10:24:12,9256,1257.0,56.7
UNDER急増,,2026-08-03,10:25:27,9256,1257.0,56.4
UNDER急増,,2026-08-03,10:26:43,9256,1256.0,58.0
UNDER急増,,2026-08-03,10:29:17,9256,1256.0,52.2
小口売り連続,WATCH,2026-08-03,10:33:07,6620,662.0,5
UNDER急増,,2026-08-03,10:45:32,9130,1455.0,40.3
UNDER急増,,2026-08-03,10:45:53,4013,712.0,99.4
UNDER急増,,2026-08-03,10:47:10,4412,1107.0,20.8
UNDER急増,,2026-08-03,10:47:10,4075,823.0,25.4
小口売り連続,WATCH,2026-08-03,10:54:29,5817,935.0,5
小口売り連続,WATCH,2026-08-03,10:58:08,4894,4475.0,5
小口売り連続,WATCH,2026-08-03,11:01:08,9256,1266.0,5
小口売り連続,WATCH,2026-08-03,11:25:09,5817,943.0,5
小口売り連続,WATCH,2026-08-03,11:27:23,2216,1088.0,5
小口売り連続,WATCH,2026-08-03,12:30:48,9256,1254.0,5
UNDER急増,,2026-08-03,12:34:10,9256,1257.0,55.6
UNDER急増,,2026-08-03,12:38:28,9256,1257.0,55.9
小口売り連続,WATCH,2026-08-03,12:55:49,1514,576.0,5
UNDER急増,,2026-08-03,13:03:08,9130,1455.0,29.4
小口売り連続,WATCH,2026-08-03,13:03:24,5817,950.0,5
小口売り連続,WATCH,2026-08-03,13:05:09,9256,1272.0,5
小口売り連続,WATCH,2026-08-03,13:26:15,9256,1275.0,5
UNDER急増,,2026-08-03,13:30:43,2998,480.0,86.3
小口売り連続,WATCH,2026-08-03,13:33:23,9256,1273.0,5
UNDER急増,,2026-08-03,13:33:26,2998,480.0,75.7
小口売り連続,WATCH,2026-08-03,13:43:19,9256,1272.0,5
小口売り連続,WATCH,2026-08-03,13:45:16,5707,862.0,5
小口売り連続,WATCH,2026-08-03,13:45:50,6433,900.0,5
UNDER急増,,2026-08-03,13:47:39,4446,792.0,146.8
UNDER急増,,2026-08-03,13:49:33,4446,790.0,139.1
小口売り連続,WATCH,2026-08-03,14:01:36,5724,2311.0,5
小口売り連続,WATCH,2026-08-03,14:15:49,5817,941.0,5
小口売り連続,WATCH,2026-08-03,15:05:54,9256,1281.0,5
小口売り連続,STRONG,2026-08-03,15:07:08,9256,1280.0,10
小口売り連続,WATCH,2026-08-03,15:13:27,9130,1463.0,5
小口売り連続,WATCH,2026-08-03,15:23:02,1514,584.0,5
小口売り連続,WATCH,2026-08-03,15:24:13,7373,929.0,5
小口売り連続,WATCH,2026-08-03,15:24:59,7373,927.0,5
UNDER急増,,2026-08-04,09:01:06,5590,660.0,71.6
UNDER急増,,2026-08-04,09:01:14,7794,857.0,33.9
UNDER急増,,2026-08-04,09:01:22,5892,2122.0,27.9
UNDER急増,,2026-08-04,09:01:23,4165,559.0,45.6
UNDER急増,,2026-08-04,09:01:25,9130,1460.0,39.8
UNDER急増,,2026-08-04,09:01:30,4013,708.0,129.1
UNDER急増,,2026-08-04,09:01:33,6228,553.0,61.5
UNDER急増,,2026-08-04,09:01:49,4813,347.0,59.2
UNDER急増,,2026-08-04,09:01:57,5597,1258.0,31.4
UNDER急増,,2026-08-04,09:02:24,4165,562.0,49.6
UNDER急増,,2026-08-04,09:02:58,2998,485.0,59.9
UNDER急増,,2026-08-04,09:03:01,4570,947.0,61.1
UNDER急増,,2026-08-04,09:03:34,9235,497.0,20.5
UNDER急増,,2026-08-04,09:03:36,4418,783.0,53.7
UNDER急増,,2026-08-04,09:04:23,4813,347.0,72.3
UNDER急増,,2026-08-04,09:05:10,5729,1550.0,21.4
UNDER急増,,2026-08-04,09:05:33,4412,1136.0,50.5
UNDER急増,,2026-08-04,09:10:03,4412,1136.0,29.3
UNDER急増,,2026-08-04,09:10:10,4840,533.0,88.4
小口売り連続,WATCH,2026-08-04,09:14:37,4013,714.0,5
小口売り連続,WATCH,2026-08-04,09:17:38,9256,1322.0,5
UNDER急増,,2026-08-04,09:20:01,4813,346.0,100.9
UNDER急増,,2026-08-04,09:22:46,5599,1085.0,34.9
UNDER急増,,2026-08-04,09:24:51,4840,531.0,70.7
小口売り連続,WATCH,2026-08-04,09:26:43,3692,5390.0,5
UNDER急増,,2026-08-04,09:31:03,4840,533.0,85.4
小口売り連続,WATCH,2026-08-04,09:34:16,2216,1061.0,5
小口売り連続,WATCH,2026-08-04,09:35:41,3692,5350.0,5
UNDER急増,,2026-08-04,09:36:35,7794,854.0,32.1
小口売り連続,WATCH,2026-08-04,09:39:12,5707,896.0,5
UNDER急増,,2026-08-04,09:40:13,2998,487.0,52.0
UNDER急増,,2026-08-04,09:41:22,5817,954.0,46.5
UNDER急増,,2026-08-04,09:41:48,7794,851.0,32.2
小口売り連続,WATCH,2026-08-04,09:44:37,9256,1328.0,5
小口売り連続,WATCH,2026-08-04,09:44:46,7373,936.0,5
小口売り連続,WATCH,2026-08-04,09:46:05,5707,899.0,5
UNDER急増,,2026-08-04,09:48:25,3267,616.0,33.1
UNDER急増,,2026-08-04,09:53:35,2998,487.0,55.3
小口売り連続,WATCH,2026-08-04,09:55:18,2998,487.0,5
UNDER急増,,2026-08-04,10:08:06,3444,930.0,228.5
UNDER急増,,2026-08-04,10:13:18,7794,857.0,33.6
小口売り連続,WATCH,2026-08-04,10:17:13,5707,896.0,5
UNDER急増,,2026-08-04,10:22:02,4840,533.0,93.9
小口売り連続,WATCH,2026-08-04,10:22:59,4570,952.0,5
UNDER急増,,2026-08-04,10:37:23,7794,857.0,31.4
小口売り連続,WATCH,2026-08-04,10:45:37,2216,1047.0,5
小口売り連続,WATCH,2026-08-04,10:45:45,5707,902.0,5
小口売り連続,WATCH,2026-08-04,10:59:31,4575,734.0,5
小口売り連続,WATCH,2026-08-04,11:10:36,4165,558.0,5
小口売り連続,WATCH,2026-08-04,11:26:10,4165,558.0,5
小口売り連続,WATCH,2026-08-04,11:28:34,7352,339.0,5
小口売り連続,WATCH,2026-08-04,11:30:01,4165,559.0,5
UNDER急増,,2026-08-04,12:26:20,4412,1136.0,23.4
UNDER急増,,2026-08-04,12:26:40,4446,810.0,258.9
小口売り連続,WATCH,2026-08-04,12:36:38,5724,2383.0,5
小口売り連続,WATCH,2026-08-04,12:39:09,9256,1313.0,5
小口売り連続,WATCH,2026-08-04,12:43:07,4418,792.0,5
小口売り連続,WATCH,2026-08-04,12:55:25,1514,598.0,5
小口売り連続,WATCH,2026-08-04,12:56:43,9115,846.0,5
小口売り連続,WATCH,2026-08-04,13:07:32,5031,330.0,5
UNDER急増,,2026-08-04,13:28:27,3963,339.0,482.7
UNDER急増,,2026-08-04,13:35:52,3963,339.0,482.7
小口売り連続,WATCH,2026-08-04,13:42:10,4418,788.0,5
UNDER急増,,2026-08-04,13:48:25,9235,500.0,149.1
小口売り連続,WATCH,2026-08-04,13:54:17,1514,602.0,5
UNDER急増,,2026-08-04,14:00:17,2998,482.0,77.5
小口売り連続,WATCH,2026-08-04,14:06:06,7352,341.0,5
小口売り連続,WATCH,2026-08-04,14:09:47,7794,878.0,5
小口売り連続,WATCH,2026-08-04,14:09:51,6047,365.0,5
小口売り連続,WATCH,2026-08-04,14:16:36,4418,787.0,5
小口売り連続,WATCH,2026-08-04,14:20:37,9115,849.0,5
小口売り連続,WATCH,2026-08-04,14:25:14,4418,787.0,5
小口売り連続,WATCH,2026-08-04,14:25:18,4165,561.0,5
UNDER急増,,2026-08-04,14:33:30,2998,476.0,89.3
小口売り連続,WATCH,2026-08-04,14:39:45,3692,5330.0,5
小口売り連続,WATCH,2026-08-04,14:42:34,4418,785.0,5
小口売り連続,WATCH,2026-08-04,14:44:25,4165,562.0,5
UNDER急増,,2026-08-04,14:48:12,2998,478.0,90.6
小口売り連続,WATCH,2026-08-04,14:51:02,3444,950.0,5
UNDER急増,,2026-08-04,15:03:38,6228,546.0,77.6
小口売り連続,WATCH,2026-08-04,15:05:33,6433,949.0,5
小口売り連続,WATCH,2026-08-04,15:13:19,6217,758.0,5
小口売り連続,WATCH,2026-08-04,15:14:43,4165,561.0,5
小口売り連続,WATCH,2026-08-04,15:15:24,6217,757.0,5
UNDER急増,,2026-08-04,15:18:00,3963,325.0,71.0
小口売り連続,WATCH,2026-08-04,15:20:31,3692,5300.0,5
小口売り連続,WATCH,2026-08-04,15:22:32,6047,364.0,5
UNDER急増,,2026-08-05,09:01:47,6217,760.0,41.5
UNDER急増,,2026-08-05,09:02:02,4570,966.0,42.3
UNDER急増,,2026-08-05,09:02:07,4422,552.0,113.9
UNDER急増,,2026-08-05,09:02:53,5892,2130.0,29.0
UNDER急増,,2026-08-05,09:03:01,6620,688.0,71.9
UNDER急増,,2026-08-05,09:03:03,5724,2389.0,30.9
UNDER急増,,2026-08-05,09:03:24,4412,1145.0,53.4
UNDER急増,,2026-08-05,09:03:37,6228,560.0,73.9
UNDER急増,,2026-08-05,09:03:47,9235,495.0,135.6
UNDER急増,,2026-08-05,09:03:50,9130,1506.0,32.4
UNDER急増,,2026-08-05,09:04:01,9115,863.0,46.1
UNDER急増,,2026-08-05,09:04:39,4579,491.0,124.2
UNDER急増,,2026-08-05,09:04:50,9130,1505.0,32.0
UNDER急増,,2026-08-05,09:06:23,5026,553.0,45.2
UNDER急増,,2026-08-05,09:06:45,5597,1301.0,25.7
UNDER急増,,2026-08-05,09:07:00,9130,1502.0,33.6
UNDER急増,,2026-08-05,09:07:29,7352,345.0,67.0
UNDER急増,,2026-08-05,09:07:32,2998,482.0,61.8
小口売り連続,WATCH,2026-08-05,09:07:42,9256,1383.0,5
UNDER急増,,2026-08-05,09:07:53,3963,335.0,333.3
UNDER急増,,2026-08-05,09:09:24,9130,1490.0,39.0
UNDER急増,,2026-08-05,09:10:06,4840,529.0,85.4
小口売り連続,WATCH,2026-08-05,09:10:57,5707,929.0,5
UNDER急増,,2026-08-05,09:11:02,6433,967.0,37.0
UNDER急増,,2026-08-05,09:12:58,9115,857.0,47.7
UNDER急増,,2026-08-05,09:14:20,3444,976.0,102.9
UNDER急増,,2026-08-05,09:15:27,6228,564.0,77.4
小口売り連続,WATCH,2026-08-05,09:25:02,9256,1341.0,5
小口売り連続,WATCH,2026-08-05,09:26:10,9256,1345.0,5
小口売り連続,WATCH,2026-08-05,09:31:08,1514,597.0,5
UNDER急増,,2026-08-05,09:31:47,9130,1503.0,27.5
UNDER急増,,2026-08-05,09:31:59,6433,968.0,50.5
小口売り連続,WATCH,2026-08-05,09:34:06,5892,2165.0,5
小口売り連続,WATCH,2026-08-05,09:34:51,5707,930.0,5
UNDER急増,,2026-08-05,09:36:23,3267,613.0,37.4
UNDER急増,,2026-08-05,09:36:56,4446,809.0,108.0
UNDER急増,,2026-08-05,09:37:57,4446,810.0,107.7
小口売り連続,WATCH,2026-08-05,09:39:07,4579,496.0,5
小口売り連続,WATCH,2026-08-05,09:42:49,6217,766.0,5
UNDER急増,,2026-08-05,09:46:17,3444,975.0,23.7
UNDER急増,,2026-08-05,09:51:01,3444,975.0,59.8
小口売り連続,WATCH,2026-08-05,09:55:09,9256,1374.0,5
小口売り連続,WATCH,2026-08-05,09:55:28,5817,1020.0,5
小口売り連続,WATCH,2026-08-05,09:58:41,4894,4870.0,5
小口売り連続,WATCH,2026-08-05,10:04:02,5817,1018.0,5
小口売り連続,WATCH,2026-08-05,10:06:59,7352,353.0,5
UNDER急増,,2026-08-05,10:28:25,4570,956.0,51.7
小口売り連続,WATCH,2026-08-05,10:28:49,5892,2174.0,5
UNDER急増,,2026-08-05,10:40:21,9130,1495.0,32.0
UNDER急増,,2026-08-05,10:40:50,3963,334.0,302.5
UNDER急増,,2026-08-05,10:41:21,9130,1497.0,31.2
小口売り連続,WATCH,2026-08-05,10:41:32,6047,372.0,5
小口売り連続,WATCH,2026-08-05,10:46:34,6047,371.0,5
小口売り連続,WATCH,2026-08-05,10:48:33,1514,593.0,5
小口売り連続,WATCH,2026-08-05,11:04:20,5026,560.0,5
UNDER急増,,2026-08-05,11:23:45,9130,1503.0,30.6
UNDER急増,,2026-08-05,12:28:01,4840,528.0,39.5
小口売り連続,WATCH,2026-08-05,12:30:01,3653,673.0,5
UNDER急増,,2026-08-05,12:31:26,9130,1499.0,27.2
UNDER急増,,2026-08-05,12:32:01,4013,711.0,105.8
UNDER急増,,2026-08-05,12:32:28,9130,1500.0,25.9
UNDER急増,,2026-08-05,12:39:57,9130,1501.0,26.9
小口売り連続,WATCH,2026-08-05,12:40:14,5707,955.0,5
UNDER急増,,2026-08-05,12:51:10,9130,1499.0,26.9
UNDER急増,,2026-08-05,12:52:28,9130,1501.0,26.4
小口売り連続,WATCH,2026-08-05,12:54:53,3444,985.0,5
小口売り連続,WATCH,2026-08-05,13:05:02,4395,713.0,5
小口売り連続,WATCH,2026-08-05,13:27:13,9130,1498.0,5
小口売り連続,WATCH,2026-08-05,13:31:12,9256,1346.0,5
UNDER急増,,2026-08-05,13:41:24,9130,1497.0,27.1
小口売り連続,WATCH,2026-08-05,13:44:18,2216,1066.0,5
小口売り連続,WATCH,2026-08-05,13:51:58,6047,373.0,5
小口売り連続,WATCH,2026-08-05,14:03:47,9115,872.0,5
小口売り連続,WATCH,2026-08-05,14:06:54,3653,670.0,5
小口売り連続,WATCH,2026-08-05,14:11:00,3692,5320.0,5
小口売り連続,WATCH,2026-08-05,14:30:09,6047,372.0,5
小口売り連続,WATCH,2026-08-05,14:31:26,3692,5350.0,5
小口売り連続,WATCH,2026-08-05,14:40:32,7794,895.0,5
UNDER急増,,2026-08-05,14:52:38,6433,960.0,52.7
小口売り連続,WATCH,2026-08-05,14:52:56,3692,5350.0,5
UNDER急増,,2026-08-05,14:53:56,6433,960.0,56.9
小口売り連続,WATCH,2026-08-05,14:54:23,3444,988.0,5
小口売り連続,WATCH,2026-08-05,14:58:13,7034,348.0,5
小口売り連続,WATCH,2026-08-05,15:01:20,4422,557.0,5
小口売り連続,STRONG,2026-08-05,15:09:28,3653,671.0,10
小口売り連続,WATCH,2026-08-05,15:17:10,4894,4945.0,5
UNDER急増,,2026-08-05,15:18:37,9130,1478.0,30.3
小口売り連続,WATCH,2026-08-05,15:24:03,2216,1068.0,5
小口売り連続,STRONG,2026-08-05,15:24:28,2216,1066.0,10
UNDER急増,,2026-08-06,09:01:02,5590,698.0,91.3
UNDER急増,,2026-08-06,09:01:21,4422,543.0,23.7
UNDER急増,,2026-08-06,09:01:34,7375,1146.0,42.5
UNDER急増,,2026-08-06,09:01:42,7794,880.0,39.6
UNDER急増,,2026-08-06,09:01:53,4412,1150.0,55.3
UNDER急増,,2026-08-06,09:01:58,4575,730.0,77.2
UNDER急増,,2026-08-06,09:02:04,7373,936.0,81.3
UNDER急増,,2026-08-06,09:02:15,4570,960.0,49.7
UNDER急増,,2026-08-06,09:02:24,4422,543.0,152.3
UNDER急増,,2026-08-06,09:03:35,5724,2480.0,22.0
UNDER急増,,2026-08-06,09:05:18,4013,707.0,140.3
UNDER急増,,2026-08-06,09:06:27,4013,707.0,135.0
UNDER急増,,2026-08-06,09:07:09,6620,692.0,86.7
UNDER急増,,2026-08-06,09:07:40,5026,569.0,57.4
小口売り連続,WATCH,2026-08-06,09:10:40,6433,1063.0,5
小口売り連続,WATCH,2026-08-06,09:11:49,6433,1062.0,5
UNDER急増,,2026-08-06,09:15:36,3267,620.0,29.1
UNDER急増,,2026-08-06,09:16:27,5599,1089.0,36.4
小口売り連続,WATCH,2026-08-06,09:17:01,5724,2494.0,5
UNDER急増,,2026-08-06,09:19:23,6217,761.0,48.4
小口売り連続,WATCH,2026-08-06,09:19:27,5817,1011.0,5
UNDER急増,,2026-08-06,09:21:41,4840,539.0,64.0
UNDER急増,,2026-08-06,09:23:11,3963,341.0,270.3
小口売り連続,WATCH,2026-08-06,09:27:54,9130,1468.0,5
UNDER急増,,2026-08-06,09:28:55,5724,2491.0,22.9
UNDER急増,,2026-08-06,09:30:05,5724,2478.0,23.2
UNDER急増,,2026-08-06,09:32:27,7794,881.0,32.9
UNDER急増,,2026-08-06,09:36:28,3444,978.0,45.5
UNDER急増,,2026-08-06,09:37:43,3444,975.0,55.6
小口売り連続,WATCH,2026-08-06,09:39:14,4813,426.0,5
小口売り連続,WATCH,2026-08-06,09:39:23,9235,505.0,5
小口売り連続,WATCH,2026-08-06,09:40:11,4813,427.0,5
小口売り連続,WATCH,2026-08-06,09:45:35,9130,1459.0,5
UNDER急増,,2026-08-06,09:48:03,3444,978.0,60.3
UNDER急増,,2026-08-06,09:49:58,5590,697.0,76.7
小口売り連続,WATCH,2026-08-06,09:51:30,4011,2062.0,5
UNDER急増,,2026-08-06,09:51:36,7794,883.0,33.2
小口売り連続,WATCH,2026-08-06,09:55:25,6433,1015.0,5
UNDER急増,,2026-08-06,09:56:01,6228,523.0,65.5
UNDER急増,,2026-08-06,10:03:39,3963,332.0,345.3
小口売り連続,WATCH,2026-08-06,10:05:07,5724,2464.0,5
小口売り連続,WATCH,2026-08-06,10:13:23,3444,975.0,5
小口売り連続,WATCH,2026-08-06,10:14:14,7794,883.0,5
UNDER急増,,2026-08-06,10:20:22,5026,568.0,61.4
小口売り連続,WATCH,2026-08-06,10:21:49,6433,1004.0,5
UNDER急増,,2026-08-06,10:22:14,5132,1885.0,40.0
小口売り連続,WATCH,2026-08-06,10:23:01,9235,500.0,5
小口売り連続,WATCH,2026-08-06,10:25:11,9256,1352.0,5
UNDER急増,,2026-08-06,10:30:16,3444,966.0,75.8
UNDER急増,,2026-08-06,10:33:18,7794,878.0,31.5
小口売り連続,WATCH,2026-08-06,10:41:01,3653,676.0,5
UNDER急増,,2026-08-06,10:43:13,5026,566.0,64.4
UNDER急増,,2026-08-06,10:44:18,9115,868.0,39.8
小口売り連続,WATCH,2026-08-06,10:44:23,9256,1372.0,5
小口売り連続,WATCH,2026-08-06,10:47:52,6433,989.0,5
UNDER急増,,2026-08-06,10:49:09,5590,699.0,69.7
UNDER急増,,2026-08-06,10:50:10,5590,699.0,75.9
小口売り連続,WATCH,2026-08-06,10:52:22,9130,1454.0,5
小口売り連続,WATCH,2026-08-06,10:57:34,9130,1442.0,5
小口売り連続,WATCH,2026-08-06,11:03:37,5707,957.0,5
UNDER急増,,2026-08-06,11:05:29,4575,721.0,95.0
UNDER急増,,2026-08-06,11:08:01,7794,875.0,28.7
小口売り連続,WATCH,2026-08-06,11:23:28,6433,1018.0,5
UNDER急増,,2026-08-06,12:27:27,3963,332.0,65.5
UNDER急増,,2026-08-06,12:28:01,4840,537.0,47.7
小口売り連続,WATCH,2026-08-06,12:30:01,4011,2064.0,5
UNDER急増,,2026-08-06,12:31:03,9235,498.0,126.6
UNDER急増,,2026-08-06,12:31:15,9115,860.0,45.2
UNDER急増,,2026-08-06,12:31:17,6228,522.0,55.3
UNDER急増,,2026-08-06,12:32:01,4840,541.0,81.8
UNDER急増,,2026-08-06,12:34:10,7375,1137.0,76.7
小口売り連続,WATCH,2026-08-06,12:35:13,9235,497.0,5
UNDER急増,,2026-08-06,12:35:39,9235,498.0,130.8
UNDER急増,,2026-08-06,12:44:56,9130,1438.0,32.7
UNDER急増,,2026-08-06,12:45:40,9235,498.0,122.4
UNDER急増,,2026-08-06,12:47:01,6228,521.0,62.9
小口売り連続,WATCH,2026-08-06,12:48:47,9256,1358.0,5
UNDER急増,,2026-08-06,12:59:00,9235,497.0,121.8
UNDER急増,,2026-08-06,13:01:34,3444,974.0,44.3
小口売り連続,WATCH,2026-08-06,13:01:41,5729,1525.0,5
UNDER急増,,2026-08-06,13:01:54,9130,1444.0,26.9
小口売り連続,WATCH,2026-08-06,13:02:50,5026,566.0,5
小口売り連続,WATCH,2026-08-06,13:02:58,5597,1299.0,5
UNDER急増,,2026-08-06,13:04:05,9235,495.0,118.7
小口売り連続,WATCH,2026-08-06,13:04:54,5892,2218.0,5
UNDER急増,,2026-08-06,13:06:59,5132,1864.0,39.7
UNDER急増,,2026-08-06,13:09:35,9235,492.0,106.3
UNDER急増,,2026-08-06,13:14:25,9130,1441.0,30.2
UNDER急増,,2026-08-06,13:16:25,9130,1438.0,28.5
小口売り連続,WATCH,2026-08-06,13:20:24,9256,1345.0,5
小口売り連続,WATCH,2026-08-06,13:22:51,9256,1341.0,5
小口売り連続,WATCH,2026-08-06,13:28:07,6433,1013.0,5
小口売り連続,WATCH,2026-08-06,13:32:40,6433,1011.0,5
小口売り連続,WATCH,2026-08-06,13:35:21,7794,875.0,5
UNDER急増,,2026-08-06,13:46:06,4395,698.0,43.9
UNDER急増,,2026-08-06,13:49:26,7794,873.0,31.2
小口売り連続,WATCH,2026-08-06,13:50:24,9256,1335.0,5
小口売り連続,WATCH,2026-08-06,13:51:19,3692,5250.0,5
UNDER急増,,2026-08-06,13:54:49,9130,1431.0,26.8
UNDER急増,,2026-08-06,14:01:15,5707,944.0,55.4
UNDER急増,,2026-08-06,14:02:16,5707,943.0,51.6
小口売り連続,WATCH,2026-08-06,14:22:16,6217,769.0,5
UNDER急増,,2026-08-06,14:24:17,5817,1000.0,37.3
UNDER急増,,2026-08-06,14:25:25,5817,1003.0,39.6
小口売り連続,WATCH,2026-08-06,14:42:20,6217,762.0,5
小口売り連続,WATCH,2026-08-06,14:51:09,6433,1024.0,5
小口売り連続,WATCH,2026-08-06,15:04:04,4075,849.0,5
小口売り連続,WATCH,2026-08-06,15:04:35,9256,1343.0,5
小口売り連続,WATCH,2026-08-06,15:12:34,4813,421.0,5
UNDER急増,,2026-08-06,15:14:19,5132,1867.0,31.6
UNDER急増,,2026-08-06,15:17:57,4395,700.0,44.0
小口売り連続,WATCH,2026-08-06,15:22:16,5724,2440.0,5
UNDER急増,,2026-08-06,15:24:09,4446,810.0,124.8
小口売り連続,WATCH,2026-08-06,15:25:01,5707,952.0,5
UNDER急増,,2026-08-07,09:01:06,6217,757.0,43.4
UNDER急増,,2026-08-07,09:01:06,6047,370.0,57.2
UNDER急増,,2026-08-07,09:01:14,5707,952.0,42.4
UNDER急増,,2026-08-07,09:01:17,4422,552.0,156.3
UNDER急増,,2026-08-07,09:01:38,7375,1146.0,31.0
UNDER急増,,2026-08-07,09:01:40,7373,920.0,92.7
UNDER急増,,2026-08-07,09:01:40,4579,517.0,77.5
UNDER急増,,2026-08-07,09:01:49,3444,982.0,43.2
UNDER急増,,2026-08-07,09:02:02,3653,676.0,21.7
UNDER急増,,2026-08-07,09:02:05,4446,815.0,110.3
UNDER急増,,2026-08-07,09:02:16,9115,877.0,42.9
小口売り連続,WATCH,2026-08-07,09:03:32,7794,871.0,5
小口売り連続,WATCH,2026-08-07,09:03:53,2998,490.0,5
UNDER急増,,2026-08-07,09:04:08,4813,409.0,37.9
UNDER急増,,2026-08-07,09:06:01,4418,785.0,47.7
UNDER急増,,2026-08-07,09:06:05,4813,405.0,51.8
小口売り連続,WATCH,2026-08-07,09:06:14,6047,369.0,5
UNDER急増,,2026-08-07,09:06:33,5707,953.0,34.2
UNDER急増,,2026-08-07,09:06:35,5817,978.0,62.7
UNDER急増,,2026-08-07,09:06:42,7352,346.0,83.1
UNDER急増,,2026-08-07,09:06:49,4013,732.0,126.1
UNDER急増,,2026-08-07,09:07:08,3692,5150.0,20.8
UNDER急増,,2026-08-07,09:07:12,4446,817.0,108.6
UNDER急増,,2026-08-07,09:07:20,6217,748.0,40.3
UNDER急増,,2026-08-07,09:07:35,5707,950.0,52.1
UNDER急増,,2026-08-07,09:07:38,5817,985.0,47.4
UNDER急増,,2026-08-07,09:08:20,6217,736.0,44.4
UNDER急増,,2026-08-07,09:08:22,4813,401.0,42.0
UNDER急増,,2026-08-07,09:08:23,5132,1910.0,111.2
UNDER急増,,2026-08-07,09:08:39,5707,948.0,52.8
UNDER急増,,2026-08-07,09:09:15,9235,499.0,103.1
UNDER急増,,2026-08-07,09:09:25,5132,1890.0,56.9
UNDER急増,,2026-08-07,09:09:31,6217,738.0,37.5
UNDER急増,,2026-08-07,09:10:01,4395,684.0,62.5
小口売り連続,WATCH,2026-08-07,09:10:05,9130,1441.0,5
UNDER急増,,2026-08-07,09:12:02,4395,677.0,63.0
UNDER急増,,2026-08-07,09:12:41,5724,2450.0,24.4
UNDER急増,,2026-08-07,09:12:47,4412,1155.0,41.7
UNDER急増,,2026-08-07,09:13:45,7352,346.0,77.2
UNDER急増,,2026-08-07,09:14:22,5590,689.0,81.9
UNDER急増,,2026-08-07,09:14:56,5026,565.0,51.4
UNDER急増,,2026-08-07,09:15:02,7375,1124.0,31.9
UNDER急増,,2026-08-07,09:16:31,9256,1304.0,20.8
UNDER急増,,2026-08-07,09:17:52,5590,682.0,73.3
小口売り連続,WATCH,2026-08-07,09:19:06,5724,2431.0,5
UNDER急増,,2026-08-07,09:19:45,9235,499.0,105.9
UNDER急増,,2026-08-07,09:20:49,5707,954.0,40.1
UNDER急増,,2026-08-07,09:21:31,3963,343.0,157.3
UNDER急増,,2026-08-07,09:26:44,7352,348.0,75.6
小口売り連続,WATCH,2026-08-07,09:28:01,6433,990.0,5
UNDER急増,,2026-08-07,09:31:16,6433,988.0,31.2
小口売り連続,WATCH,2026-08-07,09:32:20,5707,957.0,5
UNDER急増,,2026-08-07,09:37:35,9130,1448.0,22.0
小口売り連続,WATCH,2026-08-07,09:46:28,3963,340.0,5
小口売り連続,WATCH,2026-08-07,09:49:13,6217,730.0,5
UNDER急増,,2026-08-07,09:49:35,5707,954.0,40.0
UNDER急増,,2026-08-07,09:50:19,7794,860.0,34.7
小口売り連続,WATCH,2026-08-07,09:50:42,1514,606.0,5
UNDER急増,,2026-08-07,09:53:17,3444,960.0,50.7
小口売り連続,WATCH,2026-08-07,10:02:13,5817,976.0,5
小口売り連続,WATCH,2026-08-07,10:05:28,4013,711.0,5
UNDER急増,,2026-08-07,10:11:56,3444,960.0,162.8
UNDER急増,,2026-08-07,10:14:24,5599,1093.0,36.8
小口売り連続,WATCH,2026-08-07,10:20:29,4418,768.0,5
小口売り連続,WATCH,2026-08-07,10:21:15,5591,803.0,5
小口売り連続,WATCH,2026-08-07,10:23:54,4013,712.0,5
UNDER急増,,2026-08-07,10:26:23,6217,732.0,41.9
UNDER急増,,2026-08-07,10:28:59,7794,857.0,33.6
UNDER急増,,2026-08-07,10:31:09,7794,856.0,34.5
UNDER急増,,2026-08-07,10:34:06,4813,400.0,53.5
小口売り連続,WATCH,2026-08-07,10:34:06,9130,1453.0,5
小口売り連続,WATCH,2026-08-07,10:34:36,5597,1266.0,5
小口売り連続,WATCH,2026-08-07,10:37:05,4412,1137.0,5
小口売り連続,WATCH,2026-08-07,10:37:14,4840,532.0,5
UNDER急増,,2026-08-07,10:39:30,9235,497.0,110.0
UNDER急増,,2026-08-07,10:40:07,9130,1441.0,23.8
UNDER急増,,2026-08-07,10:41:10,9130,1439.0,21.1
UNDER急増,,2026-08-07,10:41:23,3444,944.0,141.8
UNDER急増,,2026-08-07,10:41:59,6217,727.0,38.2
小口売り連続,WATCH,2026-08-07,10:44:22,5597,1254.0,5
小口売り連続,WATCH,2026-08-07,10:46:22,4446,804.0,5
UNDER急増,,2026-08-07,10:47:25,7794,843.0,34.9
小口売り連続,WATCH,2026-08-07,10:48:19,4013,709.0,5
小口売り連続,WATCH,2026-08-07,10:52:01,4422,535.0,5
小口売り連続,WATCH,2026-08-07,10:57:12,5707,942.0,5
UNDER急増,,2026-08-07,11:01:26,3444,943.0,46.6
小口売り連続,WATCH,2026-08-07,11:01:53,4011,2010.0,5
UNDER急増,,2026-08-07,11:08:39,4418,768.0,54.4
UNDER急増,,2026-08-07,11:10:35,3444,946.0,108.9
UNDER急増,,2026-08-07,12:13:20,4418,769.0,157.1
UNDER急増,,2026-08-07,12:14:51,4418,769.0,75.0
UNDER急増,,2026-08-07,12:17:00,4418,769.0,257.9
UNDER急増,,2026-08-07,12:23:35,4418,769.0,20.9
UNDER急増,,2026-08-07,12:25:16,4418,769.0,34.5
UNDER急増,,2026-08-07,12:26:14,3963,341.0,64.0
UNDER急増,,2026-08-07,12:29:43,4422,539.0,33.1
小口売り連続,WATCH,2026-08-07,12:30:57,5724,2424.0,5
UNDER急増,,2026-08-07,12:31:03,9130,1433.0,23.3
UNDER急増,,2026-08-07,12:31:04,7352,348.0,77.8
UNDER急増,,2026-08-07,12:31:11,4395,676.0,47.3
小口売り連続,WATCH,2026-08-07,12:32:30,4165,586.0,5
UNDER急増,,2026-08-07,12:32:37,4418,760.0,54.2
UNDER急増,,2026-08-07,12:32:37,5599,1072.0,30.8
UNDER急増,,2026-08-07,12:38:34,4011,2017.0,31.1
UNDER急増,,2026-08-07,12:38:55,4075,835.0,38.7
小口売り連続,WATCH,2026-08-07,12:40:31,3692,5180.0,5
小口売り連続,WATCH,2026-08-07,12:40:31,4165,582.0,5
UNDER急増,,2026-08-07,12:40:42,9115,862.0,74.0
小口売り連続,WATCH,2026-08-07,12:41:08,4813,379.0,5
UNDER急増,,2026-08-07,12:41:27,4412,1134.0,46.3
小口売り連続,WATCH,2026-08-07,12:42:45,9256,1329.0,5
UNDER急増,,2026-08-07,12:43:15,5132,1840.0,129.9
UNDER急増,,2026-08-07,12:45:24,9235,497.0,127.0
小口売り連続,WATCH,2026-08-07,12:45:46,5132,1841.0,5
UNDER急増,,2026-08-07,12:50:55,5591,795.0,52.5
小口売り連続,WATCH,2026-08-07,13:08:54,2998,489.0,5
UNDER急増,,2026-08-07,13:19:30,6433,993.0,36.5
小口売り連続,WATCH,2026-08-07,13:30:32,4165,582.0,5
小口売り連続,WATCH,2026-08-07,13:31:06,4418,757.0,5
小口売り連続,STRONG,2026-08-07,13:39:28,4165,581.0,10
UNDER急増,,2026-08-07,13:52:59,4813,371.0,40.3
UNDER急増,,2026-08-07,13:54:28,4813,371.0,40.3
UNDER急増,,2026-08-07,13:55:43,4813,371.0,40.5
UNDER急増,,2026-08-07,13:57:07,4813,371.0,40.5
UNDER急増,,2026-08-07,13:58:19,4813,371.0,40.5
UNDER急増,,2026-08-07,13:59:24,4813,371.0,40.5
UNDER急増,,2026-08-07,14:01:07,4813,372.0,40.4
UNDER急増,,2026-08-07,14:02:50,6620,651.0,45.6
UNDER急増,,2026-08-07,14:05:50,6620,651.0,83.8
UNDER急増,,2026-08-07,14:07:17,6620,644.0,46.3
小口売り連続,WATCH,2026-08-07,14:09:54,5817,985.0,5
UNDER急増,,2026-08-07,14:11:23,6620,650.0,102.1
小口売り連続,WATCH,2026-08-07,14:13:55,6047,366.0,5
小口売り連続,WATCH,2026-08-07,14:20:17,4165,581.0,5
UNDER急増,,2026-08-07,14:22:01,4813,371.0,40.7
小口売り連続,WATCH,2026-08-07,14:22:45,5597,1274.0,5
小口売り連続,WATCH,2026-08-07,14:23:03,2998,498.0,5
UNDER急増,,2026-08-07,14:24:54,5026,563.0,121.1
UNDER急増,,2026-08-07,14:25:35,4813,371.0,40.0
小口売り連続,WATCH,2026-08-07,14:26:31,6047,366.0,5
UNDER急増,,2026-08-07,14:30:50,4813,371.0,40.1
小口売り連続,WATCH,2026-08-07,14:39:23,7375,1119.0,5
小口売り連続,WATCH,2026-08-07,14:40:07,6047,367.0,5
UNDER急増,,2026-08-07,14:40:22,6620,650.0,28.4
小口売り連続,WATCH,2026-08-07,14:40:25,5132,1854.0,5
小口売り連続,WATCH,2026-08-07,14:47:01,5026,562.0,5
小口売り連続,WATCH,2026-08-07,14:51:25,4165,581.0,5
小口売り連続,WATCH,2026-08-07,15:15:06,3653,674.0,5
小口売り連続,WATCH,2026-08-07,15:16:13,6433,935.0,5
UNDER急増,,2026-08-07,15:21:20,5892,2191.0,28.7
UNDER急増,,2026-08-07,15:26:03,7373,913.0,48.3
UNDER急増,,2026-08-10,09:01:00,6228,509.0,86.6
UNDER急増,,2026-08-10,09:01:28,7794,861.0,33.6
UNDER急増,,2026-08-10,09:01:42,6620,666.0,113.3
UNDER急増,,2026-08-10,09:01:43,5892,2173.0,37.1
UNDER急増,,2026-08-10,09:01:45,4165,590.0,37.4
UNDER急増,,2026-08-10,09:02:06,9130,1464.0,27.0
UNDER急増,,2026-08-10,09:02:30,7794,866.0,31.4
UNDER急増,,2026-08-10,09:02:49,4840,545.0,85.7
UNDER急増,,2026-08-10,09:02:51,5729,1665.0,25.0
UNDER急増,,2026-08-10,09:02:54,9235,496.0,133.3
UNDER急増,,2026-08-10,09:03:40,6620,660.0,128.7
UNDER急増,,2026-08-10,09:04:47,4422,553.0,224.7
UNDER急増,,2026-08-10,09:05:06,3963,358.0,197.7
UNDER急増,,2026-08-10,09:05:25,4075,870.0,40.7
小口売り連続,WATCH,2026-08-10,09:05:28,1514,593.0,5
UNDER急増,,2026-08-10,09:05:50,4422,557.0,129.4
UNDER急増,,2026-08-10,09:06:02,6433,903.0,25.6
UNDER急増,,2026-08-10,09:06:05,9256,1210.0,25.0
UNDER急増,,2026-08-10,09:07:34,9115,861.0,53.3
UNDER急増,,2026-08-10,09:08:59,4013,723.0,98.3
UNDER急増,,2026-08-10,09:09:02,4570,999.0,30.2
UNDER急増,,2026-08-10,09:09:36,9235,499.0,120.0
UNDER急増,,2026-08-10,09:10:34,4395,672.0,58.3
UNDER急増,,2026-08-10,09:11:31,4412,1139.0,43.8
UNDER急増,,2026-08-10,09:13:25,4422,556.0,24.3
UNDER急増,,2026-08-10,09:13:28,6620,665.0,126.1
小口売り連続,WATCH,2026-08-10,09:13:35,3444,982.0,5
UNDER急増,,2026-08-10,09:15:07,6620,665.0,119.4
小口売り連続,WATCH,2026-08-10,09:15:57,5817,1037.0,5
小口売り連続,WATCH,2026-08-10,09:16:10,6217,757.0,5
UNDER急増,,2026-08-10,09:16:59,5817,1041.0,36.2
UNDER急増,,2026-08-10,09:17:09,5026,565.0,67.7
UNDER急増,,2026-08-10,09:17:15,4422,554.0,147.3
小口売り連続,WATCH,2026-08-10,09:18:38,1514,601.0,5
UNDER急増,,2026-08-10,09:19:59,4575,750.0,78.4
UNDER急増,,2026-08-10,09:22:54,4446,804.0,134.7
UNDER急増,,2026-08-10,09:23:34,9130,1478.0,21.6
UNDER急増,,2026-08-10,09:29:33,6620,660.0,113.5
UNDER急増,,2026-08-10,09:30:15,3444,984.0,132.2
UNDER急増,,2026-08-10,09:31:04,7375,1150.0,29.3
UNDER急増,,2026-08-10,09:32:12,7375,1150.0,33.3
UNDER急増,,2026-08-10,09:34:39,5597,1244.0,27.9
UNDER急増,,2026-08-10,09:35:21,6620,656.0,132.6
UNDER急増,,2026-08-10,09:40:12,7373,920.0,41.9
UNDER急増,,2026-08-10,09:40:26,9235,498.0,104.7
小口売り連続,WATCH,2026-08-10,09:42:49,9256,1228.0,5
小口売り連続,WATCH,2026-08-10,09:43:24,6433,949.0,5
UNDER急増,,2026-08-10,09:47:27,4575,745.0,85.5
UNDER急増,,2026-08-10,09:49:03,9130,1473.0,26.4
小口売り連続,WATCH,2026-08-10,09:50:00,5591,795.0,5
小口売り連続,WATCH,2026-08-10,09:52:50,9256,1223.0,5
UNDER急増,,2026-08-10,09:58:14,3444,981.0,43.2
UNDER急増,,2026-08-10,09:59:47,4840,543.0,94.3
小口売り連続,WATCH,2026-08-10,10:00:02,5724,2627.0,5
小口売り連続,WATCH,2026-08-10,10:01:39,4570,1008.0,5
小口売り連続,WATCH,2026-08-10,10:04:28,4570,1003.0,5
小口売り連続,WATCH,2026-08-10,10:08:39,4422,554.0,5
UNDER急増,,2026-08-10,10:14:49,5817,1036.0,35.0
UNDER急増,,2026-08-10,10:17:03,5026,569.0,49.3
小口売り連続,WATCH,2026-08-10,10:30:13,5707,980.0,5
小口売り連続,WATCH,2026-08-10,10:55:11,9256,1267.0,5
小口売り連続,WATCH,2026-08-10,11:01:07,4813,440.0,5
小口売り連続,WATCH,2026-08-10,11:03:11,4894,5380.0,5
小口売り連続,WATCH,2026-08-10,11:25:01,9130,1480.0,5
小口売り連続,WATCH,2026-08-10,11:25:55,9256,1283.0,5
UNDER急増,,2026-08-10,12:25:37,4446,805.0,20.3
小口売り連続,WATCH,2026-08-10,12:30:04,5597,1278.0,5
UNDER急増,,2026-08-10,12:33:49,5026,569.0,110.2
小口売り連続,WATCH,2026-08-10,12:42:57,5724,2685.0,5
小口売り連続,WATCH,2026-08-10,12:48:11,5724,2657.0,5
小口売り連続,WATCH,2026-08-10,12:49:11,9256,1278.0,5
小口売り連続,WATCH,2026-08-10,12:50:06,4894,5400.0,5
UNDER急増,,2026-08-10,12:50:52,3444,986.0,129.8
小口売り連続,WATCH,2026-08-10,12:53:51,5597,1270.0,5
小口売り連続,WATCH,2026-08-10,13:07:54,1514,618.0,5
UNDER急増,,2026-08-10,13:14:17,4570,998.0,37.4
小口売り連続,WATCH,2026-08-10,13:23:43,4813,435.0,5
小口売り連続,WATCH,2026-08-10,13:40:16,5707,986.0,5
小口売り連続,WATCH,2026-08-10,13:55:21,3692,5370.0,5
小口売り連続,WATCH,2026-08-10,13:56:53,5707,987.0,5
UNDER急増,,2026-08-10,13:59:53,3444,987.0,96.4
小口売り連続,WATCH,2026-08-10,14:05:37,2998,498.0,5
小口売り連続,WATCH,2026-08-10,14:26:04,4813,431.0,5
小口売り連続,STRONG,2026-08-10,14:27:22,4813,431.0,10
小口売り連続,WATCH,2026-08-10,14:47:19,4395,683.0,5
UNDER急増,,2026-08-10,14:48:17,3444,987.0,30.8
小口売り連続,WATCH,2026-08-10,15:00:55,5724,2695.0,5
UNDER急増,,2026-08-10,15:03:12,4570,999.0,38.2
小口売り連続,WATCH,2026-08-10,15:05:20,4813,429.0,5
UNDER急増,,2026-08-10,15:09:28,4570,999.0,36.6
UNDER急増,,2026-08-10,15:16:12,4570,997.0,42.2
小口売り連続,WATCH,2026-08-10,15:17:48,9130,1463.0,5
小口売り連続,WATCH,2026-08-10,15:17:56,5724,2730.0,5
UNDER急増,,2026-08-10,15:18:04,3444,986.0,44.0
小口売り連続,STRONG,2026-08-10,15:18:20,5724,2708.0,10
小口売り連続,WATCH,2026-08-10,15:23:34,5707,1008.0,5
小口売り連続,WATCH,2026-08-10,15:23:58,4013,723.0,5
UNDER急増,,2026-08-10,15:25:03,4013,722.0,38.0
UNDER急増,,2026-08-12,09:01:12,4393,4940.0,26.5
UNDER急増,,2026-08-12,09:01:19,7794,897.0,33.5
UNDER急増,,2026-08-12,09:01:22,3692,5370.0,24.5
UNDER急増,,2026-08-12,09:01:29,1514,621.0,26.8
UNDER急増,,2026-08-12,09:01:32,4579,517.0,137.1
UNDER急増,,2026-08-12,09:01:42,4011,2058.0,26.2
UNDER急増,,2026-08-12,09:01:43,5817,1004.0,40.9
UNDER急増,,2026-08-12,09:01:46,4888,318.0,49.8
UNDER急増,,2026-08-12,09:01:47,6433,941.0,32.6
UNDER急増,,2026-08-12,09:01:56,4422,555.0,126.0
UNDER急増,,2026-08-12,09:02:10,9130,1470.0,21.2
UNDER急増,,2026-08-12,09:02:19,7794,897.0,31.2
UNDER急増,,2026-08-12,09:02:30,5724,2668.0,25.0
UNDER急増,,2026-08-12,09:02:38,9556,1913.0,88.1
UNDER急増,,2026-08-12,09:02:48,6433,932.0,29.5
UNDER急増,,2026-08-12,09:03:02,6228,498.0,49.0
UNDER急増,,2026-08-12,09:03:02,4013,711.0,136.2
UNDER急増,,2026-08-12,09:03:31,5724,2676.0,21.7
UNDER急増,,2026-08-12,09:03:37,4575,748.0,101.0
UNDER急増,,2026-08-12,09:04:02,4013,711.0,95.5
UNDER急増,,2026-08-12,09:06:11,4840,562.0,149.5
小口売り連続,WATCH,2026-08-12,09:07:31,9256,1352.0,5
小口売り連続,WATCH,2026-08-12,09:07:43,5707,1030.0,5
小口売り連続,WATCH,2026-08-12,09:08:35,5724,2661.0,5
UNDER急増,,2026-08-12,09:09:11,5026,570.0,85.7
小口売り連続,WATCH,2026-08-12,09:09:19,5724,2631.0,5
UNDER急増,,2026-08-12,09:10:03,6228,491.0,65.3
小口売り連続,WATCH,2026-08-12,09:10:15,5724,2624.0,5
UNDER急増,,2026-08-12,09:10:42,6620,660.0,106.4
UNDER急増,,2026-08-12,09:11:44,3267,629.0,24.5
UNDER急増,,2026-08-12,09:12:21,9115,867.0,39.9
UNDER急増,,2026-08-12,09:12:37,4013,710.0,95.1
UNDER急増,,2026-08-12,09:15:20,7794,898.0,31.1
UNDER急増,,2026-08-12,09:16:17,4422,554.0,90.0
UNDER急増,,2026-08-12,09:16:45,4013,714.0,91.0
小口売り連続,WATCH,2026-08-12,09:17:36,5724,2626.0,5
小口売り連続,WATCH,2026-08-12,09:20:02,6433,941.0,5
小口売り連続,WATCH,2026-08-12,09:21:13,5132,1860.0,5
小口売り連続,WATCH,2026-08-12,09:24:03,6228,497.0,5
定期買い集め,STRONG,2026-08-12,09:27:27,4013,,12.2
小口売り連続,WATCH,2026-08-12,09:28:33,2998,504.0,5
小口売り連続,WATCH,2026-08-12,09:33:01,5724,2632.0,5
UNDER急増,,2026-08-12,09:34:08,4894,5130.0,20.5
UNDER急増,,2026-08-12,09:34:08,5817,998.0,42.8
小口売り連続,WATCH,2026-08-12,09:34:32,5724,2618.0,5
小口売り連続,WATCH,2026-08-12,09:36:08,2998,505.0,5
定期買い集め,STRONG,2026-08-12,09:37:17,6580,,10.2
小口売り連続,WATCH,2026-08-12,09:41:40,1514,619.0,5
小口売り連続,WATCH,2026-08-12,09:42:51,9256,1320.0,5
UNDER急増,,2026-08-12,09:47:07,4412,1147.0,45.2
小口売り連続,WATCH,2026-08-12,09:54:15,2998,507.0,5
小口売り連続,WATCH,2026-08-12,09:55:22,4894,5190.0,5
UNDER急増,,2026-08-12,10:01:23,5132,1852.0,38.3
小口売り連続,WATCH,2026-08-12,10:07:52,9256,1324.0,5
定期買い集め,WATCH,2026-08-12,10:14:18,4811,,5.0
小口売り連続,WATCH,2026-08-12,10:16:27,4889,1165.0,5
UNDER急増,,2026-08-12,10:24:08,5597,1265.0,29.0
小口売り連続,WATCH,2026-08-12,10:40:47,4889,1135.0,5
UNDER急増,,2026-08-12,10:47:09,4575,745.0,103.5
小口売り連続,WATCH,2026-08-12,11:02:39,9130,1479.0,5
小口売り連続,WATCH,2026-08-12,11:05:30,4889,1111.0,5
小口売り連続,WATCH,2026-08-12,11:12:49,5892,2180.0,5
定期買い集め,WATCH,2026-08-12,11:18:56,9256,,5.0
UNDER急増,,2026-08-12,12:05:16,9145,574.0,26.4
UNDER急増,,2026-08-12,12:26:36,3963,353.0,20.0
UNDER急増,,2026-08-12,12:31:28,4575,745.0,113.8
小口売り連続,WATCH,2026-08-12,12:40:57,7071,387.0,5
小口売り連続,WATCH,2026-08-12,12:45:12,2998,502.0,5
小口売り連続,WATCH,2026-08-12,12:49:47,5817,1009.0,5
小口売り連続,WATCH,2026-08-12,12:50:01,9256,1323.0,5
小口売り連続,WATCH,2026-08-12,13:05:00,6580,747.0,5
小口売り連続,WATCH,2026-08-12,13:05:28,7373,957.0,5
小口売り連続,WATCH,2026-08-12,13:30:53,9256,1292.0,5
小口売り連続,WATCH,2026-08-12,13:44:25,4889,1163.0,5
小口売り連続,WATCH,2026-08-12,14:10:31,2998,501.0,5
小口売り連続,WATCH,2026-08-12,14:27:56,2998,502.0,5
小口売り連続,WATCH,2026-08-12,14:32:06,4889,1155.0,5
小口売り連続,STRONG,2026-08-12,14:32:45,2998,501.0,10
小口売り連続,WATCH,2026-08-12,14:33:02,5724,2699.0,5
小口売り連続,WATCH,2026-08-12,14:42:26,5707,1008.0,5
小口売り連続,WATCH,2026-08-12,14:45:04,4418,794.0,5
小口売り連続,WATCH,2026-08-12,14:48:06,6433,956.0,5
小口売り連続,WATCH,2026-08-12,14:51:44,4894,5200.0,5
小口売り連続,WATCH,2026-08-12,15:04:27,5132,1860.0,5
小口売り連続,WATCH,2026-08-12,15:09:18,7794,898.0,5
小口売り連続,WATCH,2026-08-12,15:15:40,5597,1269.0,5
小口売り連続,WATCH,2026-08-12,15:16:37,2998,501.0,5
定期買い集め,STRONG,2026-08-12,15:19:58,4811,,10.0
小口売り連続,STRONG,2026-08-12,15:21:58,5597,1270.0,10
UNDER急増,,2026-08-12,15:22:04,5707,998.0,37.2
UNDER急増,,2026-08-12,15:24:05,5707,997.0,40.0
UNDER急増,,2026-08-13,09:01:30,7373,945.0,39.4
UNDER急増,,2026-08-13,09:01:34,5817,1023.0,38.0
UNDER急増,,2026-08-13,09:01:34,5892,2185.0,34.5
UNDER急増,,2026-08-13,09:01:44,4575,758.0,57.1
UNDER急増,,2026-08-13,09:01:45,1514,622.0,23.7
UNDER急増,,2026-08-13,09:01:45,9556,1991.0,39.2
UNDER急増,,2026-08-13,09:01:54,6217,808.0,197.1
UNDER急増,,2026-08-13,09:02:03,4570,1003.0,28.3
UNDER急増,,2026-08-13,09:02:11,3963,352.0,151.6
UNDER急増,,2026-08-13,09:02:22,6620,689.0,94.5
UNDER急増,,2026-08-13,09:02:35,4579,515.0,131.7
UNDER急増,,2026-08-13,09:02:35,5132,1861.0,31.3
UNDER急増,,2026-08-13,09:02:41,5892,2180.0,29.0
UNDER急増,,2026-08-13,09:02:50,7794,903.0,26.9
UNDER急増,,2026-08-13,09:03:01,4075,873.0,34.0
UNDER急増,,2026-08-13,09:03:11,4570,1002.0,26.7
UNDER急増,,2026-08-13,09:03:42,5892,2166.0,32.8
UNDER急増,,2026-08-13,09:04:05,4446,809.0,137.1
UNDER急増,,2026-08-13,09:05:13,9115,898.0,44.7
UNDER急増,,2026-08-13,09:05:35,7373,950.0,40.3
UNDER急増,,2026-08-13,09:06:05,4570,998.0,27.3
UNDER急増,,2026-08-13,09:06:15,5026,581.0,84.3
UNDER急増,,2026-08-13,09:06:39,7373,942.0,37.0
UNDER急増,,2026-08-13,09:08:02,9130,1488.0,34.3
UNDER急増,,2026-08-13,09:08:55,5026,581.0,91.1
小口売り連続,WATCH,2026-08-13,09:10:15,2998,503.0,5
UNDER急増,,2026-08-13,09:10:39,7794,897.0,29.7
小口売り連続,WATCH,2026-08-13,09:11:13,5707,1020.0,5
UNDER急増,,2026-08-13,09:11:30,5026,581.0,98.4
UNDER急増,,2026-08-13,09:14:01,5026,580.0,94.7
UNDER急増,,2026-08-13,09:14:05,9556,1973.0,32.7
定期買い集め,WATCH,2026-08-13,09:14:24,4013,,6.3
UNDER急増,,2026-08-13,09:14:56,4570,994.0,34.2
小口売り連続,WATCH,2026-08-13,09:15:27,5724,2721.0,5
UNDER急増,,2026-08-13,09:15:56,4570,992.0,34.0
UNDER急増,,2026-08-13,09:16:08,4013,674.0,66.2
UNDER急増,,2026-08-13,09:16:27,9115,887.0,36.7
UNDER急増,,2026-08-13,09:18:09,4013,675.0,54.0
定期買い集め,STRONG,2026-08-13,09:24:14,6580,,12.6
小口売り連続,WATCH,2026-08-13,09:24:15,7373,945.0,5
小口売り連続,WATCH,2026-08-13,09:26:16,2216,1102.0,5
小口売り連続,WATCH,2026-08-13,09:27:14,5707,1031.0,5
UNDER急増,,2026-08-13,09:27:14,4395,687.0,56.5
小口売り連続,WATCH,2026-08-13,09:29:47,1514,630.0,5
UNDER急増,,2026-08-13,09:29:55,4570,997.0,33.1
小口売り連続,WATCH,2026-08-13,09:30:16,6228,497.0,5
小口売り連続,WATCH,2026-08-13,09:30:47,3267,636.0,5
UNDER急増,,2026-08-13,09:31:21,4395,680.0,70.1
UNDER急増,,2026-08-13,09:32:50,6433,952.0,40.7
小口売り連続,WATCH,2026-08-13,09:34:29,7071,381.0,5
UNDER急増,,2026-08-13,09:38:11,5892,2146.0,21.2
UNDER急増,,2026-08-13,09:38:51,6228,496.0,52.6
定期買い集め,STRONG,2026-08-13,09:41:05,4013,,10.8
小口売り連続,WATCH,2026-08-13,09:44:05,5599,999.0,5
小口売り連続,WATCH,2026-08-13,09:46:03,2998,501.0,5
UNDER急増,,2026-08-13,09:49:36,3963,345.0,223.9
小口売り連続,WATCH,2026-08-13,09:53:27,2998,500.0,5
小口売り連続,WATCH,2026-08-13,10:19:56,2998,502.0,5
UNDER急増,,2026-08-13,10:25:00,9115,891.0,39.5
小口売り連続,WATCH,2026-08-13,10:25:26,7373,935.0,5
UNDER急増,,2026-08-13,10:26:29,6217,805.0,37.6
UNDER急増,,2026-08-13,10:26:37,5026,575.0,88.0
小口売り連続,WATCH,2026-08-13,10:26:37,4889,1122.0,5
UNDER急増,,2026-08-13,10:27:33,6217,806.0,58.9
小口売り連続,WATCH,2026-08-13,10:27:42,4889,1123.0,5
UNDER急増,,2026-08-13,10:31:34,9130,1479.0,27.0
UNDER急増,,2026-08-13,10:35:19,4446,805.0,145.2
UNDER急増,,2026-08-13,10:37:21,6217,803.0,58.9
小口売り連続,WATCH,2026-08-13,10:38:12,2216,1099.0,5
小口売り連続,WATCH,2026-08-13,10:39:26,2998,501.0,5
UNDER急増,,2026-08-13,10:47:32,6217,805.0,57.8
小口売り連続,WATCH,2026-08-13,10:55:57,4889,1123.0,5
小口売り連続,WATCH,2026-08-13,11:02:36,2216,1099.0,5
小口売り連続,WATCH,2026-08-13,11:03:50,1514,634.0,5
小口売り連続,WATCH,2026-08-13,11:04:57,7373,939.0,5
小口売り連続,WATCH,2026-08-13,11:12:30,7373,937.0,5
小口売り連続,WATCH,2026-08-13,11:13:02,2998,500.0,5
小口売り連続,WATCH,2026-08-13,11:20:10,1514,635.0,5
UNDER急増,,2026-08-13,11:29:39,4811,815.0,20.3
小口売り連続,WATCH,2026-08-13,12:30:01,5597,1258.0,5
小口売り連続,WATCH,2026-08-13,12:33:51,2998,496.0,5
UNDER急増,,2026-08-13,12:37:30,5707,1003.0,34.4
小口売り連続,WATCH,2026-08-13,12:40:45,2998,494.0,5
小口売り連続,STRONG,2026-08-13,12:42:22,2998,494.0,10
UNDER急増,,2026-08-13,12:45:57,5707,1002.0,33.2
小口売り連続,WATCH,2026-08-13,12:55:05,2998,495.0,5
小口売り連続,STRONG,2026-08-13,12:58:34,2998,495.0,10
小口売り連続,WATCH,2026-08-13,13:04:10,1514,638.0,5
小口売り連続,WATCH,2026-08-13,13:04:38,4263,529.0,5
小口売り連続,WATCH,2026-08-13,13:08:28,1514,636.0,5
小口売り連続,STRONG,2026-08-13,13:12:49,1514,636.0,10
UNDER急増,,2026-08-13,13:17:11,4811,814.0,21.2
小口売り連続,WATCH,2026-08-13,13:28:38,2998,495.0,5
小口売り連続,STRONG,2026-08-13,13:34:14,2998,495.0,10
小口売り連続,WATCH,2026-08-13,13:39:11,5817,1016.0,5
小口売り連続,WATCH,2026-08-13,13:43:37,1514,637.0,5
小口売り連続,STRONG,2026-08-13,13:46:31,1514,637.0,10
小口売り連続,WATCH,2026-08-13,13:47:26,4412,1152.0,5
小口売り連続,WATCH,2026-08-13,13:52:22,1514,636.0,5
小口売り連続,STRONG,2026-08-13,13:57:53,1514,636.0,10
小口売り連続,WATCH,2026-08-13,14:00:29,3963,354.0,5
小口売り連続,WATCH,2026-08-13,14:01:02,5707,1026.0,5
小口売り連続,WATCH,2026-08-13,14:10:30,2998,494.0,5
小口売り連続,STRONG,2026-08-13,14:16:31,2998,494.0,10
UNDER急増,,2026-08-13,14:17:22,5729,1737.0,20.8
UNDER急増,,2026-08-13,14:17:23,5817,1013.0,32.0
UNDER急増,,2026-08-13,14:17:31,4011,2099.0,24.6
UNDER急増,,2026-08-13,14:17:33,5026,576.0,66.5
UNDER急増,,2026-08-13,14:17:37,2998,494.0,48.9
UNDER急増,,2026-08-13,14:17:39,6217,801.0,58.3
UNDER急増,,2026-08-13,14:17:43,4013,672.0,64.3
UNDER急増,,2026-08-13,14:17:45,4888,325.0,43.6
UNDER急増,,2026-08-13,14:18:29,4579,515.0,136.8
UNDER急増,,2026-08-13,14:19:11,9556,1975.0,30.8
UNDER急増,,2026-08-13,14:20:26,4412,1160.0,36.3
UNDER急増,,2026-08-13,14:22:14,4446,805.0,149.3
小口売り連続,WATCH,2026-08-13,14:23:44,4889,1182.0,5
小口売り連続,WATCH,2026-08-13,14:23:49,2998,494.0,5
小口売り連続,STRONG,2026-08-13,14:25:11,2998,494.0,10
小口売り連続,WATCH,2026-08-13,14:33:29,4570,1045.0,5
小口売り連続,WATCH,2026-08-13,14:41:09,5591,790.0,5
小口売り連続,WATCH,2026-08-13,14:42:48,6433,976.0,5
小口売り連続,WATCH,2026-08-13,14:47:37,5132,1901.0,5
小口売り連続,WATCH,2026-08-13,14:50:13,5707,1026.0,5
小口売り連続,WATCH,2026-08-13,14:54:24,7794,911.0,5
小口売り連続,STRONG,2026-08-13,15:00:03,5591,787.0,10
UNDER急増,,2026-08-13,15:02:02,6217,798.0,35.4
小口売り連続,WATCH,2026-08-13,15:17:13,4889,1173.0,5
小口売り連続,WATCH,2026-08-13,15:23:55,2216,1098.0,5
小口売り連続,WATCH,2026-08-13,15:24:20,5597,1259.0,5
小口売り連続,WATCH,2026-08-13,15:24:49,4393,5070.0,5
UNDER急増,,2026-08-14,09:01:22,2998,480.0,95.2
UNDER急増,,2026-08-14,09:01:30,7794,915.0,32.5
UNDER急増,,2026-08-14,09:01:36,7071,385.0,47.7
UNDER急増,,2026-08-14,09:01:42,9115,913.0,36.1
UNDER急増,,2026-08-14,09:02:03,9130,1489.0,27.5
UNDER急増,,2026-08-14,09:03:15,5597,1250.0,42.3
UNDER急増,,2026-08-14,09:04:02,9115,896.0,45.6
UNDER急増,,2026-08-14,09:04:06,6433,967.0,27.7
小口売り連続,WATCH,2026-08-14,09:04:37,7794,921.0,5
UNDER急増,,2026-08-14,09:05:38,4263,531.0,26.4
UNDER急増,,2026-08-14,09:06:14,9130,1500.0,26.4
UNDER急増,,2026-08-14,09:06:36,4011,2071.0,25.9
UNDER急増,,2026-08-14,09:07:09,9115,895.0,30.8
UNDER急増,,2026-08-14,09:07:52,4395,685.0,64.3
小口売り連続,WATCH,2026-08-14,09:08:45,1514,637.0,5
UNDER急増,,2026-08-14,09:10:01,4840,539.0,56.3
UNDER急増,,2026-08-14,09:11:23,4840,539.0,50.8
小口売り連続,WATCH,2026-08-14,09:12:35,4011,2064.0,5
UNDER急増,,2026-08-14,09:13:11,4446,808.0,159.2
定期買い集め,STRONG,2026-08-14,09:13:20,6580,,26.9
UNDER急増,,2026-08-14,09:15:03,9130,1490.0,22.2
UNDER急増,,2026-08-14,09:15:55,5597,1240.0,43.4
小口売り連続,WATCH,2026-08-14,09:17:16,4894,5230.0,5
UNDER急増,,2026-08-14,09:18:57,5026,575.0,75.3
小口売り連続,WATCH,2026-08-14,09:22:56,6217,836.0,5
UNDER急増,,2026-08-14,09:30:57,7373,955.0,31.8
UNDER急増,,2026-08-14,09:31:12,4840,539.0,72.2
UNDER急増,,2026-08-14,09:32:05,7373,956.0,33.7
小口売り連続,WATCH,2026-08-14,09:32:26,2998,489.0,5
小口売り連続,WATCH,2026-08-14,09:35:31,3692,4705.0,5
小口売り連続,WATCH,2026-08-14,09:39:15,7373,961.0,5
定期買い集め,STRONG,2026-08-14,09:39:20,4013,,14.5
小口売り連続,WATCH,2026-08-14,09:44:58,7794,949.0,5
小口売り連続,WATCH,2026-08-14,09:45:05,1514,648.0,5
UNDER急増,,2026-08-14,09:45:21,5729,1765.0,23.5
小口売り連続,WATCH,2026-08-14,09:50:18,4888,342.0,5
小口売り連続,WATCH,2026-08-14,09:53:50,4570,1028.0,5
小口売り連続,WATCH,2026-08-14,09:59:50,1514,653.0,5
小口売り連続,WATCH,2026-08-14,10:01:26,7794,946.0,5
小口売り連続,WATCH,2026-08-14,10:11:52,4422,580.0,5
小口売り連続,WATCH,2026-08-14,10:12:24,7373,978.0,5
小口売り連続,WATCH,2026-08-14,10:13:22,4894,5360.0,5
小口売り連続,WATCH,2026-08-14,10:15:01,4889,1189.0,5
小口売り連続,STRONG,2026-08-14,10:15:18,4894,5340.0,10
小口売り連続,WATCH,2026-08-14,10:16:34,6217,832.0,5
UNDER急増,,2026-08-14,10:19:12,6228,501.0,83.8
小口売り連続,WATCH,2026-08-14,10:19:39,1514,656.0,5
小口売り連続,WATCH,2026-08-14,10:26:39,3692,4680.0,5
小口売り連続,WATCH,2026-08-14,10:27:19,9256,1163.0,5
小口売り連続,WATCH,2026-08-14,10:28:25,3692,4675.0,5
小口売り連続,WATCH,2026-08-14,10:31:08,5707,1115.0,5
小口売り連続,WATCH,2026-08-14,10:31:30,4889,1188.0,5
小口売り連続,WATCH,2026-08-14,10:41:09,2998,494.0,5
UNDER急増,,2026-08-14,10:44:06,9145,567.0,20.3
小口売り連続,WATCH,2026-08-14,10:49:51,3692,4770.0,5
小口売り連続,WATCH,2026-08-14,10:56:23,7034,372.0,5
小口売り連続,WATCH,2026-08-14,10:57:10,5892,2402.0,5
小口売り連続,WATCH,2026-08-14,11:01:30,2998,493.0,5
UNDER急増,,2026-08-14,11:03:11,9145,565.0,20.2
小口売り連続,WATCH,2026-08-14,11:11:21,5707,1106.0,5
小口売り連続,WATCH,2026-08-14,11:14:27,4894,5470.0,5
小口売り連続,WATCH,2026-08-14,11:17:23,2998,492.0,5
小口売り連続,STRONG,2026-08-14,11:21:01,2998,492.0,10
小口売り連続,WATCH,2026-08-14,11:23:17,6217,835.0,5
UNDER急増,,2026-08-14,11:27:04,9145,566.0,21.7
UNDER急増,,2026-08-14,12:25:59,3963,358.0,21.3
小口売り連続,WATCH,2026-08-14,12:30:01,5132,2022.0,5
UNDER急増,,2026-08-14,12:31:05,4013,671.0,71.7
小口売り連続,WATCH,2026-08-14,12:32:01,2998,497.0,5
UNDER急増,,2026-08-14,12:32:05,9145,566.0,42.2
小口売り連続,WATCH,2026-08-14,12:32:48,9115,913.0,5
小口売り連続,WATCH,2026-08-14,12:35:53,6217,827.0,5
小口売り連続,WATCH,2026-08-14,12:37:03,2998,496.0,5
小口売り連続,WATCH,2026-08-14,12:48:20,2998,496.0,5
小口売り連続,STRONG,2026-08-14,12:50:52,2998,496.0,10
小口売り連続,WATCH,2026-08-14,12:53:38,3692,4710.0,5
小口売り連続,WATCH,2026-08-14,12:54:10,3963,358.0,5
小口売り連続,WATCH,2026-08-14,12:58:11,2998,495.0,5
小口売り連続,WATCH,2026-08-14,13:05:34,5707,1077.0,5
定期買い集め,STRONG,2026-08-14,13:11:57,5026,,12.1
小口売り連続,WATCH,2026-08-14,13:14:37,4894,5350.0,5
小口売り連続,WATCH,2026-08-14,13:15:23,5729,1741.0,5
UNDER急増,,2026-08-14,13:30:41,4579,512.0,27.8
小口売り連続,WATCH,2026-08-14,13:32:50,4889,1201.0,5
小口売り連続,WATCH,2026-08-14,13:33:26,3963,358.0,5
小口売り連続,WATCH,2026-08-14,13:39:06,6217,818.0,5
UNDER急増,,2026-08-14,13:48:32,9145,567.0,20.5
小口売り連続,WATCH,2026-08-14,13:49:49,1514,648.0,5
UNDER急増,,2026-08-14,13:50:17,9145,567.0,20.5
UNDER急増,,2026-08-14,13:58:21,9145,560.0,20.8
UNDER急増,,2026-08-14,14:02:22,9145,536.0,24.4
小口売り連続,WATCH,2026-08-14,14:03:01,3692,4730.0,5
小口売り連続,WATCH,2026-08-14,14:06:29,3963,359.0,5
UNDER急増,,2026-08-14,14:21:25,6228,499.0,82.1
小口売り連続,WATCH,2026-08-14,14:27:16,4579,513.0,5
小口売り連続,WATCH,2026-08-14,14:35:10,5599,999.0,5
小口売り連続,WATCH,2026-08-14,15:01:06,2998,516.0,5
小口売り連続,WATCH,2026-08-14,15:10:05,5724,3000.0,5
小口売り連続,STRONG,2026-08-14,15:13:12,5724,2990.0,10
小口売り連続,WATCH,2026-08-14,15:14:31,9256,1160.0,5
小口売り連続,WATCH,2026-08-14,15:24:09,2998,500.0,5
UNDER急増,,2026-08-17,09:01:33,7794,944.0,25.8
UNDER急増,,2026-08-17,09:01:43,9556,2074.0,37.4
UNDER急増,,2026-08-17,09:01:47,3449,4085.0,20.1
UNDER急増,,2026-08-17,09:02:02,4422,589.0,94.2
UNDER急増,,2026-08-17,09:02:33,5590,680.0,61.4
UNDER急増,,2026-08-17,09:02:38,5597,1264.0,32.1
UNDER急増,,2026-08-17,09:03:09,5599,987.0,25.5
UNDER急増,,2026-08-17,09:03:35,7794,950.0,22.5
UNDER急増,,2026-08-17,09:03:37,5590,685.0,57.8
UNDER急増,,2026-08-17,09:04:36,7794,945.0,25.5
UNDER急増,,2026-08-17,09:05:36,7794,935.0,27.5
UNDER急増,,2026-08-17,09:07:02,2998,478.0,28.4
定期買い集め,WATCH,2026-08-17,09:07:13,5590,,6.0
UNDER急増,,2026-08-17,09:07:54,7794,944.0,23.0
UNDER急増,,2026-08-17,09:08:04,2998,480.0,28.7
小口売り連続,WATCH,2026-08-17,09:08:20,3930,739.0,5
小口売り連続,WATCH,2026-08-17,09:10:34,1885,2234.0,5
UNDER急増,,2026-08-17,09:11:49,5132,2000.0,36.5
UNDER急増,,2026-08-17,09:13:24,5590,685.0,61.6
UNDER急増,,2026-08-17,09:14:41,4888,337.0,60.7
UNDER急増,,2026-08-17,09:15:12,4418,937.0,55.6
UNDER急増,,2026-08-17,09:15:32,5599,975.0,38.3
UNDER急増,,2026-08-17,09:16:31,5590,686.0,49.0
UNDER急増,,2026-08-17,09:16:34,7794,940.0,22.4
UNDER急増,,2026-08-17,09:16:34,9556,2055.0,29.9
小口売り連続,WATCH,2026-08-17,09:16:54,3449,4105.0,5
UNDER急増,,2026-08-17,09:18:33,4840,549.0,66.8
小口売り連続,WATCH,2026-08-17,09:19:11,4414,1067.0,5
小口売り連続,WATCH,2026-08-17,09:22:07,4889,1314.0,5
定期買い集め,WATCH,2026-08-17,09:25:15,4414,,7.7
定期買い集め,STRONG,2026-08-17,09:27:48,4414,,13.6
UNDER急増,,2026-08-17,09:28:33,4840,540.0,48.2
定期買い集め,STRONG,2026-08-17,09:28:36,6580,,10.1
小口売り連続,WATCH,2026-08-17,09:35:15,4579,542.0,5
小口売り連続,WATCH,2026-08-17,09:35:50,3449,4135.0,5
小口売り連続,WATCH,2026-08-17,09:37:23,4418,960.0,5
定期買い集め,WATCH,2026-08-17,09:38:29,4013,,5.2
小口売り連続,WATCH,2026-08-17,09:38:29,6217,933.0,5
小口売り連続,WATCH,2026-08-17,09:41:07,5707,1144.0,5
小口売り連続,WATCH,2026-08-17,09:41:31,4418,952.0,5
小口売り連続,WATCH,2026-08-17,09:47:09,5262,1147.0,5
UNDER急増,,2026-08-17,09:47:18,5817,1017.0,33.2
小口売り連続,WATCH,2026-08-17,09:49:07,7034,374.0,5
UNDER急増,,2026-08-17,09:51:38,7794,924.0,29.0
小口売り連続,WATCH,2026-08-17,09:52:08,5707,1120.0,5
小口売り連続,WATCH,2026-08-17,09:52:49,5707,1111.0,5
小口売り連続,WATCH,2026-08-17,09:53:15,2998,510.0,5
UNDER急増,,2026-08-17,09:53:20,9238,404.0,78.7
小口売り連続,WATCH,2026-08-17,09:59:18,5262,1142.0,5
小口売り連続,WATCH,2026-08-17,10:10:58,6217,902.0,5
小口売り連続,WATCH,2026-08-17,10:11:00,3449,4180.0,5
小口売り連続,WATCH,2026-08-17,10:16:25,1885,2122.0,5
UNDER急増,,2026-08-17,10:16:31,4422,581.0,94.4
UNDER急増,,2026-08-17,10:17:44,4075,896.0,20.4
小口売り連続,WATCH,2026-08-17,10:33:17,4894,5490.0,5
小口売り連続,WATCH,2026-08-17,10:51:21,6217,936.0,5
小口売り連続,WATCH,2026-08-17,11:06:10,3449,4215.0,5
小口売り連続,WATCH,2026-08-17,11:27:31,5590,681.0,5
小口売り連続,WATCH,2026-08-17,11:27:46,1514,652.0,5
UNDER急増,,2026-08-17,12:26:03,4199,793.0,47.6
小口売り連続,WATCH,2026-08-17,12:30:01,9337,1425.0,5
UNDER急増,,2026-08-17,12:31:07,4013,677.0,68.5
小口売り連続,WATCH,2026-08-17,12:31:23,5262,1140.0,5
UNDER急増,,2026-08-17,12:33:06,5132,1967.0,29.7
定期買い集め,STRONG,2026-08-17,12:35:24,4013,,10.4
UNDER急増,,2026-08-17,12:37:17,9238,404.0,213.0
小口売り連続,WATCH,2026-08-17,12:42:46,6217,933.0,5
小口売り連続,WATCH,2026-08-17,12:43:10,1514,647.0,5
小口売り連続,WATCH,2026-08-17,12:43:32,4418,953.0,5
小口売り連続,WATCH,2026-08-17,12:48:24,5262,1133.0,5
小口売り連続,WATCH,2026-08-17,12:55:19,6580,847.0,5
小口売り連続,WATCH,2026-08-17,13:00:14,6217,915.0,5
小口売り連続,WATCH,2026-08-17,13:03:27,6217,916.0,5
小口売り連続,WATCH,2026-08-17,13:04:22,4418,954.0,5
小口売り連続,WATCH,2026-08-17,13:05:01,5590,677.0,5
小口売り連続,WATCH,2026-08-17,13:12:01,1885,2118.0,5
小口売り連続,WATCH,2026-08-17,13:39:21,4418,967.0,5
小口売り連続,WATCH,2026-08-17,13:49:00,5590,676.0,5
UNDER急増,,2026-08-17,14:01:02,9238,404.0,67.2
小口売り連続,WATCH,2026-08-17,14:06:28,2216,1093.0,5
小口売り連続,WATCH,2026-08-17,14:07:29,4013,681.0,5
小口売り連続,WATCH,2026-08-17,14:10:38,5262,1127.0,5
小口売り連続,WATCH,2026-08-17,14:20:54,5262,1126.0,5
小口売り連続,WATCH,2026-08-17,14:21:02,5132,1971.0,5
小口売り連続,WATCH,2026-08-17,14:24:41,5591,840.0,5
小口売り連続,WATCH,2026-08-17,14:33:04,4418,966.0,5
小口売り連続,WATCH,2026-08-17,14:34:51,6217,940.0,5
小口売り連続,WATCH,2026-08-17,14:50:21,9256,1217.0,5
小口売り連続,WATCH,2026-08-17,14:53:58,5590,679.0,5
小口売り連続,WATCH,2026-08-17,15:00:19,6217,930.0,5
小口売り連続,STRONG,2026-08-17,15:01:42,6217,926.0,10
小口売り連続,WATCH,2026-08-17,15:04:27,5590,678.0,5
小口売り連続,WATCH,2026-08-17,15:06:41,4013,677.0,5
小口売り連続,WATCH,2026-08-17,15:09:27,5262,1127.0,5
小口売り連続,WATCH,2026-08-17,15:16:31,6580,858.0,5
小口売り連続,WATCH,2026-08-17,15:20:30,5590,678.0,5
小口売り連続,WATCH,2026-08-17,15:23:44,5262,1124.0,5
定期買い集め,WATCH,2026-08-17,15:24:20,9256,,7.1
小口売り連続,WATCH,2026-08-17,15:24:30,3449,4195.0,5
小口売り連続,WATCH,2026-08-17,15:24:33,2216,1092.0,5
UNDER急増,,2026-08-18,09:04:43,4840,538.0,67.9
UNDER急増,,2026-08-18,09:04:44,5034,2100.0,32.5
UNDER急増,,2026-08-18,09:05:04,4579,530.0,109.1
小口売り連続,WATCH,2026-08-18,09:05:26,4889,1293.0,5
UNDER急増,,2026-08-18,09:05:31,4013,675.0,81.2
UNDER急増,,2026-08-18,09:06:13,5590,681.0,95.2
UNDER急増,,2026-08-18,09:07:22,5590,678.0,79.1
UNDER急増,,2026-08-18,09:08:56,5590,677.0,76.9
定期買い集め,WATCH,2026-08-18,09:13:10,3449,,9.0
定期買い集め,WATCH,2026-08-18,09:14:25,5262,,7.5
小口売り連続,WATCH,2026-08-18,09:15:23,4013,676.0,5
小口売り連続,WATCH,2026-08-18,09:18:48,4889,1305.0,5
定期買い集め,WATCH,2026-08-18,09:23:42,4414,,5.6
小口売り連続,WATCH,2026-08-18,09:32:27,3692,4870.0,5
UNDER急増,,2026-08-18,09:32:39,5599,990.0,22.6
UNDER急増,,2026-08-18,09:34:02,4199,801.0,57.9
定期買い集め,STRONG,2026-08-18,09:34:08,4013,,13.1
UNDER急増,,2026-08-18,09:34:30,4263,550.0,47.9
UNDER急増,,2026-08-18,09:37:24,4263,545.0,43.6
小口売り連続,WATCH,2026-08-18,09:42:35,4889,1295.0,5
小口売り連続,WATCH,2026-08-18,09:53:22,3747,428.0,5
小口売り連続,WATCH,2026-08-18,09:58:09,6217,902.0,5
UNDER急増,,2026-08-18,10:03:22,9238,403.0,82.4
小口売り連続,WATCH,2026-08-18,10:05:31,3963,352.0,5
小口売り連続,WATCH,2026-08-18,10:08:53,6217,899.0,5
小口売り連続,WATCH,2026-08-18,10:16:49,4889,1302.0,5
UNDER急増,,2026-08-18,10:20:38,9238,403.0,88.5
小口売り連続,WATCH,2026-08-18,10:23:15,4418,988.0,5
小口売り連続,WATCH,2026-08-18,10:25:20,3692,4940.0,5
小口売り連続,WATCH,2026-08-18,10:33:57,4894,5260.0,5
小口売り連続,WATCH,2026-08-18,10:34:39,2998,526.0,5
定期買い集め,STRONG,2026-08-18,10:37:36,4414,,10.0
小口売り連続,WATCH,2026-08-18,10:40:07,4418,984.0,5
小口売り連続,WATCH,2026-08-18,10:42:01,3449,4265.0,5
小口売り連続,WATCH,2026-08-18,10:42:48,3692,4900.0,5
UNDER急増,,2026-08-18,10:51:27,6217,884.0,39.0
小口売り連続,WATCH,2026-08-18,11:04:32,1885,2132.0,5
小口売り連続,WATCH,2026-08-18,11:11:25,7794,959.0,5
小口売り連続,WATCH,2026-08-18,11:12:14,1885,2125.0,5
UNDER急増,,2026-08-18,12:26:16,9556,2101.0,21.6
小口売り連続,WATCH,2026-08-18,12:30:59,4378,505.0,5
UNDER急増,,2026-08-18,12:31:07,3930,753.0,76.9
UNDER急増,,2026-08-18,12:31:17,3449,4080.0,20.2
UNDER急増,,2026-08-18,12:31:21,6620,715.0,124.4
UNDER急増,,2026-08-18,12:31:27,7794,946.0,23.8
UNDER急増,,2026-08-18,12:31:44,4422,584.0,117.3
UNDER急増,,2026-08-18,12:32:03,6228,505.0,53.2
UNDER急増,,2026-08-18,12:32:15,9556,2085.0,24.8
UNDER急増,,2026-08-18,12:32:42,5132,1996.0,29.5
UNDER急増,,2026-08-18,12:32:50,9238,400.0,235.8
UNDER急増,,2026-08-18,12:33:24,5729,1788.0,54.7
UNDER急増,,2026-08-18,12:43:46,5599,985.0,27.5
小口売り連続,WATCH,2026-08-18,12:58:17,1514,661.0,5
UNDER急増,,2026-08-18,13:15:16,5132,1996.0,30.9
定期買い集め,WATCH,2026-08-18,13:23:56,6580,,8.8
小口売り連続,WATCH,2026-08-18,13:43:57,3692,4775.0,5
小口売り連続,WATCH,2026-08-18,13:43:58,4888,338.0,5
定期買い集め,STRONG,2026-08-18,13:48:54,6580,,10.3
小口売り連続,WATCH,2026-08-18,13:53:00,1514,665.0,5
小口売り連続,WATCH,2026-08-18,13:55:55,3692,4740.0,5
小口売り連続,WATCH,2026-08-18,14:14:55,3449,4110.0,5
UNDER急増,,2026-08-18,14:18:24,4199,800.0,61.3
小口売り連続,WATCH,2026-08-18,14:21:59,4889,1318.0,5
UNDER急増,,2026-08-18,14:25:53,2998,515.0,38.0
小口売り連続,WATCH,2026-08-18,14:33:20,5707,1116.0,5
UNDER急増,,2026-08-18,14:41:42,5132,1983.0,29.8
UNDER急増,,2026-08-18,14:48:52,4894,5150.0,21.9
小口売り連続,WATCH,2026-08-18,14:51:06,3449,3990.0,5
小口売り連続,WATCH,2026-08-18,14:55:11,5707,1118.0,5
小口売り連続,WATCH,2026-08-18,15:02:19,4013,676.0,5
小口売り連続,WATCH,2026-08-18,15:02:34,3449,3970.0,5
小口売り連続,WATCH,2026-08-18,15:07:52,5034,2071.0,5
小口売り連続,WATCH,2026-08-18,15:18:40,5262,1144.0,5
小口売り連続,WATCH,2026-08-18,15:20:45,3449,3985.0,5
UNDER急増,,2026-08-19,09:05:18,4013,673.0,126.2
UNDER急増,,2026-08-19,09:05:30,4395,660.0,74.3
UNDER急増,,2026-08-19,09:06:38,9256,1175.0,22.7
UNDER急増,,2026-08-19,09:06:54,6433,1011.0,20.6
小口売り連続,WATCH,2026-08-19,09:06:54,4889,1281.0,5
UNDER急増,,2026-08-19,09:08:53,4288,450.0,21.6
UNDER急増,,2026-08-19,09:09:14,6433,1007.0,24.9
UNDER急増,,2026-08-19,09:09:21,4199,797.0,65.1
小口売り連続,WATCH,2026-08-19,09:09:44,5597,1309.0,5
小口売り連続,WATCH,2026-08-19,09:11:15,1514,648.0,5
UNDER急増,,2026-08-19,09:11:21,6217,838.0,47.9
小口売り連続,WATCH,2026-08-19,09:11:59,1514,649.0,5
UNDER急増,,2026-08-19,09:12:41,6228,491.0,59.0
UNDER急増,,2026-08-19,09:13:02,4422,571.0,87.2
小口売り連続,WATCH,2026-08-19,09:13:30,1885,2030.0,5
UNDER急増,,2026-08-19,09:14:05,5817,998.0,40.1
UNDER急増,,2026-08-19,09:14:28,4840,531.0,31.2
UNDER急増,,2026-08-19,09:15:54,3930,744.0,111.3
UNDER急増,,2026-08-19,09:17:26,5817,994.0,42.4
定期買い集め,WATCH,2026-08-19,09:17:47,7794,,5.0
UNDER急増,,2026-08-19,09:17:48,5597,1304.0,23.4
UNDER急増,,2026-08-19,09:18:10,5591,791.0,33.9
UNDER急増,,2026-08-19,09:18:25,6217,838.0,51.2
UNDER急増,,2026-08-19,09:19:25,5591,791.0,33.9
UNDER急増,,2026-08-19,09:22:39,4570,1011.0,29.9
UNDER急増,,2026-08-19,09:24:36,4418,948.0,47.7
UNDER急増,,2026-08-19,09:24:43,4013,672.0,117.1
UNDER急増,,2026-08-19,09:28:35,6217,842.0,37.7
UNDER急増,,2026-08-19,09:30:38,6217,843.0,41.1
小口売り連続,WATCH,2026-08-19,09:31:28,4013,673.0,5
UNDER急増,,2026-08-19,09:33:11,7794,951.0,23.3
UNDER急増,,2026-08-19,09:34:13,7794,951.0,23.6
UNDER急増,,2026-08-19,09:36:57,6580,849.0,26.2
小口売り連続,WATCH,2026-08-19,09:41:29,3692,4640.0,5
小口売り連続,WATCH,2026-08-19,09:44:38,1514,652.0,5
小口売り連続,WATCH,2026-08-19,09:47:15,4894,5020.0,5
UNDER急増,,2026-08-19,09:47:56,9238,395.0,146.1
小口売り連続,WATCH,2026-08-19,09:48:24,5262,1141.0,5
小口売り連続,WATCH,2026-08-19,09:48:33,4889,1310.0,5
小口売り連続,WATCH,2026-08-19,09:48:37,7794,953.0,5
小口売り連続,WATCH,2026-08-19,09:54:27,1885,2015.0,5
小口売り連続,WATCH,2026-08-19,09:54:33,1514,651.0,5
小口売り連続,WATCH,2026-08-19,09:55:00,1514,651.0,5
小口売り連続,WATCH,2026-08-19,09:55:50,1514,650.0,5
UNDER急増,,2026-08-19,09:57:17,3449,3855.0,24.8
定期買い集め,WATCH,2026-08-19,09:59:19,4013,,9.6
小口売り連続,WATCH,2026-08-19,10:01:05,3803,522.0,5
小口売り連続,WATCH,2026-08-19,10:01:15,5707,1072.0,5
小口売り連続,WATCH,2026-08-19,10:01:58,4418,995.0,5
小口売り連続,WATCH,2026-08-19,10:12:37,4418,1000.0,5
UNDER急増,,2026-08-19,10:14:11,3963,350.0,67.6
小口売り連続,WATCH,2026-08-19,10:15:41,1514,650.0,5
小口売り連続,STRONG,2026-08-19,10:16:14,1514,650.0,10
小口売り連続,WATCH,2026-08-19,10:19:31,5707,1074.0,5
UNDER急増,,2026-08-19,10:20:03,6620,697.0,131.3
定期買い集め,STRONG,2026-08-19,10:21:57,4414,,12.7
UNDER急増,,2026-08-19,10:22:34,6580,843.0,26.1
小口売り連続,WATCH,2026-08-19,10:33:08,5707,1082.0,5
UNDER急増,,2026-08-19,10:34:11,6620,698.0,120.4
UNDER急増,,2026-08-19,10:34:41,5599,977.0,24.0
定期買い集め,WATCH,2026-08-19,10:37:00,6580,,6.2
UNDER急増,,2026-08-19,10:39:17,6580,844.0,27.2
小口売り連続,WATCH,2026-08-19,10:39:49,4889,1302.0,5
小口売り連続,WATCH,2026-08-19,10:41:24,1514,645.0,5
小口売り連続,WATCH,2026-08-19,10:43:14,1514,644.0,5
小口売り連続,WATCH,2026-08-19,10:44:26,1514,643.0,5
小口売り連続,WATCH,2026-08-19,10:45:12,1514,643.0,5
小口売り連続,STRONG,2026-08-19,10:45:32,1514,643.0,10
小口売り連続,WATCH,2026-08-19,10:46:37,4888,336.0,5
小口売り連続,WATCH,2026-08-19,10:54:35,4888,335.0,5
小口売り連続,WATCH,2026-08-19,10:55:16,2216,1080.0,5
小口売り連続,WATCH,2026-08-19,10:56:13,4013,662.0,5
小口売り連続,WATCH,2026-08-19,11:07:44,1514,642.0,5
小口売り連続,WATCH,2026-08-19,11:09:03,6217,910.0,5
小口売り連続,WATCH,2026-08-19,11:10:33,4075,885.0,5
小口売り連続,WATCH,2026-08-19,11:11:12,5817,990.0,5
小口売り連続,WATCH,2026-08-19,11:12:03,6217,904.0,5
小口売り連続,WATCH,2026-08-19,11:12:39,9256,1154.0,5
定期買い集め,STRONG,2026-08-19,11:13:16,6580,,10.3
小口売り連続,WATCH,2026-08-19,11:15:52,4395,650.0,5
小口売り連続,WATCH,2026-08-19,11:16:24,3692,4620.0,5
小口売り連続,STRONG,2026-08-19,11:18:16,5817,987.0,10
UNDER急増,,2026-08-19,11:19:47,6620,697.0,111.5
小口売り連続,WATCH,2026-08-19,11:20:13,4418,1001.0,5
UNDER急増,,2026-08-19,12:05:06,9256,1157.0,20.3
UNDER急増,,2026-08-19,12:05:24,4013,658.0,21.6
UNDER急増,,2026-08-19,12:05:31,5591,784.0,25.8
UNDER急増,,2026-08-19,12:13:54,7794,935.0,20.8
UNDER急増,,2026-08-19,12:20:04,9238,384.0,33.3
UNDER急増,,2026-08-19,12:26:59,4199,795.0,30.0
小口売り連続,WATCH,2026-08-19,12:30:02,4199,792.0,5
小口売り連続,WATCH,2026-08-19,12:30:03,5287,860.0,5
UNDER急増,,2026-08-19,12:31:05,9556,2080.0,25.5
UNDER急増,,2026-08-19,12:31:57,4013,661.0,104.1
UNDER急増,,2026-08-19,12:31:57,5599,975.0,22.9
UNDER急増,,2026-08-19,12:33:42,5599,971.0,22.7
UNDER急増,,2026-08-19,12:33:51,3930,745.0,96.1
小口売り連続,WATCH,2026-08-19,12:35:28,6433,1004.0,5
UNDER急増,,2026-08-19,12:35:56,6580,837.0,50.9
UNDER急増,,2026-08-19,12:36:33,4075,881.0,52.7
小口売り連続,WATCH,2026-08-19,12:45:11,4570,1012.0,5
小口売り連続,WATCH,2026-08-19,12:45:43,3803,530.0,5
小口売り連続,WATCH,2026-08-19,12:48:11,6433,1001.0,5
小口売り連続,WATCH,2026-08-19,12:53:27,4418,1027.0,5
小口売り連続,WATCH,2026-08-19,12:59:46,4579,563.0,5
UNDER急増,,2026-08-19,13:04:18,6620,699.0,108.1
小口売り連続,WATCH,2026-08-19,13:05:27,1885,1995.0,5
小口売り連続,WATCH,2026-08-19,13:12:41,6228,494.0,5
小口売り連続,WATCH,2026-08-19,13:15:39,3692,4640.0,5
小口売り連続,WATCH,2026-08-19,13:19:15,1514,639.0,5
UNDER急増,,2026-08-19,13:19:24,3963,341.0,114.0
小口売り連続,WATCH,2026-08-19,13:20:08,5729,1747.0,5
小口売り連続,WATCH,2026-08-19,13:20:25,4013,658.0,5
UNDER急増,,2026-08-19,13:22:20,3963,341.0,99.2
小口売り連続,WATCH,2026-08-19,13:23:02,1514,639.0,5
小口売り連続,STRONG,2026-08-19,13:24:03,3692,4625.0,10
小口売り連続,WATCH,2026-08-19,13:24:13,3803,525.0,5
小口売り連続,WATCH,2026-08-19,13:33:04,3449,3785.0,5
UNDER急増,,2026-08-19,13:33:24,5599,974.0,22.5
小口売り連続,WATCH,2026-08-19,13:34:12,1885,1982.0,5
小口売り連続,STRONG,2026-08-19,13:37:06,5287,854.0,10
小口売り連続,WATCH,2026-08-19,13:40:19,4894,4845.0,5
UNDER急増,,2026-08-19,13:41:36,6580,843.0,29.9
UNDER急増,,2026-08-19,13:42:19,2998,500.0,45.3
小口売り連続,WATCH,2026-08-19,13:47:00,9556,2073.0,5
UNDER急増,,2026-08-19,13:49:40,2998,501.0,45.2
小口売り連続,WATCH,2026-08-19,13:53:02,4888,330.0,5
UNDER急増,,2026-08-19,13:53:12,4570,999.0,35.3
UNDER急増,,2026-08-19,13:56:32,1885,1980.0,108.2
小口売り連続,WATCH,2026-08-19,13:59:39,1514,639.0,5
UNDER急増,,2026-08-19,14:00:09,4570,1001.0,34.6
小口売り連続,WATCH,2026-08-19,14:06:28,2216,1078.0,5
小口売り連続,WATCH,2026-08-19,14:08:45,4894,4880.0,5
小口売り連続,WATCH,2026-08-19,14:14:36,5132,1976.0,5
小口売り連続,WATCH,2026-08-19,14:17:55,3692,4605.0,5
小口売り連続,WATCH,2026-08-19,14:25:05,5707,1051.0,5
小口売り連続,WATCH,2026-08-19,14:34:53,6433,991.0,5
小口売り連続,WATCH,2026-08-19,14:42:00,1885,1979.0,5
UNDER急増,,2026-08-19,14:44:07,1885,1981.0,105.6
UNDER急増,,2026-08-19,14:47:06,6580,834.0,29.5
UNDER急増,,2026-08-19,14:48:41,6433,997.0,24.9
小口売り連続,WATCH,2026-08-19,14:50:36,5817,976.0,5
UNDER急増,,2026-08-19,14:56:31,6228,491.0,67.2
UNDER急増,,2026-08-19,14:56:49,6433,997.0,23.4
UNDER急増,,2026-08-19,15:02:52,4570,1000.0,35.0
小口売り連続,WATCH,2026-08-19,15:06:58,6433,995.0,5
UNDER急増,,2026-08-19,15:07:09,4570,1000.0,33.3
小口売り連続,WATCH,2026-08-19,15:13:22,4418,1029.0,5
小口売り連続,WATCH,2026-08-19,15:14:43,2216,1077.0,5
小口売り連続,STRONG,2026-08-19,15:14:53,4418,1024.0,10
UNDER急増,,2026-08-19,15:14:53,6620,697.0,106.5
小口売り連続,WATCH,2026-08-19,15:18:00,5591,795.0,5
UNDER急増,,2026-08-19,15:18:57,4570,1001.0,34.7
小口売り連続,WATCH,2026-08-19,15:19:02,5729,1755.0,5
小口売り連続,WATCH,2026-08-19,15:22:01,5707,1053.0,5
小口売り連続,WATCH,2026-08-20,09:00:28,5590,666.0,5
UNDER急増,,2026-08-20,09:01:17,3449,3815.0,26.2
UNDER急増,,2026-08-20,09:01:47,3963,344.0,69.3
UNDER急増,,2026-08-20,09:02:11,5729,1811.0,33.6
UNDER急増,,2026-08-20,09:02:16,9556,2133.0,28.3
UNDER急増,,2026-08-20,09:03:01,5817,999.0,95.0
UNDER急増,,2026-08-20,09:03:01,4579,584.0,30.3
UNDER急増,,2026-08-20,09:03:04,9337,1399.0,28.6
UNDER急増,,2026-08-20,09:03:08,5590,672.0,62.6
UNDER急増,,2026-08-20,09:04:05,6217,856.0,34.1
小口売り連続,WATCH,2026-08-20,09:04:25,4418,1102.0,5
UNDER急増,,2026-08-20,09:05:05,4570,1043.0,30.9
UNDER急増,,2026-08-20,09:05:14,5817,1000.0,40.5
UNDER急増,,2026-08-20,09:05:38,9238,388.0,228.3
UNDER急増,,2026-08-20,09:06:12,4422,560.0,128.2
UNDER急増,,2026-08-20,09:07:36,3449,3805.0,28.5
UNDER急増,,2026-08-20,09:07:37,4422,560.0,136.3
UNDER急増,,2026-08-20,09:07:50,5599,977.0,46.2
小口売り連続,WATCH,2026-08-20,09:09:06,5707,1112.0,5
小口売り連続,WATCH,2026-08-20,09:12:23,4418,1080.0,5
UNDER急増,,2026-08-20,09:13:22,5034,2098.0,21.2
UNDER急増,,2026-08-20,09:14:27,9238,388.0,228.3
小口売り連続,WATCH,2026-08-20,09:17:27,4579,609.0,5
小口売り連続,WATCH,2026-08-20,09:19:19,4570,1063.0,5
小口売り連続,WATCH,2026-08-20,09:22:43,1885,2053.0,5
小口売り連続,WATCH,2026-08-20,09:23:25,1514,648.0,5
小口売り連続,WATCH,2026-08-20,09:24:26,4418,1067.0,5
UNDER急増,,2026-08-20,09:25:18,3963,345.0,77.6
小口売り連続,WATCH,2026-08-20,09:29:01,4889,1360.0,5
UNDER急増,,2026-08-20,09:32:26,6217,852.0,37.1
小口売り連続,WATCH,2026-08-20,09:32:31,4418,1061.0,5
小口売り連続,WATCH,2026-08-20,09:34:19,3692,4675.0,5
UNDER急増,,2026-08-20,09:36:01,4422,559.0,137.4
UNDER急増,,2026-08-20,09:37:41,6217,847.0,31.5
UNDER急増,,2026-08-20,09:38:58,3963,341.0,108.9
UNDER急増,,2026-08-20,09:50:41,6620,697.0,137.2
小口売り連続,WATCH,2026-08-20,09:58:06,4418,1057.0,5
UNDER急増,,2026-08-20,10:01:28,4075,899.0,23.0
小口売り連続,WATCH,2026-08-20,10:02:20,4418,1062.0,5
UNDER急増,,2026-08-20,10:02:44,4075,899.0,23.0
UNDER急増,,2026-08-20,10:04:17,4075,899.0,23.0
小口売り連続,WATCH,2026-08-20,10:09:11,4418,1059.0,5
UNDER急増,,2026-08-20,10:09:20,4075,899.0,22.2
UNDER急増,,2026-08-20,10:10:49,4075,899.0,22.9
UNDER急増,,2026-08-20,10:12:02,4075,899.0,22.2
小口売り連続,WATCH,2026-08-20,10:13:00,6217,829.0,5
UNDER急増,,2026-08-20,10:13:25,4075,899.0,22.9
小口売り連続,WATCH,2026-08-20,10:14:14,3449,3860.0,5
UNDER急増,,2026-08-20,10:14:29,4075,899.0,22.9
小口売り連続,WATCH,2026-08-20,10:14:46,4418,1055.0,5
UNDER急増,,2026-08-20,10:15:31,4075,905.0,22.2
小口売り連続,STRONG,2026-08-20,10:15:33,4418,1055.0,10
UNDER急増,,2026-08-20,10:16:32,4075,905.0,28.5
UNDER急増,,2026-08-20,10:17:38,4075,905.0,27.2
UNDER急増,,2026-08-20,10:19:20,4075,905.0,23.1
UNDER急増,,2026-08-20,10:21:08,4075,907.0,30.4
小口売り連続,WATCH,2026-08-20,10:21:17,4418,1055.0,5
小口売り連続,WATCH,2026-08-20,10:21:18,3449,3830.0,5
小口売り連続,WATCH,2026-08-20,10:21:52,6217,815.0,5
UNDER急増,,2026-08-20,10:22:40,4075,907.0,25.0
UNDER急増,,2026-08-20,10:23:08,6228,490.0,68.6
UNDER急増,,2026-08-20,10:23:55,4075,907.0,30.8
小口売り連続,WATCH,2026-08-20,10:25:02,1514,660.0,5
UNDER急増,,2026-08-20,10:25:19,6217,811.0,40.8
小口売り連続,WATCH,2026-08-20,10:25:47,5132,2036.0,5
UNDER急増,,2026-08-20,10:26:16,4075,907.0,23.9
UNDER急増,,2026-08-20,10:27:18,4075,907.0,24.4
UNDER急増,,2026-08-20,10:28:30,4075,907.0,24.4
UNDER急増,,2026-08-20,10:29:45,4075,907.0,22.8
小口売り連続,WATCH,2026-08-20,10:34:15,1885,2032.0,5
小口売り連続,WATCH,2026-08-20,10:34:16,5707,1151.0,5
小口売り連続,WATCH,2026-08-20,10:35:00,4418,1050.0,5
小口売り連続,WATCH,2026-08-20,10:44:08,4418,1042.0,5
定期買い集め,STRONG,2026-08-20,10:55:24,4414,,43.5
定期買い集め,WATCH,2026-08-20,11:05:08,4013,,8.1
小口売り連続,WATCH,2026-08-20,11:17:50,1514,664.0,5
小口売り連続,WATCH,2026-08-20,11:21:09,3692,4715.0,5
小口売り連続,WATCH,2026-08-20,11:23:30,4889,1323.0,5
UNDER急増,,2026-08-20,11:29:42,6217,818.0,126.4
UNDER急増,,2026-08-20,12:05:02,3747,429.0,49.8
UNDER急増,,2026-08-20,12:31:00,4422,557.0,263.4
UNDER急増,,2026-08-20,12:31:42,6217,815.0,20.7
UNDER急増,,2026-08-20,12:32:02,6433,1000.0,29.0
UNDER急増,,2026-08-20,12:47:09,6217,816.0,38.9
小口売り連続,WATCH,2026-08-20,13:02:04,3692,4830.0,5
小口売り連続,WATCH,2026-08-20,13:13:37,2216,1085.0,5
小口売り連続,WATCH,2026-08-20,13:19:15,1885,2031.0,5
UNDER急増,,2026-08-20,13:20:04,9238,383.0,206.7
UNDER急増,,2026-08-20,13:20:45,4378,500.0,45.5
小口売り連続,WATCH,2026-08-20,13:21:27,6217,824.0,5
小口売り連続,WATCH,2026-08-20,13:28:49,9238,382.0,5
小口売り連続,WATCH,2026-08-20,13:33:20,4418,1091.0,5
小口売り連続,WATCH,2026-08-20,13:33:22,3449,3990.0,5
小口売り連続,WATCH,2026-08-20,13:37:17,1514,675.0,5
小口売り連続,WATCH,2026-08-20,13:49:32,1885,2038.0,5
小口売り連続,WATCH,2026-08-20,13:58:41,1514,676.0,5
小口売り連続,WATCH,2026-08-20,14:10:24,5287,850.0,5
UNDER急増,,2026-08-20,14:12:54,6217,818.0,76.8
UNDER急増,,2026-08-21,09:01:06,3930,763.0,118.2
UNDER急増,,2026-08-21,09:01:26,4013,670.0,118.4
UNDER急増,,2026-08-21,09:01:29,6228,495.0,58.2
UNDER急増,,2026-08-21,09:01:38,5597,1352.0,34.4
UNDER急増,,2026-08-21,09:01:45,9238,384.0,300.0
UNDER急増,,2026-08-21,09:01:50,4579,585.0,51.0
UNDER急増,,2026-08-21,09:01:52,2998,538.0,55.8
UNDER急増,,2026-08-21,09:02:21,3963,342.0,99.2
UNDER急増,,2026-08-21,09:02:33,4570,1066.0,32.4
小口売り連続,WATCH,2026-08-21,09:02:38,4013,665.0,5
UNDER急増,,2026-08-21,09:02:41,4395,690.0,62.7
UNDER急増,,2026-08-21,09:03:02,3449,3845.0,43.5
UNDER急増,,2026-08-21,09:03:03,4288,465.0,20.3
UNDER急増,,2026-08-21,09:03:21,4013,665.0,116.4
UNDER急増,,2026-08-21,09:03:51,9256,1145.0,25.9
UNDER急増,,2026-08-21,09:04:37,4013,667.0,22.8
UNDER急増,,2026-08-21,09:05:06,6217,809.0,24.4
UNDER急増,,2026-08-21,09:06:23,6217,796.0,34.0
小口売り連続,WATCH,2026-08-21,09:06:39,3747,450.0,5
定期買い集め,WATCH,2026-08-21,09:08:27,4414,,5.5
小口売り連続,WATCH,2026-08-21,09:08:58,5287,840.0,5
UNDER急増,,2026-08-21,09:09:39,4422,569.0,94.2
定期買い集め,WATCH,2026-08-21,09:10:36,3747,,5.0
UNDER急増,,2026-08-21,09:11:08,4199,786.0,119.1
小口売り連続,WATCH,2026-08-21,09:15:02,5707,1119.0,5
UNDER急増,,2026-08-21,09:15:41,5729,1799.0,22.4
UNDER急増,,2026-08-21,09:17:26,4422,565.0,114.0
小口売り連続,WATCH,2026-08-21,09:17:46,1885,2023.0,5
定期買い集め,STRONG,2026-08-21,09:18:14,7794,,24.4
UNDER急増,,2026-08-21,09:20:45,4579,574.0,66.4
小口売り連続,WATCH,2026-08-21,09:25:00,6433,1105.0,5
UNDER急増,,2026-08-21,09:33:39,5599,987.0,39.9
UNDER急増,,2026-08-21,09:34:31,5707,1111.0,23.2
UNDER急増,,2026-08-21,09:36:01,4840,533.0,31.9
UNDER急増,,2026-08-21,09:38:35,5597,1362.0,26.4
小口売り連続,WATCH,2026-08-21,09:46:32,6433,1087.0,5
UNDER急増,,2026-08-21,09:47:26,3963,340.0,82.7
定期買い集め,WATCH,2026-08-21,09:48:54,4889,,6.0
小口売り連続,WATCH,2026-08-21,09:51:01,6433,1078.0,5
小口売り連続,WATCH,2026-08-21,09:54:31,1885,2029.0,5
定期買い集め,STRONG,2026-08-21,09:54:55,4013,,17.7
小口売り連続,WATCH,2026-08-21,09:55:23,5817,980.0,5
UNDER急増,,2026-08-21,09:55:45,4889,1291.0,21.8
小口売り連続,WATCH,2026-08-21,09:59:05,4418,1061.0,5
小口売り連続,WATCH,2026-08-21,10:00:12,4422,560.0,5
小口売り連続,WATCH,2026-08-21,10:00:32,3692,4780.0,5
小口売り連続,WATCH,2026-08-21,10:03:24,3747,470.0,5
小口売り連続,WATCH,2026-08-21,10:03:43,1885,2026.0,5
UNDER急増,,2026-08-21,10:03:59,5597,1337.0,32.2
小口売り連続,WATCH,2026-08-21,10:07:21,3747,467.0,5
小口売り連続,WATCH,2026-08-21,10:09:49,4418,1048.0,5
小口売り連続,WATCH,2026-08-21,10:10:44,5707,1095.0,5
小口売り連続,WATCH,2026-08-21,10:16:17,6620,706.0,5
小口売り連続,WATCH,2026-08-21,10:23:10,5262,1133.0,5
小口売り連続,WATCH,2026-08-21,10:24:49,6433,1081.0,5
小口売り連続,WATCH,2026-08-21,10:25:59,1885,2023.0,5
小口売り連続,WATCH,2026-08-21,10:37:35,4570,1060.0,5
小口売り連続,WATCH,2026-08-21,10:57:27,4888,343.0,5
小口売り連続,WATCH,2026-08-21,11:04:34,4418,1058.0,5
小口売り連続,WATCH,2026-08-21,11:17:00,9256,1123.0,5
UNDER急増,,2026-08-21,12:25:29,4199,786.0,21.1
小口売り連続,WATCH,2026-08-21,12:30:01,5132,2060.0,5
小口売り連続,WATCH,2026-08-21,12:31:31,9256,1115.0,5
UNDER急増,,2026-08-21,12:32:18,6580,878.0,44.4
小口売り連続,WATCH,2026-08-21,12:33:36,4889,1308.0,5
定期買い集め,WATCH,2026-08-21,12:42:04,3692,,5.0
UNDER急増,,2026-08-21,12:49:40,4199,791.0,89.9
UNDER急増,,2026-08-21,12:59:23,5599,985.0,75.7
UNDER急増,,2026-08-21,13:00:28,5599,991.0,39.8
小口売り連続,WATCH,2026-08-21,13:05:40,6620,702.0,5
定期買い集め,STRONG,2026-08-21,13:05:55,5591,,12.6
小口売り連続,WATCH,2026-08-21,13:11:43,6433,1061.0,5
小口売り連続,WATCH,2026-08-21,13:14:01,1885,2032.0,5
小口売り連続,WATCH,2026-08-21,13:15:50,6433,1057.0,5
小口売り連続,WATCH,2026-08-21,13:28:23,4418,1052.0,5
UNDER急増,,2026-08-21,13:40:40,9256,1120.0,22.1
小口売り連続,WATCH,2026-08-21,13:48:49,6433,1055.0,5
小口売り連続,WATCH,2026-08-21,13:51:35,4888,343.0,5
小口売り連続,WATCH,2026-08-21,13:55:23,6433,1052.0,5
小口売り連続,WATCH,2026-08-21,14:00:33,6433,1050.0,5
小口売り連続,WATCH,2026-08-21,14:15:40,1885,2029.0,5
小口売り連続,WATCH,2026-08-21,14:22:06,6433,1047.0,5
小口売り連続,WATCH,2026-08-21,14:22:27,3449,3725.0,5
小口売り連続,WATCH,2026-08-21,14:24:50,5262,1141.0,5
小口売り連続,WATCH,2026-08-21,14:33:36,5262,1139.0,5
小口売り連続,WATCH,2026-08-21,14:34:55,6217,802.0,5
小口売り連続,STRONG,2026-08-21,14:38:05,5262,1138.0,10
小口売り連続,WATCH,2026-08-21,14:39:58,4570,1065.0,5
小口売り連続,WATCH,2026-08-21,14:44:05,5817,976.0,5
小口売り連続,WATCH,2026-08-21,14:47:05,3803,550.0,5
小口売り連続,WATCH,2026-08-21,14:48:22,5132,2017.0,5
小口売り連続,WATCH,2026-08-21,14:50:03,5817,977.0,5
小口売り連続,WATCH,2026-08-21,14:58:53,4888,341.0,5
小口売り連続,WATCH,2026-08-21,14:59:49,5262,1140.0,5
小口売り連続,WATCH,2026-08-21,15:00:52,6433,1024.0,5
小口売り連続,WATCH,2026-08-21,15:04:45,4889,1303.0,5
小口売り連続,WATCH,2026-08-21,15:05:15,6433,1025.0,5
小口売り連続,STRONG,2026-08-21,15:07:05,6433,1025.0,10
小口売り連続,WATCH,2026-08-21,15:09:33,9337,1468.0,5
小口売り連続,WATCH,2026-08-21,15:09:43,3747,450.0,5
UNDER急増,,2026-08-21,15:13:04,6217,795.0,22.3
定期買い集め,STRONG,2026-08-21,15:15:42,3692,,10.1
小口売り連続,WATCH,2026-08-21,15:16:14,3692,4730.0,5
小口売り連続,WATCH,2026-08-21,15:16:34,3963,343.0,5
小口売り連続,STRONG,2026-08-21,15:17:04,3692,4730.0,10
小口売り連続,WATCH,2026-08-21,15:18:13,3692,4740.0,5
小口売り連続,WATCH,2026-08-21,15:20:17,4579,563.0,5
小口売り連続,WATCH,2026-08-21,15:20:40,5591,856.0,5
小口売り連続,WATCH,2026-08-21,15:22:44,6433,1016.0,5
小口売り連続,WATCH,2026-08-21,15:24:56,3449,3730.0,5
UNDER急増,,2026-08-24,09:01:11,3930,754.0,113.3
UNDER急増,,2026-08-24,09:01:13,4422,571.0,172.7
UNDER急増,,2026-08-24,09:01:24,6620,710.0,160.2
UNDER急増,,2026-08-24,09:01:31,2998,547.0,43.9
UNDER急増,,2026-08-24,09:01:33,3449,3725.0,25.6
小口売り連続,WATCH,2026-08-24,09:01:36,5590,699.0,5
UNDER急増,,2026-08-24,09:01:57,5590,699.0,84.7
UNDER急増,,2026-08-24,09:02:30,9556,2243.0,24.0
UNDER急増,,2026-08-24,09:03:16,5597,1351.0,31.9
UNDER急増,,2026-08-24,09:03:27,4889,1304.0,20.8
UNDER急増,,2026-08-24,09:04:06,6580,902.0,50.8
UNDER急増,,2026-08-24,09:04:14,5599,1001.0,22.7
UNDER急増,,2026-08-24,09:05:26,6228,512.0,66.1
UNDER急増,,2026-08-24,09:06:17,5599,1000.0,32.7
UNDER急増,,2026-08-24,09:06:50,3963,343.0,97.0
UNDER急増,,2026-08-24,09:07:01,5707,1137.0,33.5
UNDER急増,,2026-08-24,09:07:33,4579,556.0,29.1
UNDER急増,,2026-08-24,09:08:02,5707,1141.0,22.9
UNDER急増,,2026-08-24,09:08:06,4422,568.0,145.5
UNDER急増,,2026-08-24,09:08:06,6580,899.0,51.7
UNDER急増,,2026-08-24,09:09:22,6228,510.0,54.3
小口売り連続,WATCH,2026-08-24,09:09:50,1885,2042.0,5
小口売り連続,WATCH,2026-08-24,09:10:11,5707,1138.0,5
UNDER急増,,2026-08-24,09:11:48,5590,698.0,79.6
UNDER急増,,2026-08-24,09:12:53,5590,699.0,75.1
UNDER急増,,2026-08-24,09:13:58,5590,700.0,70.6
UNDER急増,,2026-08-24,09:14:20,9238,383.0,26.3
小口売り連続,WATCH,2026-08-24,09:14:54,3449,3810.0,5
UNDER急増,,2026-08-24,09:15:06,5590,698.0,79.8
UNDER急増,,2026-08-24,09:15:31,4199,800.0,166.0
UNDER急増,,2026-08-24,09:16:07,5590,700.0,79.4
UNDER急増,,2026-08-24,09:18:59,1514,710.0,24.1
小口売り連続,WATCH,2026-08-24,09:19:00,3449,3790.0,5
小口売り連続,STRONG,2026-08-24,09:20:31,3449,3780.0,10
UNDER急増,,2026-08-24,09:21:13,7794,929.0,22.5
小口売り連続,WATCH,2026-08-24,09:21:35,1514,709.0,5
小口売り連続,WATCH,2026-08-24,09:22:50,1514,711.0,5
UNDER急増,,2026-08-24,09:23:02,5707,1129.0,30.0
UNDER急増,,2026-08-24,09:23:38,4422,560.0,177.2
小口売り連続,WATCH,2026-08-24,09:25:39,5707,1133.0,5
UNDER急増,,2026-08-24,09:32:10,5817,982.0,41.2
小口売り連続,WATCH,2026-08-24,09:34:32,1514,701.0,5
UNDER急増,,2026-08-24,09:38:25,1514,698.0,21.8
UNDER急増,,2026-08-24,09:39:25,1514,698.0,21.3
UNDER急増,,2026-08-24,09:41:30,5034,2147.0,25.0
小口売り連続,WATCH,2026-08-24,09:44:59,1885,2060.0,5
UNDER急増,,2026-08-24,09:48:05,4422,554.0,132.1
UNDER急増,,2026-08-24,09:48:46,1514,695.0,21.6
UNDER急増,,2026-08-24,09:53:42,4288,469.0,115.2
UNDER急増,,2026-08-24,09:54:50,4288,461.0,21.4
小口売り連続,WATCH,2026-08-24,09:56:05,1514,696.0,5
UNDER急増,,2026-08-24,09:56:14,4414,1118.0,27.9
小口売り連続,STRONG,2026-08-24,09:56:29,1514,696.0,10
UNDER急増,,2026-08-24,09:59:59,1514,696.0,21.0
UNDER急増,,2026-08-24,10:04:35,5599,1000.0,37.7
小口売り連続,WATCH,2026-08-24,10:14:54,9337,1458.0,5
UNDER急増,,2026-08-24,10:16:09,4414,1110.0,26.8
小口売り連続,WATCH,2026-08-24,10:19:55,7794,940.0,5
小口売り連続,WATCH,2026-08-24,10:20:48,6433,1047.0,5
UNDER急増,,2026-08-24,10:23:29,4288,463.0,27.6
UNDER急増,,2026-08-24,10:25:02,4199,791.0,184.4
小口売り連続,WATCH,2026-08-24,10:33:05,2216,1092.0,5
小口売り連続,WATCH,2026-08-24,10:44:43,7794,932.0,5
小口売り連続,WATCH,2026-08-24,10:45:06,4013,670.0,5
小口売り連続,WATCH,2026-08-24,10:49:13,3449,3880.0,5
UNDER急増,,2026-08-24,10:54:03,5599,999.0,32.5
小口売り連続,WATCH,2026-08-24,10:57:34,3449,3845.0,5
定期買い集め,WATCH,2026-08-24,11:12:43,6217,,8.1
小口売り連続,WATCH,2026-08-24,11:18:23,4888,354.0,5
小口売り連続,WATCH,2026-08-24,11:20:17,3747,445.0,5
UNDER急増,,2026-08-24,12:10:25,5132,2008.0,23.5
UNDER急増,,2026-08-24,12:11:22,4579,554.0,90.0
UNDER急増,,2026-08-24,12:11:40,5132,2008.0,22.4
UNDER急増,,2026-08-24,12:25:24,4199,791.0,25.4
UNDER急増,,2026-08-24,12:29:51,4579,554.0,30.0
UNDER急増,,2026-08-24,12:31:00,4422,555.0,131.1
UNDER急増,,2026-08-24,12:31:01,3963,343.0,93.8
UNDER急増,,2026-08-24,12:31:06,5132,2000.0,21.2
UNDER急増,,2026-08-24,12:31:13,9556,2238.0,23.3
UNDER急増,,2026-08-24,12:31:17,3930,757.0,100.5
UNDER急増,,2026-08-24,12:31:22,7794,927.0,22.5
UNDER急増,,2026-08-24,12:31:30,4570,1061.0,36.4
UNDER急増,,2026-08-24,12:32:02,4422,551.0,120.0
UNDER急増,,2026-08-24,12:32:04,2998,536.0,50.3
小口売り連続,WATCH,2026-08-24,12:38:16,3803,556.0,5
小口売り連続,WATCH,2026-08-24,12:40:07,3747,454.0,5
小口売り連続,WATCH,2026-08-24,12:47:16,4888,353.0,5
小口売り連続,WATCH,2026-08-24,12:48:09,3449,3835.0,5
小口売り連続,WATCH,2026-08-24,12:51:06,9256,1131.0,5
小口売り連続,WATCH,2026-08-24,12:57:03,5597,1340.0,5
小口売り連続,WATCH,2026-08-24,12:59:05,6433,1041.0,5
小口売り連続,WATCH,2026-08-24,13:05:33,2998,533.0,5
UNDER急増,,2026-08-25,09:01:03,4199,928.0,22.7
UNDER急増,,2026-08-25,09:01:09,4013,669.0,102.6
UNDER急増,,2026-08-25,09:01:12,4579,553.0,67.4
UNDER急増,,2026-08-25,09:01:13,9556,2251.0,24.0
UNDER急増,,2026-08-25,09:01:16,3963,343.0,94.0
UNDER急増,,2026-08-25,09:01:28,3803,557.0,22.5
UNDER急増,,2026-08-25,09:01:34,5599,982.0,42.5
UNDER急増,,2026-08-25,09:01:35,6228,508.0,48.6
UNDER急増,,2026-08-25,09:01:35,9238,394.0,27.0
小口売り連続,WATCH,2026-08-25,09:01:41,4889,1334.0,5
UNDER急増,,2026-08-25,09:01:45,6433,1035.0,20.7
小口売り連続,WATCH,2026-08-25,09:01:49,6580,937.0,5
UNDER急増,,2026-08-25,09:01:49,6580,937.0,39.1
UNDER急増,,2026-08-25,09:01:59,6620,708.0,278.5
定期買い集め,WATCH,2026-08-25,09:02:16,1514,,5.0
UNDER急増,,2026-08-25,09:02:40,3803,546.0,82.0
UNDER急増,,2026-08-25,09:03:11,5729,1849.0,26.7
UNDER急増,,2026-08-25,09:03:16,4888,352.0,62.4
小口売り連続,WATCH,2026-08-25,09:03:17,1885,2091.0,5
UNDER急増,,2026-08-25,09:03:24,5034,2153.0,30.8
UNDER急増,,2026-08-25,09:03:36,5132,1977.0,46.2
UNDER急増,,2026-08-25,09:03:39,5597,1321.0,29.2
UNDER急増,,2026-08-25,09:03:58,9238,393.0,33.6
UNDER急増,,2026-08-25,09:04:03,2216,1095.0,21.0
UNDER急増,,2026-08-25,09:04:16,4888,352.0,46.9
小口売り連続,WATCH,2026-08-25,09:05:26,1514,717.0,5
小口売り連続,WATCH,2026-08-25,09:06:26,3747,470.0,5
小口売り連続,WATCH,2026-08-25,09:06:53,4199,945.0,5
UNDER急増,,2026-08-25,09:08:59,4395,690.0,82.3
UNDER急増,,2026-08-25,09:09:19,4013,662.0,108.2
小口売り連続,WATCH,2026-08-25,09:09:34,4199,942.0,5
UNDER急増,,2026-08-25,09:11:35,3803,550.0,114.5
UNDER急増,,2026-08-25,09:12:06,4422,563.0,82.1
小口売り連続,WATCH,2026-08-25,09:12:07,9556,2257.0,5
UNDER急増,,2026-08-25,09:13:02,3803,550.0,29.2
UNDER急増,,2026-08-25,09:13:08,4422,561.0,79.2
UNDER急増,,2026-08-25,09:14:31,6217,790.0,60.7
小口売り連続,WATCH,2026-08-25,09:15:15,9556,2240.0,5
UNDER急増,,2026-08-25,09:15:26,6580,933.0,33.6
小口売り連続,WATCH,2026-08-25,09:15:47,5729,1820.0,5
小口売り連続,WATCH,2026-08-25,09:16:01,1514,710.0,5
UNDER急増,,2026-08-25,09:17:10,4013,662.0,104.9
UNDER急増,,2026-08-25,09:18:10,6228,502.0,55.3
UNDER急増,,2026-08-25,09:18:55,3803,550.0,24.4
UNDER急増,,2026-08-25,09:19:21,5132,1989.0,52.1
小口売り連続,WATCH,2026-08-25,09:20:51,1514,708.0,5
UNDER急増,,2026-08-25,09:21:48,5132,1989.0,24.4
UNDER急増,,2026-08-25,09:22:10,3449,3750.0,24.4
UNDER急増,,2026-08-25,09:23:16,7794,915.0,22.1
UNDER急増,,2026-08-25,09:23:35,3803,546.0,21.2
UNDER急増,,2026-08-25,09:24:40,3803,546.0,25.4
小口売り連続,WATCH,2026-08-25,09:25:59,4570,1047.0,5
小口売り連続,WATCH,2026-08-25,09:26:45,4199,922.0,5
UNDER急増,,2026-08-25,09:27:38,5132,1974.0,42.2
UNDER急増,,2026-08-25,09:30:15,3803,548.0,53.8
小口売り連続,WATCH,2026-08-25,09:31:40,1885,2075.0,5
小口売り連続,WATCH,2026-08-25,09:32:46,1514,714.0,5
小口売り連続,WATCH,2026-08-25,09:33:19,1514,714.0,5
小口売り連続,WATCH,2026-08-25,09:34:16,1514,714.0,5
小口売り連続,WATCH,2026-08-25,09:35:17,4395,690.0,5
小口売り連続,WATCH,2026-08-25,09:35:40,1514,711.0,5
小口売り連続,WATCH,2026-08-25,09:36:28,4199,920.0,5
UNDER急増,,2026-08-25,09:40:00,4888,351.0,64.3
小口売り連続,WATCH,2026-08-25,09:41:29,3449,3800.0,5
小口売り連続,WATCH,2026-08-25,09:41:40,2216,1103.0,5
小口売り連続,WATCH,2026-08-25,09:42:38,4378,519.0,5
小口売り連続,WATCH,2026-08-25,09:46:43,4199,931.0,5
UNDER急増,,2026-08-25,09:49:10,5132,1973.0,37.6
小口売り連続,WATCH,2026-08-25,09:53:19,1514,720.0,5
小口売り連続,WATCH,2026-08-25,09:54:57,1885,2074.0,5
小口売り連続,WATCH,2026-08-25,10:02:02,6433,1064.0,5
UNDER急増,,2026-08-25,10:07:25,5132,1973.0,38.5
小口売り連続,WATCH,2026-08-25,10:23:37,4199,926.0,5
小口売り連続,WATCH,2026-08-25,10:29:08,3803,556.0,5
小口売り連続,WATCH,2026-08-25,10:29:44,1514,713.0,5
UNDER急増,,2026-08-25,10:29:48,4418,1005.0,42.3
UNDER急増,,2026-08-25,10:30:49,4418,1006.0,40.3
小口売り連続,WATCH,2026-08-25,10:32:24,1514,713.0,5
小口売り連続,WATCH,2026-08-25,10:34:17,1514,713.0,5
小口売り連続,WATCH,2026-08-25,10:36:35,3449,3775.0,5
UNDER急増,,2026-08-25,10:39:22,4199,894.0,21.9
UNDER急増,,2026-08-25,10:40:35,4199,885.0,21.9
小口売り連続,WATCH,2026-08-25,10:43:32,4199,890.0,5
小口売り連続,WATCH,2026-08-25,10:46:11,5707,1178.0,5
小口売り連続,WATCH,2026-08-25,10:49:20,4199,885.0,5
小口売り連続,WATCH,2026-08-25,10:51:16,3449,3770.0,5
小口売り連続,WATCH,2026-08-25,10:51:27,4889,1314.0,5
UNDER急増,,2026-08-25,10:52:03,4263,562.0,62.8
小口売り連続,WATCH,2026-08-25,10:52:19,4075,900.0,5
小口売り連続,WATCH,2026-08-25,10:54:34,4894,5290.0,5
小口売り連続,WATCH,2026-08-25,11:00:37,5707,1166.0,5
小口売り連続,WATCH,2026-08-25,11:03:21,1885,2062.0,5
小口売り連続,WATCH,2026-08-25,11:07:52,5707,1157.0,5
小口売り連続,WATCH,2026-08-25,11:10:56,1514,715.0,5
小口売り連続,WATCH,2026-08-25,11:12:45,6433,1055.0,5
小口売り連続,WATCH,2026-08-25,11:16:50,1514,716.0,5
定期買い集め,STRONG,2026-08-25,11:17:25,4013,,11.2
UNDER急増,,2026-08-25,11:17:51,4013,661.0,108.2
UNDER急増,,2026-08-25,11:22:37,4013,663.0,93.4
小口売り連続,WATCH,2026-08-25,11:23:12,4199,876.0,5
小口売り連続,WATCH,2026-08-25,11:28:20,3692,4910.0,5
定期買い集め,WATCH,2026-08-25,12:04:44,4013,,5.4
定期買い集め,WATCH,2026-08-25,12:04:56,1514,,5.6
UNDER急増,,2026-08-25,12:05:11,4013,661.0,189.5
UNDER急増,,2026-08-25,12:32:02,3963,340.0,102.7
UNDER急増,,2026-08-25,12:32:10,9238,385.0,29.2
UNDER急増,,2026-08-25,12:39:49,6580,915.0,28.0
小口売り連続,WATCH,2026-08-25,12:40:04,1514,713.0,5
小口売り連続,STRONG,2026-08-25,12:40:44,1514,713.0,10
UNDER急増,,2026-08-25,12:40:52,6580,918.0,26.6
小口売り連続,WATCH,2026-08-25,12:40:54,4894,5330.0,5
小口売り連続,WATCH,2026-08-25,12:43:19,4395,705.0,5
小口売り連続,WATCH,2026-08-25,12:47:19,6433,1048.0,5
UNDER急増,,2026-08-25,12:52:37,6580,915.0,30.5
小口売り連続,WATCH,2026-08-25,12:55:41,4199,873.0,5
UNDER急増,,2026-08-25,13:02:32,3963,343.0,93.7
小口売り連続,WATCH,2026-08-25,13:02:44,4199,871.0,5
UNDER急増,,2026-08-25,13:16:49,6580,919.0,25.6
小口売り連続,WATCH,2026-08-25,13:20:47,3963,343.0,5
小口売り連続,WATCH,2026-08-25,13:26:24,1885,2065.0,5
小口売り連続,WATCH,2026-08-25,13:40:20,9256,1146.0,5
小口売り連続,WATCH,2026-08-25,13:40:27,5707,1146.0,5
小口売り連続,WATCH,2026-08-25,13:51:39,6433,1041.0,5
小口売り連続,WATCH,2026-08-25,14:04:29,6580,916.0,5
小口売り連続,WATCH,2026-08-25,14:05:08,5590,691.0,5
小口売り連続,WATCH,2026-08-25,14:10:05,1885,2059.0,5
UNDER急増,,2026-08-25,14:33:08,6580,914.0,26.5
小口売り連続,WATCH,2026-08-25,14:34:55,6217,866.0,5
小口売り連続,WATCH,2026-08-25,14:35:10,5599,985.0,5
UNDER急増,,2026-08-25,14:46:44,6580,915.0,20.6
UNDER急増,,2026-08-25,14:50:32,6580,914.0,20.8
小口売り連続,WATCH,2026-08-25,15:09:34,6433,1052.0,5
UNDER急増,,2026-08-25,15:12:07,6580,915.0,20.6
小口売り連続,WATCH,2026-08-25,15:15:08,6580,914.0,5
UNDER急増,,2026-08-25,15:15:25,6580,914.0,27.5
小口売り連続,WATCH,2026-08-25,15:16:34,1885,2073.0,5
小口売り連続,WATCH,2026-08-25,15:18:12,5817,1033.0,5
UNDER急増,,2026-08-25,15:19:12,6580,914.0,27.7
UNDER急増,,2026-08-25,15:20:27,6580,915.0,27.7
UNDER急増,,2026-08-25,15:22:43,6580,914.0,26.8
UNDER急増,,2026-08-25,15:24:28,6580,917.0,30.9
UNDER急増,,2026-08-26,09:01:13,4013,659.0,93.0
UNDER急増,,2026-08-26,09:01:15,1514,710.0,20.3
UNDER急増,,2026-08-26,09:01:23,3449,3755.0,29.7
UNDER急増,,2026-08-26,09:01:31,2998,539.0,40.3
UNDER急増,,2026-08-26,09:01:31,5132,1998.0,28.3
UNDER急増,,2026-08-26,09:01:32,4414,1135.0,42.4
UNDER急増,,2026-08-26,09:01:53,9337,1480.0,34.3
UNDER急増,,2026-08-26,09:02:03,5597,1383.0,41.9
UNDER急増,,2026-08-26,09:02:41,4414,1144.0,41.3
UNDER急増,,2026-08-26,09:02:43,6620,704.0,132.9
UNDER急増,,2026-08-26,09:03:21,4263,570.0,60.3
UNDER急増,,2026-08-26,09:03:51,5817,1028.0,44.9
UNDER急増,,2026-08-26,09:04:27,6228,500.0,58.5
UNDER急増,,2026-08-26,09:05:41,4888,362.0,45.9
小口売り連続,WATCH,2026-08-26,09:08:55,4418,1025.0,5
UNDER急増,,2026-08-26,09:10:24,5597,1378.0,25.3
UNDER急増,,2026-08-26,09:12:25,4378,503.0,52.5
UNDER急増,,2026-08-26,09:12:31,5597,1371.0,27.1
UNDER急増,,2026-08-26,09:12:57,6217,838.0,27.6
UNDER急増,,2026-08-26,09:14:32,4263,571.0,61.0
UNDER急増,,2026-08-26,09:22:42,5599,990.0,65.5
小口売り連続,WATCH,2026-08-26,09:23:40,5590,701.0,5
UNDER急増,,2026-08-26,09:23:43,5599,994.0,38.8
UNDER急増,,2026-08-26,09:26:19,6228,499.0,58.9
小口売り連続,WATCH,2026-08-26,09:32:49,3692,4990.0,5
UNDER急増,,2026-08-26,09:37:49,6433,1048.0,21.4
定期買い集め,WATCH,2026-08-26,09:47:11,4013,,5.7
小口売り連続,WATCH,2026-08-26,09:48:52,4889,1387.0,5
小口売り連続,WATCH,2026-08-26,09:50:27,1514,698.0,5
小口売り連続,WATCH,2026-08-26,09:51:28,3449,3795.0,5
UNDER急増,,2026-08-26,09:51:56,1514,700.0,21.7
小口売り連続,WATCH,2026-08-26,09:52:22,9256,1151.0,5
小口売り連続,WATCH,2026-08-26,09:52:46,5597,1346.0,5
UNDER急増,,2026-08-26,09:52:57,1514,701.0,21.7
UNDER急増,,2026-08-26,09:53:33,6228,496.0,73.3
小口売り連続,WATCH,2026-08-26,09:53:55,4888,364.0,5
UNDER急増,,2026-08-26,09:53:57,1514,699.0,21.9
UNDER急増,,2026-08-26,09:54:23,4288,467.0,20.9
小口売り連続,WATCH,2026-08-26,09:54:28,1514,699.0,5
定期買い集め,STRONG,2026-08-26,09:58:01,4013,,11.9
小口売り連続,WATCH,2026-08-26,09:59:49,5707,1239.0,5
小口売り連続,WATCH,2026-08-26,10:00:54,5287,842.0,5
UNDER急増,,2026-08-26,10:01:07,6620,700.0,155.1
小口売り連続,WATCH,2026-08-26,10:02:58,4888,362.0,5
UNDER急増,,2026-08-26,10:03:02,1514,700.0,21.3
UNDER急増,,2026-08-26,10:04:05,1514,700.0,20.2
小口売り連続,WATCH,2026-08-26,10:04:15,4199,860.0,5
UNDER急増,,2026-08-26,10:05:05,1514,699.0,21.1
UNDER急増,,2026-08-26,10:06:05,1514,699.0,21.2
UNDER急増,,2026-08-26,10:07:10,1514,700.0,20.7
UNDER急増,,2026-08-26,10:11:27,1514,700.0,20.9
定期買い集め,WATCH,2026-08-26,10:11:44,4422,,5.8
UNDER急増,,2026-08-26,10:12:31,4422,637.0,42.9
UNDER急増,,2026-08-26,10:17:21,1514,700.0,21.2
UNDER急増,,2026-08-26,10:18:22,1514,699.0,20.5
UNDER急増,,2026-08-26,10:21:05,6620,697.0,177.7
小口売り連続,WATCH,2026-08-26,10:29:15,4888,363.0,5
小口売り連続,WATCH,2026-08-26,10:41:40,7794,996.0,5
小口売り連続,WATCH,2026-08-26,10:41:56,1885,2093.0,5
小口売り連続,WATCH,2026-08-26,10:51:22,3803,570.0,5
小口売り連続,WATCH,2026-08-26,10:53:06,5707,1251.0,5
小口売り連続,WATCH,2026-08-26,11:00:41,6217,830.0,5
小口売り連続,WATCH,2026-08-26,11:03:15,5597,1348.0,5
小口売り連続,WATCH,2026-08-26,11:06:02,4422,657.0,5
小口売り連続,WATCH,2026-08-26,11:06:18,4422,651.0,5
UNDER急増,,2026-08-26,11:06:29,4288,467.0,20.7
UNDER急増,,2026-08-26,11:07:39,4422,627.0,30.3
UNDER急増,,2026-08-26,11:14:42,4422,626.0,26.9
UNDER急増,,2026-08-26,11:17:48,9238,393.0,72.3
UNDER急増,,2026-08-26,11:19:03,4422,626.0,23.6
UNDER急増,,2026-08-26,11:20:03,4422,625.0,29.7
小口売り連続,WATCH,2026-08-26,11:22:13,4888,366.0,5
小口売り連続,WATCH,2026-08-26,11:22:51,5262,1150.0,5
小口売り連続,WATCH,2026-08-26,11:23:01,4422,622.0,5
小口売り連続,WATCH,2026-08-26,11:24:18,4422,620.0,5
小口売り連続,WATCH,2026-08-26,11:25:01,6433,1036.0,5
UNDER急増,,2026-08-26,11:25:17,4422,619.0,30.0
UNDER急増,,2026-08-26,11:28:00,4422,614.0,27.6
小口売り連続,WATCH,2026-08-26,11:30:00,5262,1149.0,5
UNDER急増,,2026-08-26,12:05:01,9238,393.0,60.0
UNDER急増,,2026-08-26,12:25:51,5287,841.0,91.3
UNDER急増,,2026-08-26,12:31:03,5597,1357.0,30.8
UNDER急増,,2026-08-26,12:31:12,4570,1061.0,35.8
UNDER急増,,2026-08-26,12:31:15,5132,2007.0,29.9
UNDER急増,,2026-08-26,12:31:25,6217,828.0,38.4
UNDER急増,,2026-08-26,12:31:26,2998,539.0,47.1
UNDER急増,,2026-08-26,12:31:56,4199,861.0,28.1
定期買い集め,STRONG,2026-08-26,12:32:05,4414,,21.3
UNDER急増,,2026-08-26,12:32:06,4422,615.0,21.3
小口売り連続,WATCH,2026-08-26,12:33:55,7794,1025.0,5
UNDER急増,,2026-08-26,12:34:13,6620,698.0,137.0
UNDER急増,,2026-08-26,12:35:13,6433,1045.0,21.5
UNDER急増,,2026-08-26,12:35:41,5132,2004.0,38.1
UNDER急増,,2026-08-26,12:36:50,6620,699.0,134.1
UNDER急増,,2026-08-26,12:36:53,4395,699.0,112.0
小口売り連続,WATCH,2026-08-26,12:47:42,4888,365.0,5
小口売り連続,WATCH,2026-08-26,12:54:00,5817,1039.0,5
UNDER急増,,2026-08-26,12:59:50,9256,1134.0,57.1
UNDER急増,,2026-08-26,13:00:14,4422,608.0,34.2
小口売り連続,WATCH,2026-08-26,13:02:21,4888,365.0,5
小口売り連続,STRONG,2026-08-26,13:04:15,4888,365.0,10
小口売り連続,WATCH,2026-08-26,13:24:11,4570,1055.0,5
小口売り連続,WATCH,2026-08-26,13:32:08,4570,1055.0,5
小口売り連続,WATCH,2026-08-26,13:35:14,4888,363.0,5
小口売り連続,WATCH,2026-08-26,13:37:12,1885,2101.0,5
小口売り連続,WATCH,2026-08-26,13:40:45,4888,363.0,5
小口売り連続,WATCH,2026-08-26,13:49:29,1885,2099.0,5
小口売り連続,WATCH,2026-08-26,13:55:01,5707,1258.0,5
小口売り連続,WATCH,2026-08-26,13:58:53,5707,1253.0,5
小口売り連続,WATCH,2026-08-26,14:04:19,4888,362.0,5
UNDER急増,,2026-08-26,14:05:39,4395,699.0,70.6
小口売り連続,WATCH,2026-08-26,14:06:26,5132,1995.0,5
小口売り連続,WATCH,2026-08-26,14:09:12,4422,619.0,5
小口売り連続,WATCH,2026-08-26,14:09:58,6433,1031.0,5
小口売り連続,WATCH,2026-08-26,14:14:41,4422,617.0,5
小口売り連続,WATCH,2026-08-26,14:14:44,5707,1242.0,5
小口売り連続,WATCH,2026-08-26,14:16:59,4889,1343.0,5
小口売り連続,WATCH,2026-08-26,14:22:28,9556,2355.0,5
小口売り連続,WATCH,2026-08-26,14:22:38,1514,698.0,5
小口売り連続,WATCH,2026-08-26,14:23:42,4888,362.0,5
UNDER急増,,2026-08-26,14:23:53,6217,820.0,57.6
小口売り連続,WATCH,2026-08-26,14:24:19,3692,4915.0,5
UNDER急増,,2026-08-26,14:24:20,4395,701.0,70.6
小口売り連続,WATCH,2026-08-26,14:29:32,3449,3825.0,5
小口売り連続,WATCH,2026-08-26,14:30:13,5707,1245.0,5
小口売り連続,WATCH,2026-08-26,14:30:48,4888,362.0,5
小口売り連続,STRONG,2026-08-26,14:33:59,4888,362.0,10
UNDER急増,,2026-08-26,14:38:48,4422,603.0,33.3
小口売り連続,WATCH,2026-08-26,14:39:19,5707,1239.0,5
小口売り連続,WATCH,2026-08-26,14:43:17,4075,895.0,5
小口売り連続,WATCH,2026-08-26,14:43:53,4422,601.0,5
小口売り連続,WATCH,2026-08-26,14:52:31,4889,1310.0,5
UNDER急増,,2026-08-26,14:55:33,3803,569.0,21.5
UNDER急増,,2026-08-26,14:56:21,4889,1311.0,22.4
UNDER急増,,2026-08-26,14:58:40,3803,565.0,48.4
小口売り連続,WATCH,2026-08-26,15:05:12,4888,362.0,5
小口売り連続,WATCH,2026-08-26,15:07:28,5591,855.0,5
小口売り連続,WATCH,2026-08-26,15:07:44,4894,5500.0,5
小口売り連続,WATCH,2026-08-26,15:08:06,4422,595.0,5
小口売り連続,WATCH,2026-08-26,15:08:29,1885,2103.0,5
小口売り連続,WATCH,2026-08-26,15:09:18,5707,1221.0,5
小口売り連続,WATCH,2026-08-26,15:16:16,6580,980.0,5
小口売り連続,WATCH,2026-08-26,15:22:34,4888,363.0,5
小口売り連続,WATCH,2026-08-26,15:30:01,4288,472.0,5
UNDER急増,,2026-08-27,09:01:06,2998,548.0,43.4
UNDER急増,,2026-08-27,09:01:06,9238,393.0,34.5
UNDER急増,,2026-08-27,09:01:10,9337,1485.0,35.7
UNDER急増,,2026-08-27,09:01:11,4013,672.0,102.0
UNDER急増,,2026-08-27,09:01:29,4570,1064.0,34.2
UNDER急増,,2026-08-27,09:01:32,3803,567.0,23.2
UNDER急増,,2026-08-27,09:01:33,5729,1884.0,20.8
UNDER急増,,2026-08-27,09:01:33,4888,360.0,70.4
UNDER急増,,2026-08-27,09:01:40,1514,688.0,24.4
UNDER急増,,2026-08-27,09:01:48,9256,1162.0,27.8
UNDER急増,,2026-08-27,09:01:49,5590,690.0,88.8
UNDER急増,,2026-08-27,09:02:16,3930,777.0,125.0
UNDER急増,,2026-08-27,09:02:30,4570,1062.0,34.8
UNDER急増,,2026-08-27,09:02:41,1514,684.0,53.7
UNDER急増,,2026-08-27,09:02:55,6620,700.0,139.1
UNDER急増,,2026-08-27,09:02:58,4422,596.0,39.4
UNDER急増,,2026-08-27,09:03:03,4414,1193.0,64.9
小口売り連続,WATCH,2026-08-27,09:03:25,4894,5480.0,5
UNDER急増,,2026-08-27,09:03:32,3803,567.0,29.2
UNDER急増,,2026-08-27,09:03:58,9238,393.0,26.3
UNDER急増,,2026-08-27,09:04:03,4288,470.0,20.8
UNDER急増,,2026-08-27,09:04:27,4422,587.0,38.4
UNDER急増,,2026-08-27,09:05:15,4013,671.0,87.1
UNDER急増,,2026-08-27,09:06:07,3803,567.0,24.2
UNDER急増,,2026-08-27,09:07:06,5597,1371.0,37.3
UNDER急増,,2026-08-27,09:08:15,4013,668.0,115.1
小口売り連続,WATCH,2026-08-27,09:09:08,4570,1060.0,5
小口売り連続,WATCH,2026-08-27,09:09:47,5817,1041.0,5
UNDER急増,,2026-08-27,09:10:55,9238,393.0,26.3
UNDER急増,,2026-08-27,09:11:14,3963,353.0,85.1
小口売り連続,WATCH,2026-08-27,09:14:21,4422,577.0,5
小口売り連続,WATCH,2026-08-27,09:14:27,1885,2117.0,5
UNDER急増,,2026-08-27,09:15:47,3963,344.0,118.0
UNDER急増,,2026-08-27,09:18:47,5034,2163.0,24.0
小口売り連続,WATCH,2026-08-27,09:19:01,1885,2111.0,5
UNDER急増,,2026-08-27,09:19:03,4263,501.0,46.2
UNDER急増,,2026-08-27,09:20:05,4263,505.0,43.0
定期買い集め,STRONG,2026-08-27,09:22:45,4013,,36.5
小口売り連続,WATCH,2026-08-27,09:24:46,3692,5220.0,5
定期買い集め,STRONG,2026-08-27,09:24:56,3963,,11.3
小口売り連続,WATCH,2026-08-27,09:25:00,4418,1030.0,5
UNDER急増,,2026-08-27,09:25:43,9238,390.0,26.7
UNDER急増,,2026-08-27,09:27:26,4263,498.0,46.0
UNDER急増,,2026-08-27,09:27:42,9256,1164.0,25.7
UNDER急増,,2026-08-27,09:28:29,6228,497.0,63.6
UNDER急増,,2026-08-27,09:29:08,3803,569.0,32.0
UNDER急増,,2026-08-27,09:29:29,6228,500.0,64.3
UNDER急増,,2026-08-27,09:32:53,5599,992.0,49.2
UNDER急増,,2026-08-27,09:33:12,6228,494.0,70.9
小口売り連続,WATCH,2026-08-27,09:35:25,5132,2020.0,5
小口売り連続,WATCH,2026-08-27,09:41:40,4263,491.0,5
UNDER急増,,2026-08-27,09:45:05,4263,486.0,50.4
小口売り連続,WATCH,2026-08-27,09:47:08,4889,1343.0,5
UNDER急増,,2026-08-27,09:48:12,4263,487.0,45.8
小口売り連続,WATCH,2026-08-27,09:51:07,5597,1455.0,5
小口売り連続,WATCH,2026-08-27,09:52:27,4263,483.0,5
小口売り連続,WATCH,2026-08-27,09:53:45,5817,1022.0,5
UNDER急増,,2026-08-27,09:54:53,4263,480.0,26.2
UNDER急増,,2026-08-27,09:55:14,6228,494.0,76.7
小口売り連続,WATCH,2026-08-27,09:55:53,4422,566.0,5
小口売り連続,WATCH,2026-08-27,09:57:26,2216,1091.0,5
UNDER急増,,2026-08-27,09:58:26,5599,1000.0,42.6
UNDER急増,,2026-08-27,10:08:09,4263,484.0,52.3
小口売り連続,WATCH,2026-08-27,10:08:18,1885,2129.0,5
UNDER急増,,2026-08-27,10:20:21,4889,1293.0,24.7
定期買い集め,WATCH,2026-08-27,10:28:28,1885,,6.3
UNDER急増,,2026-08-27,10:29:05,9238,386.0,120.1
小口売り連続,WATCH,2026-08-27,10:29:44,1885,2139.0,5
UNDER急増,,2026-08-27,10:35:24,9238,386.0,120.1
小口売り連続,WATCH,2026-08-27,10:41:07,7034,366.0,5
小口売り連続,WATCH,2026-08-27,10:42:02,7794,1009.0,5
小口売り連続,WATCH,2026-08-27,10:42:47,5597,1432.0,5
UNDER急増,,2026-08-27,10:56:36,9238,388.0,105.3
小口売り連続,WATCH,2026-08-27,10:59:05,3449,3910.0,5
小口売り連続,WATCH,2026-08-27,10:59:23,7794,1015.0,5
UNDER急増,,2026-08-27,11:10:18,4288,470.0,20.4
小口売り連続,WATCH,2026-08-27,11:15:29,4013,668.0,5
小口売り連続,WATCH,2026-08-27,11:16:54,5597,1426.0,5
小口売り連続,WATCH,2026-08-27,11:17:55,5707,1206.0,5
小口売り連続,WATCH,2026-08-27,11:26:55,6620,702.0,5
UNDER急増,,2026-08-27,12:05:07,9238,388.0,794.7
UNDER急増,,2026-08-27,12:26:53,5599,1000.0,20.6
UNDER急増,,2026-08-27,12:31:03,5599,998.0,38.8
UNDER急増,,2026-08-27,12:31:17,3930,777.0,111.8
UNDER急増,,2026-08-27,12:31:52,4013,666.0,98.1
小口売り連続,WATCH,2026-08-27,12:32:32,5707,1196.0,5
小口売り連続,WATCH,2026-08-27,12:38:02,4263,469.0,5
UNDER急増,,2026-08-27,12:38:12,5599,998.0,39.9
小口売り連続,WATCH,2026-08-27,12:40:44,1885,2124.0,5
小口売り連続,WATCH,2026-08-27,12:44:53,4422,583.0,5
UNDER急増,,2026-08-27,12:45:47,9238,388.0,1127.3
小口売り連続,WATCH,2026-08-27,12:48:33,4075,910.0,5
小口売り連続,WATCH,2026-08-27,12:49:13,9556,2338.0,5
小口売り連続,WATCH,2026-08-27,12:56:37,5132,2020.0,5
UNDER急増,,2026-08-27,13:00:44,6620,699.0,147.4
UNDER急増,,2026-08-27,13:01:49,6620,701.0,135.2
UNDER急増,,2026-08-27,13:10:08,6620,700.0,137.6
小口売り連続,WATCH,2026-08-27,13:10:09,5707,1204.0,5
UNDER急増,,2026-08-27,13:13:48,6620,701.0,137.6
UNDER急増,,2026-08-27,13:17:44,6620,699.0,142.0
小口売り連続,WATCH,2026-08-27,13:20:12,7369,356.0,5
UNDER急増,,2026-08-27,13:23:10,9238,385.0,106.0
小口売り連続,WATCH,2026-08-27,13:24:48,5817,1036.0,5
小口売り連続,WATCH,2026-08-27,13:24:51,5262,1157.0,5
小口売り連続,WATCH,2026-08-27,13:26:37,3963,347.0,5
小口売り連続,WATCH,2026-08-27,13:27:22,5707,1202.0,5
小口売り連続,WATCH,2026-08-27,13:27:40,3449,3980.0,5
小口売り連続,WATCH,2026-08-27,13:28:48,6228,498.0,5
UNDER急増,,2026-08-27,13:37:33,6620,702.0,134.7
小口売り連続,WATCH,2026-08-27,13:51:50,9556,2345.0,5
小口売り連続,WATCH,2026-08-27,14:19:18,4263,469.0,5
小口売り連続,WATCH,2026-08-27,14:45:48,3449,4005.0,5
小口売り連続,WATCH,2026-08-27,14:50:03,3449,4000.0,5
UNDER急増,,2026-08-27,14:55:00,4288,469.0,20.0
小口売り連続,WATCH,2026-08-27,15:04:07,5599,995.0,5
小口売り連続,WATCH,2026-08-27,15:18:45,5262,1164.0,5
UNDER急増,,2026-08-28,09:01:00,5817,1030.0,74.5
UNDER急増,,2026-08-28,09:01:01,9238,400.0,100.0
UNDER急増,,2026-08-28,09:01:27,5597,1398.0,21.3
UNDER急増,,2026-08-28,09:01:29,4263,463.0,30.0
UNDER急増,,2026-08-28,09:01:32,4889,1284.0,20.4
UNDER急増,,2026-08-28,09:01:33,6620,703.0,120.0
UNDER急増,,2026-08-28,09:01:40,1514,671.0,31.8
UNDER急増,,2026-08-28,09:01:46,9556,2344.0,24.7
UNDER急増,,2026-08-28,09:01:48,4579,579.0,89.9
UNDER急増,,2026-08-28,09:01:48,6433,1095.0,20.3
UNDER急増,,2026-08-28,09:02:19,9256,1189.0,30.9
小口売り連続,WATCH,2026-08-28,09:02:27,1885,2112.0,5
UNDER急増,,2026-08-28,09:02:30,4263,463.0,30.8
UNDER急増,,2026-08-28,09:02:35,9238,400.0,100.0
UNDER急増,,2026-08-28,09:02:36,5590,698.0,88.5
UNDER急増,,2026-08-28,09:02:43,1514,676.0,28.1
UNDER急増,,2026-08-28,09:03:12,6580,940.0,27.7
UNDER急増,,2026-08-28,09:03:23,9256,1200.0,25.4
小口売り連続,WATCH,2026-08-28,09:03:33,1885,2112.0,5
UNDER急増,,2026-08-28,09:03:43,4422,587.0,39.1
UNDER急増,,2026-08-28,09:03:45,9238,400.0,80.0
UNDER急増,,2026-08-28,09:04:15,6580,932.0,26.7
小口売り連続,WATCH,2026-08-28,09:04:16,4418,1066.0,5
UNDER急増,,2026-08-28,09:04:25,3930,776.0,173.6
小口売り連続,WATCH,2026-08-28,09:05:01,2998,555.0,5
UNDER急増,,2026-08-28,09:05:22,6580,920.0,41.8
UNDER急増,,2026-08-28,09:05:24,9238,400.0,80.0
小口売り連続,WATCH,2026-08-28,09:05:25,6433,1210.0,5
UNDER急増,,2026-08-28,09:05:35,3803,586.0,56.2
UNDER急増,,2026-08-28,09:06:50,5590,700.0,87.6
UNDER急増,,2026-08-28,09:07:05,9238,400.0,80.0
UNDER急増,,2026-08-28,09:07:22,6580,918.0,33.0
UNDER急増,,2026-08-28,09:08:08,3963,351.0,110.1
UNDER急増,,2026-08-28,09:08:30,6580,924.0,28.7
UNDER急増,,2026-08-28,09:09:05,4414,1285.0,30.6
小口売り連続,WATCH,2026-08-28,09:10:20,3692,6010.0,5
小口売り連続,WATCH,2026-08-28,09:11:31,3692,6000.0,5
小口売り連続,WATCH,2026-08-28,09:11:53,6433,1201.0,5
UNDER急増,,2026-08-28,09:12:49,4288,467.0,27.5
小口売り連続,WATCH,2026-08-28,09:13:27,1514,675.0,5
UNDER急増,,2026-08-28,09:13:28,3747,435.0,24.2
小口売り連続,WATCH,2026-08-28,09:14:03,6433,1197.0,5
UNDER急増,,2026-08-28,09:15:46,6580,924.0,31.9
小口売り連続,WATCH,2026-08-28,09:16:04,3692,5870.0,5
UNDER急増,,2026-08-28,09:18:26,4013,665.0,97.1
UNDER急増,,2026-08-28,09:18:32,4263,465.0,28.1
小口売り連続,WATCH,2026-08-28,09:19:21,6433,1164.0,5
UNDER急増,,2026-08-28,09:21:50,4395,728.0,54.8
UNDER急増,,2026-08-28,09:23:37,1514,675.0,28.9
UNDER急増,,2026-08-28,09:24:38,1514,673.0,29.3
UNDER急増,,2026-08-28,09:24:59,4414,1242.0,32.0
小口売り連続,WATCH,2026-08-28,09:27:42,4199,874.0,5
小口売り連続,WATCH,2026-08-28,09:30:55,4263,465.0,5
UNDER急増,,2026-08-28,09:32:25,9238,393.0,22.2
小口売り連続,WATCH,2026-08-28,09:34:18,4263,464.0,5
小口売り連続,WATCH,2026-08-28,09:35:04,1885,2135.0,5
小口売り連続,WATCH,2026-08-28,09:36:46,3692,5770.0,5
小口売り連続,WATCH,2026-08-28,09:37:55,4263,464.0,5
UNDER急増,,2026-08-28,09:38:13,6620,698.0,160.2
小口売り連続,WATCH,2026-08-28,09:40:47,6433,1166.0,5
小口売り連続,WATCH,2026-08-28,09:42:53,4263,462.0,5
小口売り連続,WATCH,2026-08-28,09:47:22,4263,462.0,5
小口売り連続,WATCH,2026-08-28,09:51:57,9556,2361.0,5
小口売り連続,WATCH,2026-08-28,09:53:07,4263,461.0,5
小口売り連続,WATCH,2026-08-28,09:53:16,1514,672.0,5
小口売り連続,WATCH,2026-08-28,09:55:58,4263,461.0,5
UNDER急増,,2026-08-28,09:57:08,4395,725.0,75.7
UNDER急増,,2026-08-28,09:58:52,9238,381.0,100.0
定期買い集め,WATCH,2026-08-28,09:59:20,4013,,8.3
小口売り連続,WATCH,2026-08-28,10:01:39,6433,1170.0,5
UNDER急増,,2026-08-28,10:02:26,3747,435.0,33.4
小口売り連続,WATCH,2026-08-28,10:02:29,1514,672.0,5
UNDER急増,,2026-08-28,10:02:50,9238,381.0,240.0
小口売り連続,WATCH,2026-08-28,10:03:38,5817,1032.0,5
小口売り連続,WATCH,2026-08-28,10:06:15,3692,5730.0,5
小口売り連続,WATCH,2026-08-28,10:09:08,3692,5720.0,5
小口売り連続,WATCH,2026-08-28,10:11:06,4263,461.0,5
UNDER急増,,2026-08-28,10:11:29,9238,381.0,709.5
小口売り連続,WATCH,2026-08-28,10:12:00,6433,1158.0,5
小口売り連続,WATCH,2026-08-28,10:13:26,1514,671.0,5
UNDER急増,,2026-08-28,10:14:17,4263,456.0,30.2
小口売り連続,WATCH,2026-08-28,10:15:22,6433,1151.0,5
小口売り連続,WATCH,2026-08-28,10:27:04,1514,673.0,5
小口売り連続,WATCH,2026-08-28,10:34:40,1885,2127.0,5
定期買い集め,STRONG,2026-08-28,10:35:45,4013,,11.9
UNDER急増,,2026-08-28,10:37:27,4414,1214.0,24.7
小口売り連続,WATCH,2026-08-28,10:39:34,6433,1166.0,5
小口売り連続,WATCH,2026-08-28,10:43:58,4263,459.0,5
小口売り連続,WATCH,2026-08-28,10:50:11,5707,1180.0,5
小口売り連続,WATCH,2026-08-28,10:50:30,4263,458.0,5
UNDER急増,,2026-08-28,10:51:29,4263,456.0,33.6
小口売り連続,WATCH,2026-08-28,10:52:05,4570,1131.0,5
小口売り連続,WATCH,2026-08-28,10:54:43,4263,456.0,5
UNDER急増,,2026-08-28,11:02:45,5729,1907.0,21.4
小口売り連続,WATCH,2026-08-28,11:04:43,1514,672.0,5
小口売り連続,WATCH,2026-08-28,11:05:29,4889,1316.0,5
小口売り連続,WATCH,2026-08-28,11:07:43,1514,672.0,5
小口売り連続,WATCH,2026-08-28,11:13:13,1514,671.0,5
小口売り連続,STRONG,2026-08-28,11:15:04,1514,671.0,10
小口売り連続,WATCH,2026-08-28,11:16:01,3692,5710.0,5
小口売り連続,WATCH,2026-08-28,11:16:27,1514,671.0,5
小口売り連続,WATCH,2026-08-28,11:18:38,4263,455.0,5
小口売り連続,WATCH,2026-08-28,11:19:06,1514,671.0,5
小口売り連続,STRONG,2026-08-28,11:21:07,1514,671.0,10
小口売り連続,WATCH,2026-08-28,11:22:58,3692,5670.0,5
小口売り連続,WATCH,2026-08-28,11:23:40,2216,1084.0,5
小口売り連続,WATCH,2026-08-28,11:28:26,1514,668.0,5
小口売り連続,WATCH,2026-08-28,11:29:07,4263,455.0,5
小口売り連続,STRONG,2026-08-28,11:29:31,1514,668.0,10
UNDER急増,,2026-08-28,12:26:08,4199,854.0,23.5
UNDER急増,,2026-08-28,12:31:05,9256,1185.0,25.3
UNDER急増,,2026-08-28,12:31:09,6620,696.0,150.7
UNDER急増,,2026-08-28,12:31:58,3963,352.0,82.3
UNDER急増,,2026-08-28,12:33:17,4288,470.0,42.9
UNDER急増,,2026-08-28,12:33:56,3930,781.0,114.2
小口売り連続,WATCH,2026-08-28,12:34:34,6433,1208.0,5
小口売り連続,WATCH,2026-08-28,12:35:41,4263,455.0,5
小口売り連続,WATCH,2026-08-28,12:36:14,1514,670.0,5
小口売り連続,WATCH,2026-08-28,12:36:26,5590,721.0,5
小口売り連続,WATCH,2026-08-28,12:37:35,4422,589.0,5
小口売り連続,STRONG,2026-08-28,12:37:36,4263,455.0,10
小口売り連続,WATCH,2026-08-28,12:42:49,4414,1185.0,5
小口売り連続,WATCH,2026-08-28,12:44:21,6433,1200.0,5
小口売り連続,WATCH,2026-08-28,12:44:40,4263,455.0,5
小口売り連続,WATCH,2026-08-28,12:48:16,4263,454.0,5
小口売り連続,WATCH,2026-08-28,12:51:11,5729,1901.0,5
小口売り連続,WATCH,2026-08-28,12:58:35,7794,1000.0,5
小口売り連続,WATCH,2026-08-28,13:01:04,3692,5670.0,5
小口売り連続,WATCH,2026-08-28,13:02:51,6433,1182.0,5
小口売り連続,WATCH,2026-08-28,13:03:30,3449,3955.0,5
小口売り連続,WATCH,2026-08-28,13:06:21,4263,455.0,5
小口売り連続,WATCH,2026-08-28,13:06:47,1514,670.0,5
小口売り連続,WATCH,2026-08-28,13:13:28,1514,672.0,5
小口売り連続,WATCH,2026-08-28,13:16:11,4263,455.0,5
小口売り連続,STRONG,2026-08-28,13:20:21,4263,455.0,10
小口売り連続,WATCH,2026-08-28,13:20:53,1514,671.0,5
小口売り連続,WATCH,2026-08-28,13:21:59,6433,1215.0,5
小口売り連続,STRONG,2026-08-28,13:22:31,1514,671.0,10
小口売り連続,WATCH,2026-08-28,13:24:42,6433,1211.0,5
小口売り連続,WATCH,2026-08-28,13:26:12,5287,852.0,5
小口売り連続,WATCH,2026-08-28,13:27:29,1514,672.0,5
小口売り連続,WATCH,2026-08-28,13:30:50,1514,671.0,5
小口売り連続,WATCH,2026-08-28,13:35:23,5707,1206.0,5
小口売り連続,WATCH,2026-08-28,13:46:10,9238,388.0,5
小口売り連続,WATCH,2026-08-28,13:48:35,4199,849.0,5
小口売り連続,WATCH,2026-08-28,13:50:30,1514,671.0,5
小口売り連続,WATCH,2026-08-28,13:55:03,5729,1888.0,5
小口売り連続,WATCH,2026-08-28,13:58:25,3692,5780.0,5
小口売り連続,WATCH,2026-08-28,13:58:46,4263,454.0,5
小口売り連続,WATCH,2026-08-28,14:02:25,6433,1192.0,5
小口売り連続,WATCH,2026-08-28,14:05:54,4263,454.0,5
小口売り連続,STRONG,2026-08-28,14:08:26,4263,454.0,10
小口売り連続,WATCH,2026-08-28,14:10:47,4894,6010.0,5
小口売り連続,WATCH,2026-08-28,14:14:59,1514,669.0,5
小口売り連続,WATCH,2026-08-28,14:17:16,3692,5780.0,5
小口売り連続,WATCH,2026-08-28,14:20:31,4263,454.0,5
小口売り連続,STRONG,2026-08-28,14:24:21,4263,454.0,10
小口売り連続,WATCH,2026-08-28,14:28:05,3692,5720.0,5
小口売り連続,WATCH,2026-08-28,14:28:49,1514,669.0,5
小口売り連続,WATCH,2026-08-28,14:29:22,5597,1460.0,5
小口売り連続,STRONG,2026-08-28,14:31:03,5729,1885.0,10
小口売り連続,STRONG,2026-08-28,14:31:14,1514,669.0,10
小口売り連続,WATCH,2026-08-28,14:31:41,4263,454.0,5
小口売り連続,WATCH,2026-08-28,14:35:30,1514,669.0,5
小口売り連続,WATCH,2026-08-28,14:37:43,3449,3935.0,5
小口売り連続,WATCH,2026-08-28,14:37:46,4570,1108.0,5
UNDER急増,,2026-08-28,14:37:59,4288,468.0,43.9
小口売り連続,WATCH,2026-08-28,14:38:27,1514,669.0,5
小口売り連続,WATCH,2026-08-28,14:39:15,4263,454.0,5
小口売り連続,WATCH,2026-08-28,14:42:31,4263,454.0,5
UNDER急増,,2026-08-28,14:44:28,4288,468.0,20.3
小口売り連続,STRONG,2026-08-28,14:44:46,4263,454.0,10
UNDER急増,,2026-08-28,14:47:17,4199,826.0,84.8
UNDER急増,,2026-08-28,14:48:16,6217,828.0,56.0
UNDER急増,,2026-08-28,14:48:26,4199,820.0,127.8
小口売り連続,WATCH,2026-08-28,14:49:46,5729,1873.0,5
小口売り連続,WATCH,2026-08-28,14:50:47,4570,1092.0,5
小口売り連続,WATCH,2026-08-28,14:53:59,4263,454.0,5
小口売り連続,WATCH,2026-08-28,14:57:43,9556,2365.0,5
小口売り連続,WATCH,2026-08-28,15:00:33,4579,573.0,5
小口売り連続,WATCH,2026-08-28,15:00:47,1514,669.0,5
小口売り連続,WATCH,2026-08-28,15:02:58,2216,1082.0,5
小口売り連続,STRONG,2026-08-28,15:03:14,1514,669.0,10
小口売り連続,WATCH,2026-08-28,15:11:04,4013,671.0,5
UNDER急増,,2026-08-28,15:11:10,4199,824.0,109.5
小口売り連続,WATCH,2026-08-28,15:13:09,4888,359.0,5
小口売り連続,WATCH,2026-08-28,15:14:30,4888,359.0,5
小口売り連続,WATCH,2026-08-28,15:15:08,4570,1106.0,5
小口売り連続,WATCH,2026-08-28,15:20:14,4888,360.0,5
小口売り連続,WATCH,2026-08-28,15:20:37,4263,453.0,5
小口売り連続,WATCH,2026-08-28,15:22:45,1514,668.0,5
小口売り連続,WATCH,2026-08-28,15:24:02,1514,668.0,5
UNDER急増,,2026-08-28,15:29:31,4288,463.0,57.9
小口売り連続,WATCH,2026-08-31,09:00:15,6433,1180.0,5
UNDER急増,,2026-08-31,09:01:13,6228,491.0,118.0
UNDER急増,,2026-08-31,09:01:26,1514,658.0,25.7
UNDER急増,,2026-08-31,09:01:29,4579,564.0,181.3
UNDER急増,,2026-08-31,09:01:29,2216,1087.0,23.2
UNDER急増,,2026-08-31,09:01:38,9238,382.0,566.7
UNDER急増,,2026-08-31,09:01:42,4414,1141.0,23.2
UNDER急増,,2026-08-31,09:01:47,5597,1441.0,34.5
UNDER急増,,2026-08-31,09:01:49,5590,711.0,52.0
UNDER急増,,2026-08-31,09:02:00,9556,2327.0,25.5
UNDER急増,,2026-08-31,09:02:01,3930,770.0,200.0
UNDER急増,,2026-08-31,09:02:04,9256,1191.0,32.9
UNDER急増,,2026-08-31,09:02:14,3963,346.0,136.7
UNDER急増,,2026-08-31,09:02:30,4579,560.0,188.5
UNDER急増,,2026-08-31,09:02:35,4888,350.0,70.6
UNDER急増,,2026-08-31,09:02:36,7794,974.0,21.7
UNDER急増,,2026-08-31,09:03:01,9556,2314.0,24.1
UNDER急増,,2026-08-31,09:03:05,5287,869.0,21.6
UNDER急増,,2026-08-31,09:03:06,5707,1112.0,26.7
UNDER急増,,2026-08-31,09:03:06,5729,1845.0,40.6
小口売り連続,WATCH,2026-08-31,09:03:25,4418,1123.0,5
小口売り連続,WATCH,2026-08-31,09:03:29,5262,1139.0,5
UNDER急増,,2026-08-31,09:03:37,7794,966.0,22.7
UNDER急増,,2026-08-31,09:03:47,5599,1003.0,40.8
UNDER急増,,2026-08-31,09:04:39,7794,965.0,22.8
UNDER急増,,2026-08-31,09:05:05,4888,345.0,74.0
小口売り連続,WATCH,2026-08-31,09:05:23,1514,653.0,5
UNDER急増,,2026-08-31,09:05:40,4263,443.0,53.1
UNDER急増,,2026-08-31,09:05:41,7794,958.0,25.8
小口売り連続,WATCH,2026-08-31,09:05:45,6433,1164.0,5
UNDER急増,,2026-08-31,09:06:16,4288,461.0,29.6
UNDER急増,,2026-08-31,09:06:29,6217,828.0,28.1
UNDER急増,,2026-08-31,09:06:31,9256,1186.0,32.3
UNDER急増,,2026-08-31,09:06:43,4199,816.0,102.4
UNDER急増,,2026-08-31,09:06:44,6580,918.0,38.6
UNDER急増,,2026-08-31,09:07:13,5599,998.0,39.0
定期買い集め,WATCH,2026-08-31,09:07:42,5262,,6.2
UNDER急増,,2026-08-31,09:09:54,9556,2311.0,22.1
小口売り連続,WATCH,2026-08-31,09:10:20,6433,1161.0,5
定期買い集め,WATCH,2026-08-31,09:11:28,3449,,5.2
UNDER急増,,2026-08-31,09:11:58,4579,559.0,151.6
UNDER急増,,2026-08-31,09:12:17,4889,1288.0,29.0
小口売り連続,WATCH,2026-08-31,09:12:19,4422,600.0,5
UNDER急増,,2026-08-31,09:12:24,4263,439.0,53.0
UNDER急増,,2026-08-31,09:12:29,5590,704.0,40.9
UNDER急増,,2026-08-31,09:12:31,6228,487.0,123.7
UNDER急増,,2026-08-31,09:13:08,5597,1395.0,39.3
UNDER急増,,2026-08-31,09:13:11,4422,595.0,44.8
UNDER急増,,2026-08-31,09:13:23,4395,715.0,88.1
UNDER急増,,2026-08-31,09:15:04,4263,435.0,47.0
UNDER急増,,2026-08-31,09:15:07,5590,704.0,40.3
小口売り連続,WATCH,2026-08-31,09:15:32,4418,1118.0,5
小口売り連続,WATCH,2026-08-31,09:15:52,5729,1825.0,5
UNDER急増,,2026-08-31,09:17:30,6228,481.0,148.4
UNDER急増,,2026-08-31,09:20:19,9556,2296.0,26.2
UNDER急増,,2026-08-31,09:21:12,5132,2105.0,28.0
小口売り連続,WATCH,2026-08-31,09:21:27,4263,439.0,5
UNDER急増,,2026-08-31,09:23:27,9337,1464.0,38.1
UNDER急増,,2026-08-31,09:24:28,9337,1456.0,38.1
UNDER急増,,2026-08-31,09:27:24,4288,461.0,63.4
小口売り連続,WATCH,2026-08-31,09:29:50,4840,822.0,5
UNDER急増,,2026-08-31,09:33:44,4579,558.0,160.1
UNDER急増,,2026-08-31,09:35:26,4288,459.0,28.6
UNDER急増,,2026-08-31,09:37:10,5599,1006.0,39.8
小口売り連続,WATCH,2026-08-31,09:40:36,4840,807.0,5
小口売り連続,WATCH,2026-08-31,09:41:56,6217,826.0,5
小口売り連続,WATCH,2026-08-31,09:41:56,3692,5560.0,5
小口売り連続,WATCH,2026-08-31,09:45:24,5597,1410.0,5
小口売り連続,WATCH,2026-08-31,09:46:50,1885,2117.0,5
UNDER急増,,2026-08-31,09:49:18,4579,558.0,166.2
小口売り連続,WATCH,2026-08-31,09:50:40,4840,825.0,5
小口売り連続,WATCH,2026-08-31,09:51:39,5262,1145.0,5
小口売り連続,WATCH,2026-08-31,09:52:19,1885,2117.0,5
小口売り連続,WATCH,2026-08-31,09:57:39,3692,5540.0,5
小口売り連続,WATCH,2026-08-31,10:00:57,4418,1131.0,5
小口売り連続,WATCH,2026-08-31,10:06:30,5590,704.0,5
小口売り連続,WATCH,2026-08-31,10:07:44,5262,1144.0,5
小口売り連続,WATCH,2026-08-31,10:09:50,4263,442.0,5
小口売り連続,WATCH,2026-08-31,10:10:26,4840,871.0,5
小口売り連続,WATCH,2026-08-31,10:12:07,4288,459.0,5
UNDER急増,,2026-08-31,10:15:34,4288,459.0,61.9
小口売り連続,WATCH,2026-08-31,10:25:15,4840,850.0,5
UNDER急増,,2026-08-31,10:25:46,4288,460.0,60.5
UNDER急増,,2026-08-31,10:28:25,4288,461.0,60.5
UNDER急増,,2026-08-31,10:33:05,4288,461.0,60.5
小口売り連続,WATCH,2026-08-31,10:39:24,1885,2110.0,5
小口売り連続,WATCH,2026-08-31,10:48:59,4570,1062.0,5
小口売り連続,WATCH,2026-08-31,10:52:03,4894,5760.0,5
小口売り連続,WATCH,2026-08-31,10:54:37,5707,1095.0,5
小口売り連続,WATCH,2026-08-31,10:55:52,1885,2111.0,5
小口売り連続,WATCH,2026-08-31,10:57:25,5597,1418.0,5
小口売り連続,WATCH,2026-08-31,10:59:33,1885,2107.0,5
小口売り連続,WATCH,2026-08-31,11:00:31,4840,908.0,5
UNDER急増,,2026-08-31,11:05:14,5590,701.0,37.7
小口売り連続,WATCH,2026-08-31,11:05:29,2998,560.0,5
小口売り連続,WATCH,2026-08-31,11:08:40,1885,2108.0,5
小口売り連続,WATCH,2026-08-31,11:13:30,5817,1028.0,5
小口売り連続,WATCH,2026-08-31,11:14:47,4263,440.0,5
小口売り連続,WATCH,2026-08-31,11:18:20,6433,1185.0,5
小口売り連続,STRONG,2026-08-31,11:18:50,4263,440.0,10
小口売り連続,WATCH,2026-08-31,11:20:36,3449,3915.0,5
小口売り連続,WATCH,2026-08-31,11:26:08,5597,1410.0,5
小口売り連続,WATCH,2026-08-31,11:28:01,5817,1036.0,5
UNDER急増,,2026-08-31,12:05:22,5590,703.0,89.3
UNDER急増,,2026-08-31,12:13:42,4288,460.0,24.2
UNDER急増,,2026-08-31,12:26:06,5590,703.0,88.8
定期買い集め,STRONG,2026-08-31,12:30:44,4013,,91.8
小口売り連続,WATCH,2026-08-31,12:33:06,3692,5570.0,5
UNDER急増,,2026-08-31,12:33:33,5590,702.0,39.2
UNDER急増,,2026-08-31,12:33:38,5729,1840.0,34.1
小口売り連続,WATCH,2026-08-31,12:37:53,4840,921.0,5
小口売り連続,WATCH,2026-08-31,12:42:01,5817,1041.0,5
小口売り連続,WATCH,2026-08-31,12:44:31,3692,5600.0,5
小口売り連続,WATCH,2026-08-31,12:47:33,4888,354.0,5
小口売り連続,WATCH,2026-08-31,12:51:05,9256,1170.0,5
小口売り連続,WATCH,2026-08-31,12:53:33,5707,1084.0,5
小口売り連続,WATCH,2026-08-31,12:53:44,3692,5580.0,5
小口売り連続,WATCH,2026-08-31,12:59:26,4422,626.0,5
小口売り連続,WATCH,2026-08-31,12:59:41,4840,915.0,5
小口売り連続,WATCH,2026-08-31,13:02:21,4840,909.0,5
小口売り連続,WATCH,2026-08-31,13:08:53,4888,355.0,5
小口売り連続,WATCH,2026-08-31,13:17:30,5590,703.0,5
UNDER急増,,2026-08-31,13:19:42,4288,454.0,46.4
UNDER急増,,2026-08-31,13:25:35,4288,454.0,20.0
小口売り連続,WATCH,2026-08-31,13:31:00,4422,645.0,5
小口売り連続,WATCH,2026-08-31,13:34:43,4422,642.0,5
小口売り連続,WATCH,2026-08-31,13:36:28,6217,834.0,5
小口売り連続,WATCH,2026-08-31,13:40:09,4840,903.0,5
小口売り連続,WATCH,2026-08-31,14:05:36,2998,571.0,5
小口売り連続,WATCH,2026-08-31,14:09:27,1885,2117.0,5
小口売り連続,WATCH,2026-08-31,14:15:45,5590,704.0,5
小口売り連続,WATCH,2026-08-31,14:21:53,4422,645.0,5
小口売り連続,WATCH,2026-08-31,14:23:07,4840,853.0,5
小口売り連続,WATCH,2026-08-31,14:27:53,4840,858.0,5
小口売り連続,WATCH,2026-08-31,14:27:56,4263,450.0,5
UNDER急増,,2026-08-31,14:29:12,5590,703.0,39.5
小口売り連続,WATCH,2026-08-31,14:30:10,4894,5800.0,5
小口売り連続,WATCH,2026-08-31,14:31:31,4263,449.0,5
小口売り連続,WATCH,2026-08-31,14:31:37,4840,856.0,5
小口売り連続,WATCH,2026-08-31,14:38:04,4840,845.0,5
小口売り連続,WATCH,2026-08-31,14:45:08,4840,840.0,5
小口売り連続,WATCH,2026-08-31,14:47:01,4418,1143.0,5
定期買い集め,WATCH,2026-08-31,14:54:26,5262,,6.2
小口売り連続,WATCH,2026-08-31,14:57:35,1885,2115.0,5
小口売り連続,WATCH,2026-08-31,14:58:46,9556,2332.0,5
小口売り連続,WATCH,2026-08-31,14:59:24,3449,3955.0,5
小口売り連続,WATCH,2026-08-31,15:03:51,3963,354.0,5
小口売り連続,WATCH,2026-08-31,15:04:39,6433,1168.0,5
小口売り連続,WATCH,2026-08-31,15:05:36,4840,826.0,5
小口売り連続,WATCH,2026-08-31,15:12:17,1885,2122.0,5
小口売り連続,WATCH,2026-08-31,15:19:41,4263,446.0,5
小口売り連続,WATCH,2026-08-31,15:21:56,4263,446.0,5
小口売り連続,WATCH,2026-08-31,15:22:21,5590,705.0,5
小口売り連続,WATCH,2026-08-31,15:22:22,4579,565.0,5
小口売り連続,WATCH,2026-08-31,15:24:28,2216,1084.0,5
小口売り連続,WATCH,2026-08-31,15:24:46,5287,869.0,5
UNDER急増,,2026-09-01,09:02:02,5590,704.0,93.3
UNDER急増,,2026-09-01,09:02:04,5034,2344.0,32.2
UNDER急増,,2026-09-01,09:02:13,2998,573.0,56.5
UNDER急増,,2026-09-01,09:02:25,4395,739.0,70.8
UNDER急増,,2026-09-01,09:02:26,4199,832.0,121.2
UNDER急増,,2026-09-01,09:03:00,7794,983.0,20.1
UNDER急増,,2026-09-01,09:03:05,9256,1177.0,31.1
UNDER急増,,2026-09-01,09:03:05,4288,455.0,22.2
UNDER急増,,2026-09-01,09:03:09,4422,626.0,31.5
UNDER急増,,2026-09-01,09:03:15,5034,2344.0,30.9
UNDER急増,,2026-09-01,09:03:28,3803,610.0,25.4
UNDER急増,,2026-09-01,09:03:38,6217,831.0,42.1
小口売り連続,WATCH,2026-09-01,09:04:00,5707,1075.0,5
UNDER急増,,2026-09-01,09:04:48,5034,2320.0,33.3
UNDER急増,,2026-09-01,09:04:59,4288,455.0,24.2
UNDER急増,,2026-09-01,09:05:07,4199,816.0,91.3
UNDER急増,,2026-09-01,09:05:23,6580,918.0,36.6
UNDER急増,,2026-09-01,09:05:41,6433,1140.0,21.3
UNDER急増,,2026-09-01,09:07:16,4288,456.0,22.0
UNDER急増,,2026-09-01,09:07:28,5590,699.0,102.8
UNDER急増,,2026-09-01,09:07:40,9238,395.0,500.0
UNDER急増,,2026-09-01,09:08:31,3963,355.0,100.0
UNDER急増,,2026-09-01,09:08:41,9238,395.0,37.7
UNDER急増,,2026-09-01,09:11:03,3449,3945.0,30.4
UNDER急増,,2026-09-01,09:11:15,4288,455.0,22.2
小口売り連続,WATCH,2026-09-01,09:13:37,5597,1437.0,5
UNDER急増,,2026-09-01,09:14:26,4288,455.0,27.3
小口売り連続,WATCH,2026-09-01,09:14:54,4570,1048.0,5
UNDER急増,,2026-09-01,09:15:23,3803,613.0,25.5
UNDER急増,,2026-09-01,09:15:36,9238,396.0,20.2
UNDER急増,,2026-09-01,09:15:42,4013,677.0,101.5
UNDER急増,,2026-09-01,09:17:06,4889,1278.0,26.1
小口売り連続,WATCH,2026-09-01,09:19:19,6433,1175.0,5
UNDER急増,,2026-09-01,09:19:56,4288,455.0,23.8
小口売り連続,WATCH,2026-09-01,09:21:10,4840,847.0,5
小口売り連続,WATCH,2026-09-01,09:27:49,2998,571.0,5
定期買い集め,WATCH,2026-09-01,09:28:48,4013,,7.8
小口売り連続,WATCH,2026-09-01,09:29:35,6433,1152.0,5
小口売り連続,WATCH,2026-09-01,09:33:51,3692,5710.0,5
小口売り連続,WATCH,2026-09-01,09:36:03,3692,5680.0,5
小口売り連続,WATCH,2026-09-01,09:38:05,4414,1153.0,5
小口売り連続,WATCH,2026-09-01,09:38:06,1885,2136.0,5
小口売り連続,WATCH,2026-09-01,09:38:32,4840,762.0,5
小口売り連続,WATCH,2026-09-01,09:43:50,4840,770.0,5
小口売り連続,WATCH,2026-09-01,09:44:47,6433,1136.0,5
小口売り連続,WATCH,2026-09-01,09:45:05,5034,2311.0,5
UNDER急増,,2026-09-01,09:50:28,9238,390.0,78.1
小口売り連続,WATCH,2026-09-01,09:53:20,5597,1406.0,5
UNDER急増,,2026-09-01,09:58:54,3803,609.0,55.2
小口売り連続,WATCH,2026-09-01,09:59:20,6433,1140.0,5
小口売り連続,WATCH,2026-09-01,10:01:13,5287,875.0,5
小口売り連続,WATCH,2026-09-01,10:02:55,9337,1441.0,5
小口売り連続,WATCH,2026-09-01,10:03:44,4840,769.0,5
UNDER急増,,2026-09-01,10:06:31,4263,451.0,34.0
小口売り連続,WATCH,2026-09-01,10:24:01,5599,1007.0,5
小口売り連続,WATCH,2026-09-01,10:24:28,3449,3985.0,5
UNDER急増,,2026-09-01,10:28:39,6228,490.0,98.9
UNDER急増,,2026-09-01,10:34:34,3449,3940.0,24.6
UNDER急増,,2026-09-01,10:47:05,5591,880.0,24.3
UNDER急増,,2026-09-01,10:47:08,4288,455.0,28.5
UNDER急増,,2026-09-01,10:47:12,5817,1043.0,21.0
小口売り連続,WATCH,2026-09-01,10:49:16,6433,1123.0,5
UNDER急増,,2026-09-01,10:57:55,5599,998.0,48.6
小口売り連続,WATCH,2026-09-01,11:12:01,4840,758.0,5
UNDER急増,,2026-09-01,11:12:02,6217,822.0,80.5
UNDER急増,,2026-09-01,11:22:51,5599,998.0,38.2
小口売り連続,WATCH,2026-09-01,11:30:03,5599,998.0,5
UNDER急増,,2026-09-01,12:25:57,5817,1035.0,41.3
UNDER急増,,2026-09-01,12:26:24,4013,677.0,20.9
小口売り連続,WATCH,2026-09-01,12:30:08,5132,2023.0,5
UNDER急増,,2026-09-01,12:31:14,6228,488.0,68.6
UNDER急増,,2026-09-01,12:32:03,6580,905.0,42.9
UNDER急増,,2026-09-01,12:32:03,3963,353.0,110.8
UNDER急増,,2026-09-01,12:33:25,5599,1000.0,39.4
UNDER急増,,2026-09-01,12:34:50,9256,1146.0,35.7
UNDER急増,,2026-09-01,12:35:59,3930,761.0,147.2
UNDER急増,,2026-09-01,12:47:23,3747,433.0,126.4
UNDER急増,,2026-09-01,12:48:03,6217,821.0,61.0
小口売り連続,WATCH,2026-09-01,12:52:55,4288,458.0,5
小口売り連続,WATCH,2026-09-01,12:55:52,4013,676.0,5
小口売り連続,WATCH,2026-09-01,12:57:06,1514,660.0,5
小口売り連続,WATCH,2026-09-01,13:04:24,4840,777.0,5
小口売り連続,WATCH,2026-09-01,13:09:50,4570,1049.0,5
UNDER急増,,2026-09-01,13:11:52,5034,2326.0,52.0
UNDER急増,,2026-09-01,13:16:42,5034,2304.0,31.4
小口売り連続,WATCH,2026-09-01,13:19:36,4013,673.0,5
小口売り連続,WATCH,2026-09-01,13:24:19,4840,806.0,5
小口売り連続,WATCH,2026-09-01,13:29:05,6433,1094.0,5
小口売り連続,WATCH,2026-09-01,13:29:05,5707,1097.0,5
小口売り連続,WATCH,2026-09-01,13:29:15,4840,834.0,5
小口売り連続,WATCH,2026-09-01,13:33:45,4013,673.0,5
UNDER急増,,2026-09-01,13:42:33,4422,587.0,40.5
小口売り連続,WATCH,2026-09-01,13:44:32,6217,825.0,5
小口売り連続,WATCH,2026-09-01,13:45:06,5262,1157.0,5
小口売り連続,WATCH,2026-09-01,13:45:14,5597,1383.0,5
小口売り連続,WATCH,2026-09-01,13:47:49,4840,782.0,5
UNDER急増,,2026-09-01,13:52:10,3747,434.0,24.9
小口売り連続,WATCH,2026-09-01,13:55:51,4840,801.0,5
小口売り連続,WATCH,2026-09-01,14:00:19,6433,1092.0,5
定期買い集め,STRONG,2026-09-01,14:07:09,4013,,10.1
UNDER急増,,2026-09-01,14:10:20,4013,675.0,102.1
小口売り連続,WATCH,2026-09-01,14:25:49,4840,799.0,5
小口売り連続,WATCH,2026-09-01,14:49:32,4570,1067.0,5
小口売り連続,WATCH,2026-09-01,14:49:56,1514,662.0,5
小口売り連続,WATCH,2026-09-01,14:55:09,9337,1461.0,5
小口売り連続,WATCH,2026-09-01,14:58:52,5707,1106.0,5
小口売り連続,WATCH,2026-09-01,15:05:18,6433,1129.0,5
UNDER急増,,2026-09-01,15:07:37,3963,351.0,126.9
小口売り連続,WATCH,2026-09-01,15:08:47,4013,675.0,5
小口売り連続,WATCH,2026-09-01,15:12:30,6620,704.0,5
小口売り連続,WATCH,2026-09-01,15:17:45,1514,662.0,5
小口売り連続,STRONG,2026-09-01,15:19:16,6620,704.0,10
UNDER急増,,2026-09-01,15:22:01,5034,2284.0,34.1
小口売り連続,WATCH,2026-09-01,15:22:32,6620,704.0,5
UNDER急増,,2026-09-01,15:26:05,5034,2284.0,25.5
小口売り連続,WATCH,2026-09-01,15:30:03,9238,388.0,5
UNDER急増,,2026-09-02,09:02:19,4889,1192.0,20.5
UNDER急増,,2026-09-02,09:02:50,5599,998.0,53.2
UNDER急増,,2026-09-02,09:02:53,4263,434.0,34.5
UNDER急増,,2026-09-02,09:03:02,3803,616.0,170.0
UNDER急増,,2026-09-02,09:03:03,3449,3770.0,33.8
UNDER急増,,2026-09-02,09:03:03,4422,564.0,75.4
UNDER急増,,2026-09-02,09:03:05,6433,1076.0,25.2
UNDER急増,,2026-09-02,09:03:07,4840,785.0,30.9
UNDER急増,,2026-09-02,09:03:12,3803,616.0,30.8
UNDER急増,,2026-09-02,09:03:14,6620,690.0,154.2
UNDER急増,,2026-09-02,09:05:09,5590,696.0,88.5
UNDER急増,,2026-09-02,09:05:13,4840,765.0,30.4
UNDER急増,,2026-09-02,09:05:56,7794,960.0,21.8
UNDER急増,,2026-09-02,09:06:59,2998,568.0,60.3
UNDER急増,,2026-09-02,09:08:04,3803,615.0,24.9
小口売り連続,WATCH,2026-09-02,09:10:29,1885,2128.0,5
UNDER急増,,2026-09-02,09:12:04,5590,697.0,85.5
UNDER急増,,2026-09-02,09:12:49,2998,558.0,73.1
UNDER急増,,2026-09-02,09:13:49,4414,1114.0,33.7
UNDER急増,,2026-09-02,09:13:51,4840,757.0,30.4
UNDER急増,,2026-09-02,09:14:11,5590,698.0,87.2
小口売り連続,WATCH,2026-09-02,09:14:11,5707,1030.0,5
UNDER急増,,2026-09-02,09:14:52,4840,755.0,31.1
UNDER急増,,2026-09-02,09:15:37,3803,611.0,27.2
定期買い集め,STRONG,2026-09-02,09:17:22,4013,,16.2
UNDER急増,,2026-09-02,09:18:41,5590,697.0,59.3
小口売り連続,WATCH,2026-09-02,09:21:08,4889,1189.0,5
小口売り連続,WATCH,2026-09-02,09:25:47,3963,340.0,5
小口売り連続,WATCH,2026-09-02,09:26:08,4840,754.0,5
UNDER急増,,2026-09-02,09:26:17,4395,717.0,70.0
小口売り連続,WATCH,2026-09-02,09:26:42,3449,3770.0,5
小口売り連続,WATCH,2026-09-02,09:27:07,3692,5860.0,5
小口売り連続,WATCH,2026-09-02,09:33:58,6217,806.0,5
小口売り連続,WATCH,2026-09-02,09:40:51,1885,2095.0,5
小口売り連続,WATCH,2026-09-02,09:43:22,4288,465.0,5
小口売り連続,WATCH,2026-09-02,09:44:11,4840,753.0,5
小口売り連続,WATCH,2026-09-02,09:48:34,4075,1919.0,5
小口売り連続,WATCH,2026-09-02,09:50:12,1885,2103.0,5
UNDER急増,,2026-09-02,09:56:26,4414,1099.0,26.2
小口売り連続,WATCH,2026-09-02,09:58:01,3963,340.0,5
小口売り連続,WATCH,2026-09-02,09:58:02,4075,1800.0,5
小口売り連続,WATCH,2026-09-02,10:03:01,4075,1786.0,5
小口売り連続,WATCH,2026-09-02,10:09:52,4395,717.0,5
小口売り連続,WATCH,2026-09-02,10:10:36,4075,1827.0,5
小口売り連続,WATCH,2026-09-02,10:14:45,4840,786.0,5
小口売り連続,WATCH,2026-09-02,10:17:37,4840,786.0,5
小口売り連続,WATCH,2026-09-02,10:19:50,4840,815.0,5
小口売り連続,WATCH,2026-09-02,10:20:01,1885,2087.0,5
小口売り連続,WATCH,2026-09-02,10:22:07,5262,1132.0,5
小口売り連続,WATCH,2026-09-02,10:23:17,4075,1810.0,5
小口売り連続,WATCH,2026-09-02,10:28:04,4889,1173.0,5
UNDER急増,,2026-09-02,10:32:08,5817,1008.0,25.0
UNDER急増,,2026-09-02,10:32:08,7369,356.0,20.8
UNDER急増,,2026-09-02,10:32:10,4288,464.0,49.4
UNDER急増,,2026-09-02,10:32:11,9238,387.0,27.5
小口売り連続,WATCH,2026-09-02,10:35:16,4840,791.0,5
小口売り連続,WATCH,2026-09-02,10:37:34,4075,1780.0,5
小口売り連続,WATCH,2026-09-02,10:39:55,4889,1175.0,5
小口売り連続,WATCH,2026-09-02,10:40:17,4075,1745.0,5
小口売り連続,WATCH,2026-09-02,10:45:07,4075,1706.0,5
UNDER急増,,2026-09-02,10:46:01,5707,1010.0,33.5
小口売り連続,WATCH,2026-09-02,10:46:23,1885,2064.0,5
UNDER急増,,2026-09-02,10:47:24,5707,1010.0,33.2
小口売り連続,WATCH,2026-09-02,10:49:09,4075,1690.0,5
小口売り連続,WATCH,2026-09-02,10:52:28,4075,1615.0,5
小口売り連続,WATCH,2026-09-02,10:53:06,3692,5860.0,5
小口売り連続,WATCH,2026-09-02,10:58:30,3692,5870.0,5
小口売り連続,STRONG,2026-09-02,10:59:13,3692,5870.0,10
小口売り連続,WATCH,2026-09-02,11:00:19,4075,1624.0,5
UNDER急増,,2026-09-02,11:01:11,5590,688.0,63.5
小口売り連続,WATCH,2026-09-02,11:01:57,4075,1600.0,5
UNDER急増,,2026-09-02,11:03:46,3803,604.0,33.6
小口売り連続,WATCH,2026-09-02,11:04:36,4894,5450.0,5
小口売り連続,WATCH,2026-09-02,11:05:12,4075,1592.0,5
小口売り連続,WATCH,2026-09-02,11:09:40,4075,1559.0,5
UNDER急増,,2026-09-02,11:10:23,4263,437.0,38.3
UNDER急増,,2026-09-02,11:10:46,5707,1003.0,34.1
小口売り連続,WATCH,2026-09-02,11:10:50,4840,751.0,5
小口売り連続,WATCH,2026-09-02,11:12:01,4888,357.0,5
小口売り連続,WATCH,2026-09-02,11:13:29,4075,1580.0,5
小口売り連続,STRONG,2026-09-02,11:13:39,4075,1576.0,10
小口売り連続,WATCH,2026-09-02,11:16:25,5597,1343.0,5
UNDER急増,,2026-09-02,12:05:07,6580,895.0,79.3
UNDER急増,,2026-09-02,12:08:33,3747,421.0,24.0
UNDER急増,,2026-09-02,12:26:02,6620,693.0,30.0
UNDER急増,,2026-09-02,12:31:02,5599,999.0,41.4
UNDER急増,,2026-09-02,12:31:29,4013,663.0,118.7
UNDER急増,,2026-09-02,12:31:55,3930,754.0,133.3
小口売り連続,WATCH,2026-09-02,12:32:19,5262,1127.0,5
UNDER急増,,2026-09-02,12:33:56,4395,715.0,92.8
UNDER急増,,2026-09-02,12:35:12,3747,420.0,31.9
UNDER急増,,2026-09-02,12:35:35,5597,1343.0,62.3
UNDER急増,,2026-09-02,12:35:47,6580,892.0,92.7
UNDER急増,,2026-09-02,12:36:46,5597,1350.0,28.1
UNDER急増,,2026-09-02,12:40:15,9238,386.0,700.0
小口売り連続,WATCH,2026-09-02,12:46:11,4075,1697.0,5
小口売り連続,WATCH,2026-09-02,12:46:58,3449,3740.0,5
小口売り連続,WATCH,2026-09-02,12:47:11,4889,1165.0,5
小口売り連続,WATCH,2026-09-02,12:52:51,4075,1666.0,5
小口売り連続,WATCH,2026-09-02,12:57:05,4075,1656.0,5
小口売り連続,WATCH,2026-09-02,12:59:13,4075,1636.0,5
UNDER急増,,2026-09-02,13:00:00,3803,600.0,26.3
小口売り連続,WATCH,2026-09-02,13:02:08,4075,1626.0,5
小口売り連続,WATCH,2026-09-02,13:03:02,4888,356.0,5
小口売り連続,WATCH,2026-09-02,13:05:08,2216,1094.0,5
小口売り連続,WATCH,2026-09-02,13:05:21,3692,5700.0,5
小口売り連続,WATCH,2026-09-02,13:05:22,4075,1600.0,5
小口売り連続,WATCH,2026-09-02,13:05:58,4075,1602.0,5
小口売り連続,WATCH,2026-09-02,13:09:47,4075,1612.0,5
UNDER急増,,2026-09-02,13:11:34,4199,821.0,248.1
小口売り連続,WATCH,2026-09-02,13:32:34,4075,1566.0,5
小口売り連続,WATCH,2026-09-02,13:35:47,1885,2073.0,5
小口売り連続,WATCH,2026-09-02,13:46:27,3692,5740.0,5
小口売り連続,WATCH,2026-09-02,13:47:05,4075,1613.0,5
小口売り連続,WATCH,2026-09-02,13:58:04,1885,2072.0,5
UNDER急増,,2026-09-02,14:00:15,7369,353.0,34.0
定期買い集め,STRONG,2026-09-02,14:03:28,4013,,31.3
小口売り連続,WATCH,2026-09-02,14:04:15,6433,1094.0,5
小口売り連続,WATCH,2026-09-02,14:05:42,2998,548.0,5
小口売り連続,WATCH,2026-09-02,14:09:05,4840,750.0,5
小口売り連続,WATCH,2026-09-02,14:10:49,3692,5690.0,5
小口売り連続,WATCH,2026-09-02,14:14:59,4075,1564.0,5
小口売り連続,WATCH,2026-09-02,14:16:21,4075,1561.0,5
小口売り連続,WATCH,2026-09-02,14:25:08,4075,1506.0,5
小口売り連続,WATCH,2026-09-02,14:25:52,4888,356.0,5
小口売り連続,WATCH,2026-09-02,14:27:20,5707,1013.0,5
小口売り連続,WATCH,2026-09-02,14:28:40,6580,880.0,5
UNDER急増,,2026-09-02,14:38:31,4075,1512.0,21.3
小口売り連続,WATCH,2026-09-02,14:44:04,5262,1129.0,5
小口売り連続,WATCH,2026-09-02,14:45:39,3963,348.0,5
小口売り連続,WATCH,2026-09-02,14:52:58,4840,758.0,5
小口売り連続,WATCH,2026-09-02,14:55:44,1514,653.0,5
小口売り連続,WATCH,2026-09-02,14:57:44,4075,1520.0,5
小口売り連続,WATCH,2026-09-02,14:59:05,1514,654.0,5
小口売り連続,WATCH,2026-09-02,15:02:34,1514,652.0,5
小口売り連続,WATCH,2026-09-02,15:04:24,4840,759.0,5
小口売り連続,WATCH,2026-09-02,15:06:52,3449,3710.0,5
小口売り連続,WATCH,2026-09-02,15:07:36,5597,1357.0,5
小口売り連続,WATCH,2026-09-02,15:14:48,1885,2090.0,5
小口売り連続,WATCH,2026-09-02,15:16:39,3449,3720.0,5
小口売り連続,WATCH,2026-09-02,15:22:29,1514,652.0,5
小口売り連続,WATCH,2026-09-02,15:22:45,4075,1540.0,5
小口売り連続,WATCH,2026-09-02,15:24:18,2998,549.0,5
UNDER急増,,2026-09-02,15:24:29,4414,1082.0,31.4
小口売り連続,WATCH,2026-09-02,15:24:55,5597,1355.0,5
UNDER急増,,2026-09-02,15:29:48,4199,815.0,21.4
UNDER急増,,2026-09-03,09:01:02,4570,1033.0,30.4
UNDER急増,,2026-09-03,09:01:04,4888,356.0,81.5
UNDER急増,,2026-09-03,09:01:07,5132,2000.0,29.2
UNDER急増,,2026-09-03,09:01:16,4889,1158.0,21.7
UNDER急増,,2026-09-03,09:01:19,3449,3720.0,31.4
UNDER急増,,2026-09-03,09:01:39,5707,1032.0,22.3
UNDER急増,,2026-09-03,09:02:05,4013,666.0,185.5
UNDER急増,,2026-09-03,09:02:06,3803,615.0,145.9
UNDER急増,,2026-09-03,09:02:07,9256,1065.0,32.4
UNDER急増,,2026-09-03,09:02:29,5132,2000.0,20.2
小口売り連続,WATCH,2026-09-03,09:02:49,4840,770.0,5
UNDER急増,,2026-09-03,09:02:54,4414,1069.0,33.0
UNDER急増,,2026-09-03,09:03:17,3930,765.0,151.6
UNDER急増,,2026-09-03,09:03:48,5034,2335.0,30.6
UNDER急増,,2026-09-03,09:04:58,5034,2335.0,26.3
UNDER急増,,2026-09-03,09:05:05,5597,1358.0,29.2
小口売り連続,WATCH,2026-09-03,09:05:21,4840,761.0,5
UNDER急増,,2026-09-03,09:05:22,6228,505.0,55.8
UNDER急増,,2026-09-03,09:05:51,5599,1000.0,53.6
UNDER急増,,2026-09-03,09:06:09,5597,1370.0,26.6
UNDER急増,,2026-09-03,09:06:14,6433,1088.0,21.3
UNDER急増,,2026-09-03,09:06:28,5034,2335.0,34.5
UNDER急増,,2026-09-03,09:07:36,5590,697.0,86.6
小口売り連続,WATCH,2026-09-03,09:07:48,5262,1128.0,5
小口売り連続,WATCH,2026-09-03,09:07:48,4889,1143.0,5
小口売り連続,WATCH,2026-09-03,09:08:09,4840,760.0,5
小口売り連続,WATCH,2026-09-03,09:09:27,4422,565.0,5
小口売り連続,WATCH,2026-09-03,09:09:35,3449,3690.0,5
小口売り連続,WATCH,2026-09-03,09:09:36,4840,755.0,5
小口売り連続,WATCH,2026-09-03,09:09:55,4894,5320.0,5
UNDER急増,,2026-09-03,09:10:07,3963,346.0,27.1
UNDER急増,,2026-09-03,09:10:19,9238,388.0,38.8
小口売り連続,WATCH,2026-09-03,09:10:22,6217,812.0,5
UNDER急増,,2026-09-03,09:10:37,5590,692.0,117.4
UNDER急増,,2026-09-03,09:11:11,3963,346.0,24.3
UNDER急増,,2026-09-03,09:11:11,5034,2280.0,29.8
UNDER急増,,2026-09-03,09:11:11,6620,698.0,163.8
UNDER急増,,2026-09-03,09:11:23,7794,964.0,20.8
UNDER急増,,2026-09-03,09:11:41,4199,837.0,74.4
小口売り連続,WATCH,2026-09-03,09:12:26,2216,1086.0,5
UNDER急増,,2026-09-03,09:12:37,5597,1351.0,28.4
UNDER急増,,2026-09-03,09:12:53,4199,837.0,74.4
UNDER急増,,2026-09-03,09:14:02,5597,1338.0,33.5
UNDER急増,,2026-09-03,09:14:16,4199,837.0,74.4
UNDER急増,,2026-09-03,09:14:23,6580,885.0,45.2
小口売り連続,WATCH,2026-09-03,09:14:45,4013,659.0,5
UNDER急増,,2026-09-03,09:14:45,4013,659.0,133.1
UNDER急増,,2026-09-03,09:15:23,4199,837.0,74.4
小口売り連続,WATCH,2026-09-03,09:18:14,4075,1710.0,5
小口売り連続,WATCH,2026-09-03,09:21:27,4570,1026.0,5
UNDER急増,,2026-09-03,09:22:37,4888,352.0,93.3
小口売り連続,WATCH,2026-09-03,09:23:36,5262,1122.0,5
UNDER急増,,2026-09-03,09:25:58,5729,1772.0,54.2
UNDER急増,,2026-09-03,09:27:12,5132,1986.0,47.7
小口売り連続,WATCH,2026-09-03,09:30:54,5262,1121.0,5
小口売り連続,WATCH,2026-09-03,09:30:56,4075,1771.0,5
UNDER急増,,2026-09-03,09:32:27,4199,823.0,63.9
UNDER急増,,2026-09-03,09:34:51,3963,346.0,70.2
小口売り連続,WATCH,2026-09-03,09:35:51,5262,1121.0,5
小口売り連続,WATCH,2026-09-03,09:35:51,4075,1774.0,5
小口売り連続,WATCH,2026-09-03,09:37:29,4888,354.0,5
小口売り連続,WATCH,2026-09-03,09:39:04,4075,1771.0,5
UNDER急増,,2026-09-03,09:39:51,3803,604.0,28.5
小口売り連続,WATCH,2026-09-03,09:41:19,7794,964.0,5
小口売り連続,WATCH,2026-09-03,09:42:08,5262,1121.0,5
UNDER急増,,2026-09-03,09:43:07,4013,652.0,209.4
小口売り連続,STRONG,2026-09-03,09:45:34,5262,1121.0,10
UNDER急増,,2026-09-03,09:45:41,4263,434.0,48.3
小口売り連続,WATCH,2026-09-03,09:48:25,4075,1780.0,5
小口売り連続,WATCH,2026-09-03,09:52:01,4075,1720.0,5
UNDER急増,,2026-09-03,09:54:23,6620,698.0,145.5
小口売り連続,WATCH,2026-09-03,09:55:32,5262,1121.0,5
小口売り連続,STRONG,2026-09-03,09:58:53,5262,1121.0,10
UNDER急増,,2026-09-03,10:01:26,3803,602.0,20.2
UNDER急増,,2026-09-03,10:03:05,5817,998.0,116.3
小口売り連続,WATCH,2026-09-03,10:05:03,4840,775.0,5
UNDER急増,,2026-09-03,10:07:59,3803,603.0,49.5
小口売り連続,WATCH,2026-09-03,10:08:07,4888,353.0,5
小口売り連続,WATCH,2026-09-03,10:09:01,5262,1121.0,5
UNDER急増,,2026-09-03,10:09:24,3803,598.0,138.5
UNDER急増,,2026-09-03,10:11:02,3803,598.0,53.6
UNDER急増,,2026-09-03,10:12:05,3803,585.0,98.1
UNDER急増,,2026-09-03,10:15:23,3803,585.0,27.5
小口売り連続,WATCH,2026-09-03,10:22:35,3449,3750.0,5
UNDER急増,,2026-09-03,10:26:11,3803,589.0,20.0
小口売り連続,WATCH,2026-09-03,10:26:50,5262,1121.0,5
小口売り連続,WATCH,2026-09-03,10:28:05,9556,2231.0,5
UNDER急増,,2026-09-03,10:32:59,3803,585.0,22.6
小口売り連続,WATCH,2026-09-03,10:34:50,5262,1120.0,5
小口売り連続,WATCH,2026-09-03,10:35:56,5817,1009.0,5
小口売り連続,WATCH,2026-09-03,10:36:15,4013,650.0,5
UNDER急増,,2026-09-03,10:37:36,3803,568.0,28.0
小口売り連続,WATCH,2026-09-03,10:39:28,5262,1121.0,5
UNDER急増,,2026-09-03,10:39:34,3803,573.0,663.9
小口売り連続,STRONG,2026-09-03,10:41:39,5262,1119.0,10
小口売り連続,WATCH,2026-09-03,10:42:50,4889,1137.0,5
UNDER急増,,2026-09-03,10:47:07,4199,813.0,29.8
UNDER急増,,2026-09-03,10:47:13,5132,2005.0,25.8
UNDER急増,,2026-09-03,10:54:46,9337,1422.0,20.3
小口売り連続,WATCH,2026-09-03,10:56:49,4570,1041.0,5
小口売り連続,WATCH,2026-09-03,11:08:21,9337,1417.0,5
小口売り連続,WATCH,2026-09-03,11:18:35,9256,1028.0,5
小口売り連続,WATCH,2026-09-03,11:30:02,5262,1131.0,5
UNDER急増,,2026-09-03,12:05:03,4013,650.0,294.0
UNDER急増,,2026-09-03,12:14:30,6620,697.0,27.7
UNDER急増,,2026-09-03,12:19:55,3963,347.0,49.0
UNDER急増,,2026-09-03,12:25:26,4013,650.0,37.2
UNDER急増,,2026-09-03,12:26:13,6620,697.0,27.7
UNDER急増,,2026-09-03,12:26:14,4199,814.0,21.6
UNDER急増,,2026-09-03,12:29:45,4199,814.0,51.0
小口売り連続,WATCH,2026-09-03,12:30:02,7034,343.0,5
UNDER急増,,2026-09-03,12:31:00,4579,551.0,72.5
UNDER急増,,2026-09-03,12:31:02,4013,650.0,132.2
UNDER急増,,2026-09-03,12:31:09,3930,766.0,118.0
UNDER急増,,2026-09-03,12:31:38,7794,955.0,22.0
UNDER急増,,2026-09-03,12:31:43,4263,428.0,46.7
UNDER急増,,2026-09-03,12:32:02,3963,347.0,99.7
UNDER急増,,2026-09-03,12:32:26,6620,700.0,148.5
UNDER急増,,2026-09-03,12:32:43,4263,426.0,46.5
UNDER急増,,2026-09-03,12:36:27,6620,700.0,136.1
小口売り連続,WATCH,2026-09-03,12:41:15,5262,1129.0,5
小口売り連続,WATCH,2026-09-03,12:43:07,9256,1027.0,5
UNDER急増,,2026-09-03,12:44:22,4288,468.0,22.9
UNDER急増,,2026-09-03,12:44:28,6580,883.0,75.8
UNDER急増,,2026-09-03,12:47:52,6217,797.0,27.6
小口売り連続,WATCH,2026-09-03,12:48:36,4840,812.0,5
小口売り連続,WATCH,2026-09-03,12:58:08,4888,356.0,5
UNDER急増,,2026-09-03,13:01:13,7369,360.0,51.9
小口売り連続,WATCH,2026-09-03,13:02:50,3692,5680.0,5
UNDER急増,,2026-09-04,09:01:02,4013,648.0,178.9
UNDER急増,,2026-09-04,09:01:03,6217,787.0,21.8
UNDER急増,,2026-09-04,09:01:08,5132,2021.0,22.2
UNDER急増,,2026-09-04,09:01:08,9256,1032.0,31.5
UNDER急増,,2026-09-04,09:01:09,5590,710.0,93.0
UNDER急増,,2026-09-04,09:01:22,2998,545.0,58.9
UNDER急増,,2026-09-04,09:01:30,3963,341.0,132.7
UNDER急増,,2026-09-04,09:01:45,4570,1051.0,37.0
UNDER急増,,2026-09-04,09:01:50,5729,1763.0,53.6
UNDER急増,,2026-09-04,09:01:52,3449,3770.0,24.7
UNDER急増,,2026-09-04,09:01:53,9238,384.0,91.8
UNDER急増,,2026-09-04,09:02:10,5132,2021.0,45.6
UNDER急増,,2026-09-04,09:02:42,6433,1102.0,20.1
UNDER急増,,2026-09-04,09:02:44,9337,1450.0,57.1
UNDER急増,,2026-09-04,09:02:53,6217,794.0,53.3
UNDER急増,,2026-09-04,09:04:00,6217,788.0,59.0
小口売り連続,WATCH,2026-09-04,09:04:28,1885,2094.0,5
UNDER急増,,2026-09-04,09:05:42,6228,538.0,66.2
UNDER急増,,2026-09-04,09:06:55,7034,340.0,21.3
UNDER急増,,2026-09-04,09:08:56,5597,1376.0,33.1
UNDER急増,,2026-09-04,09:14:09,3449,3750.0,22.0
小口売り連続,WATCH,2026-09-04,09:15:07,6433,1082.0,5
定期買い集め,STRONG,2026-09-04,09:15:25,5817,,10.2
小口売り連続,WATCH,2026-09-04,09:16:11,6228,523.0,5
UNDER急増,,2026-09-04,09:16:14,6217,787.0,67.6
UNDER急増,,2026-09-04,09:17:16,3803,580.0,245.1
UNDER急増,,2026-09-04,09:17:16,6580,873.0,22.2
UNDER急増,,2026-09-04,09:17:17,5132,2021.0,25.3
UNDER急増,,2026-09-04,09:20:18,4414,1078.0,30.9
UNDER急増,,2026-09-04,09:20:45,3930,764.0,149.1
UNDER急増,,2026-09-04,09:22:35,4840,779.0,36.2
UNDER急増,,2026-09-04,09:23:38,5591,854.0,28.6
小口売り連続,WATCH,2026-09-04,09:23:42,1885,2078.0,5
小口売り連続,WATCH,2026-09-04,09:24:27,1514,676.0,5
小口売り連続,WATCH,2026-09-04,09:25:45,4075,1500.0,5
UNDER急増,,2026-09-04,09:31:33,3747,414.0,126.8
小口売り連続,WATCH,2026-09-04,09:32:34,4075,1553.0,5
小口売り連続,WATCH,2026-09-04,09:33:53,4840,791.0,5
小口売り連続,WATCH,2026-09-04,09:35:27,5034,2365.0,5
UNDER急増,,2026-09-04,09:41:06,6217,787.0,52.8
小口売り連続,WATCH,2026-09-04,09:46:43,4075,1576.0,5
小口売り連続,WATCH,2026-09-04,09:49:00,4075,1578.0,5
小口売り連続,WATCH,2026-09-04,09:51:10,4075,1569.0,5
定期買い集め,STRONG,2026-09-04,09:53:16,4013,,21.0
UNDER急増,,2026-09-04,10:02:10,4840,779.0,20.0
UNDER急増,,2026-09-04,10:13:04,6217,774.0,55.6
UNDER急増,,2026-09-04,10:18:42,3803,581.0,22.6
小口売り連続,WATCH,2026-09-04,10:18:52,4075,1550.0,5
定期買い集め,WATCH,2026-09-04,10:18:55,4889,,6.0
小口売り連続,STRONG,2026-09-04,10:20:14,4075,1551.0,10
小口売り連続,WATCH,2026-09-04,10:22:03,1885,2067.0,5
UNDER急増,,2026-09-04,10:25:51,3803,581.0,22.6
UNDER急増,,2026-09-04,10:29:12,4888,358.0,22.4
小口売り連続,WATCH,2026-09-04,10:37:09,3747,414.0,5
小口売り連続,WATCH,2026-09-04,10:42:22,1514,669.0,5
UNDER急増,,2026-09-04,10:43:45,6620,702.0,113.7
小口売り連続,STRONG,2026-09-04,10:44:49,1514,669.0,10
小口売り連続,WATCH,2026-09-04,10:48:19,1514,670.0,5
UNDER急増,,2026-09-04,10:53:12,4263,426.0,51.4
小口売り連続,WATCH,2026-09-04,10:55:43,3449,3880.0,5
小口売り連続,WATCH,2026-09-04,11:08:13,1514,670.0,5
小口売り連続,WATCH,2026-09-04,11:08:16,6433,1091.0,5
小口売り連続,WATCH,2026-09-04,11:19:36,4075,1521.0,5
小口売り連続,WATCH,2026-09-04,11:21:58,4840,825.0,5
小口売り連続,WATCH,2026-09-04,11:27:32,7034,345.0,5
小口売り連続,WATCH,2026-09-04,11:29:11,4889,1172.0,5
小口売り連続,WATCH,2026-09-04,11:29:27,4075,1522.0,5
小口売り連続,WATCH,2026-09-04,12:30:02,4013,658.0,5
UNDER急増,,2026-09-04,12:32:37,5729,1732.0,41.2
UNDER急増,,2026-09-04,12:38:22,5599,1016.0,51.9
小口売り連続,WATCH,2026-09-04,12:41:04,5590,721.0,5
小口売り連続,WATCH,2026-09-04,12:41:58,4395,723.0,5
小口売り連続,WATCH,2026-09-04,12:49:05,4422,587.0,5
UNDER急増,,2026-09-04,12:49:23,6217,776.0,53.2
UNDER急増,,2026-09-04,12:50:34,6620,705.0,113.7
小口売り連続,WATCH,2026-09-04,13:00:34,4075,1411.0,5
小口売り連続,WATCH,2026-09-04,13:03:07,6433,1091.0,5
小口売り連続,WATCH,2026-09-04,13:05:19,4075,1455.0,5
小口売り連続,WATCH,2026-09-04,13:08:41,9256,1047.0,5
小口売り連続,WATCH,2026-09-04,13:15:51,4075,1451.0,5
小口売り連続,WATCH,2026-09-04,13:18:08,4075,1433.0,5
小口売り連続,WATCH,2026-09-04,13:30:19,1514,673.0,5
小口売り連続,WATCH,2026-09-04,13:30:42,4840,841.0,5
UNDER急増,,2026-09-04,13:54:05,4263,426.0,51.9
小口売り連続,WATCH,2026-09-04,13:55:43,1514,671.0,5
UNDER急増,,2026-09-04,13:56:24,4263,426.0,52.6
小口売り連続,WATCH,2026-09-04,14:03:18,4075,1402.0,5
小口売り連続,WATCH,2026-09-04,14:12:46,4075,1400.0,5
UNDER急増,,2026-09-04,14:19:22,6217,776.0,27.0
小口売り連続,WATCH,2026-09-04,14:20:44,2998,557.0,5
小口売り連続,WATCH,2026-09-04,14:21:03,5590,720.0,5
小口売り連続,WATCH,2026-09-04,14:25:31,2998,555.0,5
小口売り連続,STRONG,2026-09-04,14:25:58,2998,553.0,10
小口売り連続,WATCH,2026-09-04,14:27:04,2998,552.0,5
小口売り連続,WATCH,2026-09-04,14:27:45,4075,1422.0,5
小口売り連続,WATCH,2026-09-04,14:27:52,2998,551.0,5
小口売り連続,WATCH,2026-09-04,14:28:15,1514,672.0,5
小口売り連続,WATCH,2026-09-04,14:28:42,2998,553.0,5
小口売り連続,WATCH,2026-09-04,14:29:27,2998,551.0,5
小口売り連続,WATCH,2026-09-04,14:30:59,2998,552.0,5
小口売り連続,STRONG,2026-09-04,14:31:13,4075,1422.0,10
小口売り連続,WATCH,2026-09-04,14:36:01,2998,552.0,5
小口売り連続,STRONG,2026-09-04,14:36:27,2998,551.0,10
小口売り連続,WATCH,2026-09-04,14:37:45,2998,550.0,5
小口売り連続,WATCH,2026-09-04,14:39:43,2998,549.0,5
小口売り連続,WATCH,2026-09-04,14:39:48,3449,3915.0,5
小口売り連続,WATCH,2026-09-04,14:40:04,4075,1408.0,5
小口売り連続,WATCH,2026-09-04,14:41:12,2998,549.0,5
小口売り連続,WATCH,2026-09-04,14:50:54,4075,1385.0,5
小口売り連続,WATCH,2026-09-04,14:54:52,1514,673.0,5
小口売り連続,WATCH,2026-09-04,14:56:20,5817,1068.0,5
小口売り連続,WATCH,2026-09-04,15:03:10,3449,3915.0,5
UNDER急増,,2026-09-04,15:03:42,4075,1393.0,97.4
小口売り連続,WATCH,2026-09-04,15:08:29,6433,1086.0,5
小口売り連続,WATCH,2026-09-04,15:10:01,7794,1000.0,5
小口売り連続,WATCH,2026-09-04,15:14:47,1514,672.0,5
小口売り連続,WATCH,2026-09-04,15:22:20,4395,717.0,5
