week,date,time,strategy,symbol,price,under_before,under_after,under_pct,consecutive
week1,2026-07-13,09:00:02,投げ売り/買い気配へぶつけ,4813,338.0,,,,
week1,2026-07-13,09:00:46,小口売り連続/WATCH,3692,5230.0,,,,5
week1,2026-07-13,09:01:01,UNDER急増,5137,225.0,83500,201200,141.0,
week1,2026-07-13,09:01:03,UNDER急増,7018,10150.0,11700,14100,20.5,
week1,2026-07-13,09:01:12,UNDER急増,9130,1506.0,18900,27400,45.0,
week1,2026-07-13,09:01:17,UNDER急増,4840,657.0,5900,7200,22.0,
week1,2026-07-13,09:01:25,UNDER急増,3692,5210.0,23500,28400,20.9,
week1,2026-07-13,09:01:29,UNDER急増,5132,1971.0,13400,19000,41.8,
week1,2026-07-13,09:01:33,UNDER急増,5817,850.0,46600,59500,27.7,
week1,2026-07-13,09:01:42,UNDER急増,5724,2470.0,24900,31400,26.1,
week1,2026-07-13,09:01:44,UNDER急増,6620,746.0,76900,94700,23.1,
week1,2026-07-13,09:01:45,UNDER急増,4165,549.0,139000,194300,39.8,
week1,2026-07-13,09:02:07,UNDER急増,5588,750.0,11500,23900,107.8,
week1,2026-07-13,09:02:25,UNDER急増,4075,906.0,7400,10200,37.8,
week1,2026-07-13,09:02:30,UNDER急増,3692,5250.0,24300,29200,20.2,
week1,2026-07-13,09:02:36,UNDER急増,5817,856.0,45700,58600,28.2,
week1,2026-07-13,09:02:53,UNDER急増,5591,849.0,10300,27100,163.1,
week1,2026-07-13,09:03:39,UNDER急増,9115,818.0,9100,21600,137.4,
week1,2026-07-13,09:03:41,UNDER急増,9130,1520.0,21800,30300,39.0,
week1,2026-07-13,09:06:43,UNDER急増,4446,870.0,53300,69100,29.6,
week1,2026-07-13,09:07:00,UNDER急増,5132,1983.0,20200,25200,24.8,
week1,2026-07-13,09:08:46,UNDER急増,4075,909.0,10300,19400,88.3,
week1,2026-07-13,09:09:45,UNDER急増,4446,873.0,59600,74400,24.8,
week1,2026-07-13,09:11:11,UNDER急増,4075,910.0,9600,19400,102.1,
week1,2026-07-13,09:12:32,小口売り連続/WATCH,5588,751.0,,,,5
week1,2026-07-13,09:12:34,UNDER急増,5707,829.0,83200,114300,37.4,
week1,2026-07-13,09:12:47,UNDER急増,4488,2092.0,12400,17300,39.5,
week1,2026-07-13,09:13:11,小口売り連続/WATCH,4894,4760.0,,,,5
week1,2026-07-13,09:15:20,小口売り連続/WATCH,4575,773.0,,,,5
week1,2026-07-13,09:18:35,小口売り連続/WATCH,7602,160.0,,,,5
week1,2026-07-13,09:24:21,UNDER急増,5892,2075.0,24300,30300,24.7,
week1,2026-07-13,09:24:22,UNDER急増,5132,1990.0,20300,25900,27.6,
week1,2026-07-13,09:25:24,UNDER急増,5892,2075.0,25100,31100,23.9,
week1,2026-07-13,09:31:53,UNDER急増,4011,2123.0,23800,29800,25.2,
week1,2026-07-13,09:33:26,UNDER急増,4075,914.0,11700,21200,81.2,
week1,2026-07-13,09:35:45,小口売り連続/WATCH,4446,850.0,,,,5
week1,2026-07-13,09:39:12,UNDER急増,9130,1494.0,17700,26200,48.0,
week1,2026-07-13,09:40:52,UNDER急増,9130,1485.0,16600,24400,47.0,
week1,2026-07-13,09:43:19,小口売り連続/WATCH,4575,764.0,,,,5
week1,2026-07-13,09:43:23,UNDER急増,4011,2090.0,21500,27500,27.9,
week1,2026-07-13,09:43:49,小口売り連続/WATCH,3686,74.0,,,,5
week1,2026-07-13,09:49:18,小口売り連続/STRONG,3686,74.0,,,,10
week1,2026-07-13,09:51:46,小口売り連続/WATCH,4446,871.0,,,,5
week1,2026-07-13,09:55:11,UNDER急増,4075,907.0,11900,19500,63.9,
week1,2026-07-13,09:55:49,UNDER急増,7352,419.0,43000,94200,119.1,
week1,2026-07-13,09:57:29,小口売り連続/WATCH,4011,2086.0,,,,5
week1,2026-07-13,09:58:06,UNDER急増,7352,418.0,46600,94500,102.8,
week1,2026-07-13,10:03:18,UNDER急増,7352,413.0,42800,93800,119.2,
week1,2026-07-13,10:03:39,UNDER急増,3747,426.0,52400,79600,51.9,
week1,2026-07-13,10:05:13,UNDER急増,4075,903.0,8600,18800,118.6,
week1,2026-07-13,10:07:07,UNDER急増,7352,415.0,42700,90600,112.2,
week1,2026-07-13,10:08:18,UNDER急増,6228,508.0,38700,55000,42.1,
week1,2026-07-13,10:08:46,UNDER急増,4395,767.0,39600,57200,44.4,
week1,2026-07-13,10:12:11,UNDER急増,4075,903.0,8600,17400,102.3,
week1,2026-07-13,10:14:12,UNDER急増,7352,412.0,47300,97600,106.3,
week1,2026-07-13,10:15:39,小口売り連続/WATCH,4176,260.0,,,,5
week1,2026-07-13,10:21:27,UNDER急増,5129,254.0,43300,82000,89.4,
week1,2026-07-13,10:21:30,UNDER急増,4570,999.0,40600,56900,40.1,
week1,2026-07-13,10:22:03,UNDER急増,4446,848.0,56500,71300,26.2,
week1,2026-07-13,10:22:38,UNDER急増,4570,1000.0,39200,55300,41.1,
week1,2026-07-13,10:24:08,小口売り連続/WATCH,5597,1414.0,,,,5
week1,2026-07-13,10:24:56,UNDER急増,3747,423.0,47500,77600,63.4,
week1,2026-07-13,10:25:35,UNDER急増,5129,246.0,36800,75100,104.1,
week1,2026-07-13,10:26:26,小口売り連続/WATCH,3692,5320.0,,,,5
week1,2026-07-13,10:28:20,UNDER急増,4395,762.0,41500,59100,42.4,
week1,2026-07-13,10:31:31,UNDER急増,4075,896.0,9600,18500,92.7,
week1,2026-07-13,10:32:47,UNDER急増,4840,650.0,8300,20300,144.6,
week1,2026-07-13,10:33:33,UNDER急増,5817,855.0,34200,48600,42.1,
week1,2026-07-13,10:34:17,UNDER急増,2321,142.0,87900,189200,115.2,
week1,2026-07-13,10:40:07,UNDER急増,4570,1000.0,39900,55900,40.1,
week1,2026-07-13,10:41:08,UNDER急増,4570,995.0,38600,54600,41.5,
week1,2026-07-13,10:41:31,小口売り連続/WATCH,4075,896.0,,,,5
week1,2026-07-13,10:42:33,UNDER急増,4395,762.0,41700,59300,42.2,
week1,2026-07-13,10:43:12,小口売り連続/WATCH,4894,4705.0,,,,5
week1,2026-07-13,10:44:44,UNDER急増,9229,151.0,117500,300300,155.6,
week1,2026-07-13,10:44:46,UNDER急増,4075,895.0,9600,19200,100.0,
week1,2026-07-13,10:45:15,小口売り連続/WATCH,2998,547.0,,,,5
week1,2026-07-13,10:48:12,小口売り連続/WATCH,5724,2401.0,,,,5
week1,2026-07-13,10:48:23,UNDER急増,5591,836.0,18500,29900,61.6,
week1,2026-07-13,10:51:52,小口売り連続/WATCH,5724,2385.0,,,,5
week1,2026-07-13,10:51:58,UNDER急増,4395,762.0,41100,58700,42.8,
week1,2026-07-13,10:53:31,UNDER急増,4446,834.0,53600,67700,26.3,
week1,2026-07-13,11:09:35,UNDER急増,4011,2058.0,23300,29500,26.6,
week1,2026-07-13,11:11:27,UNDER急増,9115,818.0,12900,23400,81.4,
week1,2026-07-13,11:18:26,UNDER急増,5892,2047.0,26600,32600,22.6,
week1,2026-07-13,11:27:51,小口売り連続/WATCH,4165,551.0,,,,5
week1,2026-07-13,11:29:57,UNDER急増,9115,820.0,5200,7500,44.2,
week1,2026-07-13,12:22:34,UNDER急増,8798,133.0,30100,37400,24.3,
week1,2026-07-13,12:31:00,UNDER急増,5591,831.0,16600,28000,68.7,
week1,2026-07-13,12:31:14,UNDER急増,9130,1460.0,19000,27000,42.1,
week1,2026-07-13,12:31:17,UNDER急増,4570,991.0,38800,54800,41.2,
week1,2026-07-13,12:31:48,UNDER急増,5817,854.0,32600,46000,41.1,
week1,2026-07-13,12:36:07,UNDER急増,5817,846.0,32400,45400,40.1,
week1,2026-07-13,12:40:59,UNDER急増,4075,899.0,9300,18800,102.2,
week1,2026-07-13,12:41:47,UNDER急増,7352,405.0,35200,85500,142.9,
week1,2026-07-13,12:44:48,UNDER急増,7352,408.0,46100,94000,103.9,
week1,2026-07-13,12:53:48,小口売り連続/WATCH,7071,376.0,,,,5
week1,2026-07-13,13:00:29,小口売り連続/WATCH,6620,737.0,,,,5
week1,2026-07-13,13:01:02,小口売り連続/WATCH,4412,1228.0,,,,5
week1,2026-07-13,13:05:32,UNDER急増,4075,900.0,9500,18900,98.9,
week1,2026-07-13,13:22:14,UNDER急増,9115,820.0,5100,15700,207.8,
week1,2026-07-13,13:24:55,UNDER急増,4570,990.0,42000,58000,38.1,
week1,2026-07-13,13:25:03,小口売り連続/WATCH,7071,370.0,,,,5
week1,2026-07-13,13:31:07,小口売り連続/WATCH,4446,817.0,,,,5
week1,2026-07-13,13:31:30,UNDER急増,6495,132.0,50900,136700,168.6,
week1,2026-07-13,13:32:19,小口売り連続/WATCH,7071,369.0,,,,5
week1,2026-07-13,13:40:48,小口売り連続/WATCH,4575,759.0,,,,5
week1,2026-07-13,13:51:53,小口売り連続/WATCH,5588,755.0,,,,5
week1,2026-07-13,14:22:39,小口売り連続/WATCH,4894,4705.0,,,,5
week1,2026-07-13,14:23:07,小口売り連続/WATCH,4446,823.0,,,,5
week1,2026-07-13,14:44:37,UNDER急増,4446,815.0,45400,60200,32.6,
week1,2026-07-13,14:47:23,UNDER急増,6495,132.0,50700,132000,160.4,
week1,2026-07-13,14:48:39,UNDER急増,6495,132.0,50700,132000,160.4,
week1,2026-07-13,14:56:13,小口売り連続/WATCH,7071,371.0,,,,5
week1,2026-07-13,15:14:13,小口売り連続/WATCH,4446,817.0,,,,5
week1,2026-07-13,15:18:52,小口売り連続/WATCH,4575,758.0,,,,5
week1,2026-07-13,15:19:05,UNDER急増,8798,133.0,47200,57000,20.8,
week1,2026-07-13,15:20:37,小口売り連続/WATCH,6228,509.0,,,,5
week1,2026-07-13,15:29:57,UNDER急増,8798,132.0,30100,37400,24.3,
week1,2026-07-14,09:00:26,投げ売り/買い気配へぶつけ,4813,326.0,,,,
week1,2026-07-14,09:01:01,UNDER急増,9130,1450.0,18000,25800,43.3,
week1,2026-07-14,09:01:03,UNDER急増,5132,1944.0,10200,13100,28.4,
week1,2026-07-14,09:01:05,UNDER急増,4570,985.0,34300,52300,52.5,
week1,2026-07-14,09:01:05,UNDER急増,5599,1115.0,16000,24200,51.2,
week1,2026-07-14,09:01:12,UNDER急増,4165,560.0,163600,209700,28.2,
week1,2026-07-14,09:01:15,UNDER急増,2998,551.0,83600,136800,63.6,
week1,2026-07-14,09:01:16,UNDER急増,4488,2097.0,8700,11100,27.6,
week1,2026-07-14,09:01:17,UNDER急増,7352,409.0,48400,96200,98.8,
week1,2026-07-14,09:01:50,UNDER急増,4395,770.0,34700,52100,50.1,
week1,2026-07-14,09:01:53,UNDER急増,5129,261.0,46400,84900,83.0,
week1,2026-07-14,09:01:58,UNDER急増,5817,847.0,21900,34200,56.2,
week1,2026-07-14,09:02:29,UNDER急増,4446,816.0,70000,84500,20.7,
week1,2026-07-14,09:02:46,UNDER急増,6620,735.0,73700,95600,29.7,
week1,2026-07-14,09:03:06,小口売り連続/WATCH,4418,765.0,,,,5
week1,2026-07-14,09:03:25,UNDER急増,4488,2097.0,9400,11900,26.6,
week1,2026-07-14,09:03:47,小口売り連続/WATCH,7071,376.0,,,,5
week1,2026-07-14,09:04:08,UNDER急増,3747,434.0,35800,65300,82.4,
week1,2026-07-14,09:04:12,UNDER急増,7018,9750.0,9100,11500,26.4,
week1,2026-07-14,09:05:57,UNDER急増,5597,1380.0,26100,32700,25.3,
week1,2026-07-14,09:05:59,小口売り連続/WATCH,4446,808.0,,,,5
week1,2026-07-14,09:06:14,UNDER急増,4575,733.0,39300,50700,29.0,
week1,2026-07-14,09:06:17,UNDER急増,5132,1933.0,14200,19800,39.4,
week1,2026-07-14,09:06:17,UNDER急増,3747,430.0,37100,64200,73.0,
week1,2026-07-14,09:06:45,UNDER急増,4488,2097.0,10400,12500,20.2,
week1,2026-07-14,09:06:57,UNDER急増,5597,1386.0,27400,33900,23.7,
week1,2026-07-14,09:08:52,UNDER急増,4575,735.0,50400,62300,23.6,
week1,2026-07-14,09:09:44,UNDER急増,3747,428.0,34500,64900,88.1,
week1,2026-07-14,09:10:05,UNDER急増,4570,979.0,37300,53200,42.6,
week1,2026-07-14,09:12:20,UNDER急増,5588,738.0,15600,28300,81.4,
week1,2026-07-14,09:13:37,小口売り連続/WATCH,4575,737.0,,,,5
week1,2026-07-14,09:13:43,小口売り連続/WATCH,5129,265.0,,,,5
week1,2026-07-14,09:14:39,UNDER急増,7602,156.0,57600,70400,22.2,
week1,2026-07-14,09:14:41,UNDER急増,7018,9670.0,11000,13600,23.6,
week1,2026-07-14,09:19:02,小口売り連続/WATCH,9229,151.0,,,,5
week1,2026-07-14,09:20:37,小口売り連続/WATCH,4165,595.0,,,,5
week1,2026-07-14,09:23:16,小口売り連続/WATCH,4446,835.0,,,,5
week1,2026-07-14,09:23:44,UNDER急増,5724,2382.0,26200,31700,21.0,
week1,2026-07-14,09:24:10,UNDER急増,9115,829.0,11400,23900,109.6,
week1,2026-07-14,09:25:11,UNDER急増,9115,829.0,12300,22900,86.2,
week1,2026-07-14,09:25:18,小口売り連続/WATCH,7352,434.0,,,,5
week1,2026-07-14,09:25:58,小口売り連続/STRONG,7352,434.0,,,,10
week1,2026-07-14,09:26:25,UNDER急増,3747,426.0,35900,64700,80.2,
week1,2026-07-14,09:28:29,UNDER急増,7602,156.0,57700,71200,23.4,
week1,2026-07-14,09:28:58,UNDER急増,9115,829.0,12300,24000,95.1,
week1,2026-07-14,09:31:11,UNDER急増,5707,810.0,94900,126800,33.6,
week1,2026-07-14,09:36:17,UNDER急増,7071,375.0,231900,300200,29.5,
week1,2026-07-14,09:39:37,小口売り連続/WATCH,7352,431.0,,,,5
week1,2026-07-14,09:49:18,小口売り連続/WATCH,3692,5330.0,,,,5
week1,2026-07-14,10:03:18,UNDER急増,4840,641.0,6800,16700,145.6,
week1,2026-07-14,10:14:58,小口売り連続/WATCH,7071,375.0,,,,5
week1,2026-07-14,10:16:23,小口売り連続/WATCH,3686,72.0,,,,5
week1,2026-07-14,10:19:41,UNDER急増,4011,2084.0,27500,33500,21.8,
week1,2026-07-14,10:27:34,小口売り連続/WATCH,5591,830.0,,,,5
week1,2026-07-14,10:34:19,小口売り連続/WATCH,6620,743.0,,,,5
week1,2026-07-14,10:38:27,UNDER急増,3747,428.0,36800,67000,82.1,
week1,2026-07-14,10:41:32,小口売り連続/WATCH,9229,149.0,,,,5
week1,2026-07-14,10:44:19,小口売り連続/WATCH,7071,376.0,,,,5
week1,2026-07-14,10:47:29,小口売り連続/WATCH,4176,260.0,,,,5
week1,2026-07-14,10:54:34,UNDER急増,9327,210.0,9000,13400,48.9,
week1,2026-07-14,10:55:51,UNDER急増,9327,206.0,7300,11800,61.6,
week1,2026-07-14,10:59:17,小口売り連続/WATCH,4446,827.0,,,,5
week1,2026-07-14,11:06:40,小口売り連続/WATCH,4570,982.0,,,,5
week1,2026-07-14,11:07:38,UNDER急増,5591,825.0,15900,27100,70.4,
week1,2026-07-14,11:10:56,小口売り連続/WATCH,6228,513.0,,,,5
week1,2026-07-14,11:11:37,小口売り連続/WATCH,4575,751.0,,,,5
week1,2026-07-14,11:12:59,小口売り連続/WATCH,3686,72.0,,,,5
week1,2026-07-14,11:15:27,小口売り連続/WATCH,7071,373.0,,,,5
week1,2026-07-14,11:21:38,小口売り連続/WATCH,3747,432.0,,,,5
week1,2026-07-14,11:22:04,小口売り連続/STRONG,6228,511.0,,,,10
week1,2026-07-14,11:23:53,小口売り連続/WATCH,7071,372.0,,,,5
week1,2026-07-14,11:29:18,小口売り連続/WATCH,3686,72.0,,,,5
week1,2026-07-14,11:30:02,小口売り連続/WATCH,4446,824.0,,,,5
week1,2026-07-14,12:17:25,UNDER急増,4840,615.0,3900,5400,38.5,
week1,2026-07-14,12:25:37,UNDER急増,5817,842.0,14700,18100,23.1,
week1,2026-07-14,12:26:44,UNDER急増,4176,259.0,30000,39100,30.3,
week1,2026-07-14,12:28:05,UNDER急増,4840,615.0,6100,7900,29.5,
week1,2026-07-14,12:29:44,UNDER急増,6228,509.0,24700,30900,25.1,
week1,2026-07-14,12:31:00,UNDER急増,9130,1438.0,17400,25900,48.9,
week1,2026-07-14,12:32:03,UNDER急増,5599,1106.0,16100,25900,60.9,
week1,2026-07-14,12:33:08,小口売り連続/WATCH,7071,371.0,,,,5
week1,2026-07-14,12:45:12,UNDER急増,7602,156.0,57600,70300,22.0,
week1,2026-07-14,12:53:45,小口売り連続/WATCH,7352,443.0,,,,5
week1,2026-07-14,13:05:36,小口売り連続/WATCH,7071,376.0,,,,5
week1,2026-07-14,13:10:49,小口売り連続/WATCH,3686,72.0,,,,5
week1,2026-07-14,13:13:46,小口売り連続/WATCH,7071,376.0,,,,5
week1,2026-07-14,13:25:05,小口売り連続/WATCH,4418,852.0,,,,5
week1,2026-07-14,13:25:07,小口売り連続/WATCH,7071,376.0,,,,5
week1,2026-07-14,13:30:35,小口売り連続/WATCH,4165,603.0,,,,5
week1,2026-07-14,13:35:32,UNDER急増,4840,620.0,6600,17100,159.1,
week1,2026-07-14,13:37:30,小口売り連続/WATCH,4165,603.0,,,,5
week1,2026-07-14,14:00:53,小口売り連続/WATCH,9229,149.0,,,,5
week1,2026-07-14,14:03:12,小口売り連続/WATCH,7071,375.0,,,,5
week1,2026-07-14,14:14:26,小口売り連続/WATCH,4418,914.0,,,,5
week1,2026-07-14,14:17:31,小口売り連続/WATCH,3686,72.0,,,,5
week1,2026-07-14,14:20:35,小口売り連続/WATCH,4418,904.0,,,,5
week1,2026-07-14,14:28:32,小口売り連続/WATCH,4418,897.0,,,,5
week1,2026-07-14,14:32:32,小口売り連続/WATCH,4418,908.0,,,,5
week1,2026-07-14,14:36:48,小口売り連続/WATCH,3747,437.0,,,,5
week1,2026-07-14,14:40:39,小口売り連続/WATCH,7071,375.0,,,,5
week1,2026-07-14,14:56:09,小口売り連続/WATCH,3323,74.0,,,,5
week1,2026-07-14,14:57:07,UNDER急増,8798,130.0,45400,65400,44.1,
week1,2026-07-14,14:59:54,小口売り連続/WATCH,4446,829.0,,,,5
week1,2026-07-14,15:00:09,小口売り連続/WATCH,5597,1365.0,,,,5
week1,2026-07-14,15:01:23,小口売り連続/WATCH,3686,72.0,,,,5
week1,2026-07-14,15:08:49,小口売り連続/WATCH,7071,373.0,,,,5
week1,2026-07-14,15:09:42,小口売り連続/WATCH,4176,263.0,,,,5
week1,2026-07-14,15:10:15,小口売り連続/STRONG,3686,72.0,,,,10
week1,2026-07-14,15:12:40,小口売り連続/WATCH,7071,373.0,,,,5
week1,2026-07-14,15:15:51,小口売り連続/WATCH,7071,373.0,,,,5
week1,2026-07-14,15:16:22,小口売り連続/WATCH,6495,131.0,,,,5
week1,2026-07-14,15:22:34,小口売り連続/WATCH,3686,72.0,,,,5
week1,2026-07-14,15:23:40,小口売り連続/STRONG,3686,72.0,,,,10
week1,2026-07-14,15:23:52,小口売り連続/WATCH,4446,827.0,,,,5
week1,2026-07-14,15:24:59,小口売り連続/WATCH,2998,535.0,,,,5
week1,2026-07-14,15:27:08,UNDER急増,6620,721.0,45300,56200,24.1,
week1,2026-07-14,15:28:43,UNDER急増,6620,721.0,45300,56200,24.1,
week1,2026-07-15,09:01:01,UNDER急増,5724,2411.0,22800,28400,24.6,
week1,2026-07-15,09:01:02,UNDER急増,5137,225.0,93900,212300,126.1,
week1,2026-07-15,09:01:17,UNDER急増,4165,585.0,114100,158100,38.6,
week1,2026-07-15,09:01:25,UNDER急増,3747,435.0,32100,60500,88.5,
week1,2026-07-15,09:01:31,UNDER急増,9115,832.0,10600,21700,104.7,
week1,2026-07-15,09:01:35,UNDER急増,5591,835.0,16400,27400,67.1,
week1,2026-07-15,09:01:46,UNDER急増,5031,338.0,37500,94300,151.5,
week1,2026-07-15,09:01:47,UNDER急増,5597,1365.0,27700,34200,23.5,
week1,2026-07-15,09:01:58,UNDER急増,5132,1946.0,8900,18000,102.2,
week1,2026-07-15,09:02:24,UNDER急増,5892,2078.0,20400,25700,26.0,
week1,2026-07-15,09:03:01,UNDER急増,4575,755.0,68100,102300,50.2,
week1,2026-07-15,09:03:02,UNDER急増,5031,340.0,37500,94300,151.5,
week1,2026-07-15,09:03:17,UNDER急増,5132,1936.0,12400,15000,21.0,
week1,2026-07-15,09:04:01,UNDER急増,5707,850.0,100100,130400,30.3,
week1,2026-07-15,09:04:06,UNDER急増,9327,217.0,31500,37900,20.3,
week1,2026-07-15,09:05:02,UNDER急増,5707,853.0,95800,127600,33.2,
week1,2026-07-15,09:06:11,UNDER急増,4840,629.0,12300,22100,79.7,
week1,2026-07-15,09:08:25,UNDER急増,3963,345.0,20600,73000,254.4,
week1,2026-07-15,09:11:10,UNDER急増,4075,894.0,10300,18900,83.5,
week1,2026-07-15,09:11:44,UNDER急増,4840,629.0,12300,22100,79.7,
week1,2026-07-15,09:12:05,小口売り連続/WATCH,9229,151.0,,,,5
week1,2026-07-15,09:14:05,UNDER急増,4446,809.0,59100,73900,25.0,
week1,2026-07-15,09:14:35,小口売り連続/WATCH,4075,887.0,,,,5
week1,2026-07-15,09:15:14,UNDER急増,4840,629.0,12300,22100,79.7,
week1,2026-07-15,09:18:24,UNDER急増,4488,2141.0,9200,14900,62.0,
week1,2026-07-15,09:20:19,UNDER急増,4840,629.0,12300,22100,79.7,
week1,2026-07-15,09:22:32,UNDER急増,6228,520.0,35500,57700,62.5,
week1,2026-07-15,09:26:04,UNDER急増,4446,802.0,57600,75000,30.2,
week1,2026-07-15,09:27:44,小口売り連続/WATCH,5724,2418.0,,,,5
week1,2026-07-15,09:29:57,小口売り連続/WATCH,4894,4675.0,,,,5
week1,2026-07-15,09:30:53,小口売り連続/WATCH,3692,5360.0,,,,5
week1,2026-07-15,09:37:28,UNDER急増,2321,141.0,73100,185100,153.2,
week1,2026-07-15,09:38:34,小口売り連続/WATCH,4894,4645.0,,,,5
week1,2026-07-15,09:38:55,小口売り連続/WATCH,3686,72.0,,,,5
week1,2026-07-15,09:44:06,小口売り連続/WATCH,9130,1448.0,,,,5
week1,2026-07-15,09:44:47,UNDER急増,5588,751.0,11300,27700,145.1,
week1,2026-07-15,09:45:52,UNDER急増,5588,746.0,13400,26200,95.5,
week1,2026-07-15,09:49:21,小口売り連続/WATCH,3686,72.0,,,,5
week1,2026-07-15,09:49:53,UNDER急増,4446,795.0,51100,65900,29.0,
week1,2026-07-15,09:53:28,UNDER急増,4840,630.0,12800,22000,71.9,
week1,2026-07-15,09:57:05,小口売り連続/STRONG,3686,72.0,,,,10
week1,2026-07-15,10:00:11,小口売り連続/WATCH,5707,830.0,,,,5
week1,2026-07-15,10:05:09,小口売り連続/WATCH,5817,881.0,,,,5
week1,2026-07-15,10:05:17,小口売り連続/WATCH,5129,255.0,,,,5
week1,2026-07-15,10:10:49,小口売り連続/WATCH,4395,764.0,,,,5
week1,2026-07-15,10:11:07,小口売り連続/WATCH,5591,825.0,,,,5
week1,2026-07-15,10:18:22,小口売り連続/WATCH,4418,934.0,,,,5
week1,2026-07-15,10:19:52,UNDER急増,5132,1924.0,18300,23700,29.5,
week1,2026-07-15,10:21:32,UNDER急増,5591,826.0,17200,26600,54.7,
week1,2026-07-15,10:24:13,小口売り連続/WATCH,5588,746.0,,,,5
week1,2026-07-15,10:30:40,小口売り連続/WATCH,3686,72.0,,,,5
week1,2026-07-15,10:38:36,小口売り連続/WATCH,7602,164.0,,,,5
week1,2026-07-15,10:40:41,小口売り連続/STRONG,3686,72.0,,,,10
week1,2026-07-15,10:40:52,UNDER急増,3747,435.0,36800,63300,72.0,
week1,2026-07-15,10:45:39,小口売り連続/WATCH,5817,897.0,,,,5
week1,2026-07-15,10:57:43,UNDER急増,4165,578.0,137000,181500,32.5,
week1,2026-07-15,11:22:55,小口売り連続/WATCH,3686,72.0,,,,5
week1,2026-07-15,11:25:45,小口売り連続/WATCH,4418,946.0,,,,5
week1,2026-07-15,12:29:46,UNDER急増,3807,89.0,39000,64200,64.6,
week1,2026-07-15,12:32:34,UNDER急増,6228,516.0,32800,54900,67.4,
week1,2026-07-15,12:35:11,小口売り連続/WATCH,4418,960.0,,,,5
week1,2026-07-15,12:39:02,小口売り連続/WATCH,4418,961.0,,,,5
week1,2026-07-15,12:41:51,小口売り連続/WATCH,3686,72.0,,,,5
week1,2026-07-15,12:43:47,小口売り連続/WATCH,4446,808.0,,,,5
week1,2026-07-15,12:47:40,UNDER急増,3747,436.0,27300,59000,116.1,
week1,2026-07-15,12:49:01,小口売り連続/WATCH,4418,949.0,,,,5
week1,2026-07-15,12:50:25,小口売り連続/WATCH,4418,947.0,,,,5
week1,2026-07-15,12:52:18,小口売り連続/WATCH,4418,938.0,,,,5
week1,2026-07-15,12:53:32,小口売り連続/STRONG,3686,72.0,,,,10
week1,2026-07-15,13:11:50,小口売り連続/WATCH,7602,166.0,,,,5
week1,2026-07-15,13:15:32,小口売り連続/WATCH,9130,1453.0,,,,5
week1,2026-07-15,13:22:49,小口売り連続/WATCH,4176,274.0,,,,5
week1,2026-07-15,13:50:37,小口売り連続/WATCH,5132,1997.0,,,,5
week1,2026-07-15,14:16:15,小口売り連続/WATCH,3686,73.0,,,,5
week1,2026-07-15,14:23:40,小口売り連続/WATCH,4176,278.0,,,,5
week1,2026-07-15,14:25:14,小口売り連続/WATCH,3686,73.0,,,,5
week1,2026-07-15,14:34:34,小口売り連続/WATCH,3686,73.0,,,,5
week1,2026-07-15,14:37:04,小口売り連続/WATCH,4418,956.0,,,,5
week1,2026-07-15,14:46:27,小口売り連続/WATCH,2998,542.0,,,,5
week1,2026-07-15,14:48:59,小口売り連続/WATCH,3686,73.0,,,,5
week1,2026-07-15,14:57:16,小口売り連続/WATCH,4446,816.0,,,,5
week1,2026-07-15,15:00:04,小口売り連続/STRONG,3686,73.0,,,,10
week1,2026-07-15,15:13:42,小口売り連続/WATCH,7071,387.0,,,,5
week1,2026-07-15,15:19:46,小口売り連続/WATCH,9327,217.0,,,,5
week1,2026-07-15,15:21:35,小口売り連続/WATCH,3692,5620.0,,,,5
week1,2026-07-15,15:23:24,小口売り連続/WATCH,4570,1030.0,,,,5
week1,2026-07-16,09:01:30,UNDER急増,5707,838.0,106700,135400,26.9,
week1,2026-07-16,09:01:37,UNDER急増,4575,786.0,47200,80000,69.5,
week1,2026-07-16,09:01:53,UNDER急増,9327,213.0,9700,14000,44.3,
week1,2026-07-16,09:03:00,UNDER急増,5597,1431.0,25100,32700,30.3,
week1,2026-07-16,09:04:06,UNDER急増,5597,1423.0,27900,34000,21.9,
week1,2026-07-16,09:04:13,UNDER急増,6228,515.0,34700,54900,58.2,
week1,2026-07-16,09:04:57,UNDER急増,4575,777.0,38000,68800,81.1,
week1,2026-07-16,09:05:13,UNDER急増,4395,775.0,37500,53300,42.1,
week1,2026-07-16,09:06:00,UNDER急増,3747,432.0,12500,39100,212.8,
week1,2026-07-16,09:06:06,UNDER急増,9327,211.0,10600,13200,24.5,
week1,2026-07-16,09:06:07,小口売り連続/WATCH,3686,73.0,,,,5
week1,2026-07-16,09:06:58,UNDER急増,5597,1405.0,28400,34800,22.5,
week1,2026-07-16,09:07:01,小口売り連続/WATCH,4570,1017.0,,,,5
week1,2026-07-16,09:07:29,UNDER急増,5591,832.0,10700,21500,100.9,
week1,2026-07-16,09:07:33,UNDER急増,6495,126.0,39400,118400,200.5,
week1,2026-07-16,09:08:30,UNDER急増,5591,825.0,10900,22600,107.3,
week1,2026-07-16,09:08:52,UNDER急増,6495,126.0,39400,118400,200.5,
week1,2026-07-16,09:09:29,小口売り連続/WATCH,4840,665.0,,,,5
week1,2026-07-16,09:09:56,UNDER急増,9115,840.0,9600,20900,117.7,
week1,2026-07-16,09:11:40,UNDER急増,5591,821.0,15400,22700,47.4,
week1,2026-07-16,09:13:00,小口売り連続/WATCH,5817,1122.0,,,,5
week1,2026-07-16,09:14:20,UNDER急増,9327,213.0,16700,20800,24.6,
week1,2026-07-16,09:14:28,UNDER急増,4075,916.0,10700,21700,102.8,
week1,2026-07-16,09:14:33,小口売り連続/WATCH,5031,347.0,,,,5
week1,2026-07-16,09:16:02,UNDER急増,7352,408.0,92600,142300,53.7,
week1,2026-07-16,09:17:17,UNDER急増,7352,408.0,90000,140800,56.4,
week1,2026-07-16,09:18:26,UNDER急増,7352,403.0,89700,135500,51.1,
week1,2026-07-16,09:20:11,UNDER急増,7352,398.0,74400,131300,76.5,
week1,2026-07-16,09:20:48,小口売り連続/STRONG,3686,73.0,,,,10
week1,2026-07-16,09:21:41,UNDER急増,7352,392.0,76500,119500,56.2,
week1,2026-07-16,09:23:17,UNDER急増,7352,390.0,60200,118800,97.3,
week1,2026-07-16,09:25:07,UNDER急増,4075,916.0,11200,20600,83.9,
week1,2026-07-16,09:29:11,UNDER急増,4840,656.0,10100,20400,102.0,
week1,2026-07-16,09:32:32,小口売り連続/WATCH,4412,1555.0,,,,5
week1,2026-07-16,09:34:22,小口売り連続/WATCH,4176,276.0,,,,5
week1,2026-07-16,09:38:17,UNDER急増,4840,647.0,8400,19100,127.4,
week1,2026-07-16,09:41:16,UNDER急増,7352,392.0,59800,122800,105.4,
week1,2026-07-16,09:42:49,UNDER急増,4075,916.0,13200,21600,63.6,
week1,2026-07-16,09:43:48,UNDER急増,7352,388.0,57200,108600,89.9,
week1,2026-07-16,09:45:24,UNDER急増,5597,1414.0,26200,32600,24.4,
week1,2026-07-16,09:47:41,小口売り連続/WATCH,4575,762.0,,,,5
week1,2026-07-16,09:48:31,UNDER急増,7352,388.0,62000,112400,81.3,
week1,2026-07-16,09:51:05,小口売り連続/WATCH,5724,2421.0,,,,5
week1,2026-07-16,09:51:13,UNDER急増,4575,765.0,49600,83400,68.1,
week1,2026-07-16,09:53:41,UNDER急増,7352,388.0,58000,109400,88.6,
week1,2026-07-16,09:55:11,小口売り連続/WATCH,3686,73.0,,,,5
week1,2026-07-16,09:57:27,小口売り連続/WATCH,4412,1452.0,,,,5
week1,2026-07-16,09:58:04,UNDER急増,7352,386.0,53700,67600,25.9,
week1,2026-07-16,09:58:31,UNDER急増,4075,916.0,14000,22300,59.3,
week1,2026-07-16,09:59:00,小口売り連続/WATCH,4894,4610.0,,,,5
week1,2026-07-16,09:59:53,UNDER急増,4075,912.0,12900,21300,65.1,
week1,2026-07-16,10:00:03,UNDER急増,4488,2120.0,8000,13700,71.2,
week1,2026-07-16,10:01:05,UNDER急増,4075,912.0,12600,21000,66.7,
week1,2026-07-16,10:01:18,UNDER急増,4840,643.0,10500,20100,91.4,
week1,2026-07-16,10:02:20,UNDER急増,4575,760.0,68300,82200,20.4,
week1,2026-07-16,10:03:39,UNDER急増,4075,913.0,12900,22200,72.1,
week1,2026-07-16,10:04:00,小口売り連続/WATCH,9229,152.0,,,,5
week1,2026-07-16,10:04:28,小口売り連続/STRONG,3686,73.0,,,,10
week1,2026-07-16,10:09:25,小口売り連続/WATCH,4056,218.0,,,,5
week1,2026-07-16,10:13:49,小口売り連続/WATCH,5817,1062.0,,,,5
week1,2026-07-16,10:17:24,小口売り連続/WATCH,7352,381.0,,,,5
week1,2026-07-16,10:17:26,小口売り連続/WATCH,5597,1390.0,,,,5
week1,2026-07-16,10:18:24,UNDER急増,4570,995.0,38700,55300,42.9,
week1,2026-07-16,10:18:52,小口売り連続/WATCH,4418,985.0,,,,5
week1,2026-07-16,10:19:33,UNDER急増,4570,994.0,39500,55400,40.3,
week1,2026-07-16,10:23:24,小口売り連続/WATCH,3963,344.0,,,,5
week1,2026-07-16,10:29:05,小口売り連続/WATCH,4894,4545.0,,,,5
week1,2026-07-16,10:30:44,小口売り連続/WATCH,9327,207.0,,,,5
week1,2026-07-16,10:39:31,UNDER急増,6228,497.0,28900,49100,69.9,
week1,2026-07-16,10:40:48,小口売り連続/WATCH,5707,826.0,,,,5
week1,2026-07-16,10:40:50,UNDER急増,6228,497.0,28900,49100,69.9,
week1,2026-07-16,10:41:59,小口売り連続/WATCH,5817,1092.0,,,,5
week1,2026-07-16,10:51:23,UNDER急増,4570,996.0,40500,56400,39.3,
week1,2026-07-16,10:54:30,小口売り連続/WATCH,9115,840.0,,,,5
week1,2026-07-16,10:56:20,小口売り連続/WATCH,4412,1509.0,,,,5
week1,2026-07-16,10:57:25,小口売り連続/WATCH,3686,73.0,,,,5
week1,2026-07-16,10:59:03,小口売り連続/WATCH,4412,1501.0,,,,5
week1,2026-07-16,11:02:54,小口売り連続/WATCH,4176,275.0,,,,5
week1,2026-07-16,11:04:54,小口売り連続/WATCH,5817,1069.0,,,,5
week1,2026-07-16,11:05:48,小口売り連続/WATCH,4575,745.0,,,,5
week1,2026-07-16,11:06:11,UNDER急増,9115,832.0,10700,21800,103.7,
week1,2026-07-16,11:06:27,小口売り連続/STRONG,3686,73.0,,,,10
week1,2026-07-16,11:06:44,小口売り連続/WATCH,4412,1498.0,,,,5
week1,2026-07-16,11:10:11,UNDER急増,4075,915.0,13700,24500,78.8,
week1,2026-07-16,11:11:43,小口売り連続/WATCH,4418,1007.0,,,,5
week1,2026-07-16,11:12:57,小口売り連続/WATCH,4418,1000.0,,,,5
week1,2026-07-16,11:16:35,UNDER急増,4075,912.0,12800,21200,65.6,
week1,2026-07-16,11:18:36,小口売り連続/WATCH,4418,993.0,,,,5
week1,2026-07-16,11:18:55,UNDER急増,4075,912.0,14300,22600,58.0,
week1,2026-07-16,11:22:00,小口売り連続/WATCH,4165,600.0,,,,5
week1,2026-07-16,11:22:48,小口売り連続/WATCH,6620,708.0,,,,5
week1,2026-07-16,12:05:03,UNDER急増,6495,124.0,45600,55600,21.9,
week1,2026-07-16,12:05:05,UNDER急増,4075,912.0,5300,6400,20.8,
week1,2026-07-16,12:24:12,UNDER急増,4575,739.0,31400,38700,23.2,
week1,2026-07-16,12:26:36,UNDER急増,3807,88.0,23500,49000,108.5,
week1,2026-07-16,12:27:00,UNDER急増,5031,345.0,29900,38100,27.4,
week1,2026-07-16,12:28:00,UNDER急増,4840,647.0,9100,12700,39.6,
week1,2026-07-16,12:30:00,小口売り連続/WATCH,6228,500.0,,,,5
week1,2026-07-16,12:31:03,UNDER急増,5031,344.0,38100,91100,139.1,
week1,2026-07-16,12:32:00,UNDER急増,5892,2081.0,25700,31400,22.2,
week1,2026-07-16,12:34:30,小口売り連続/WATCH,9130,1432.0,,,,5
week1,2026-07-16,12:34:49,UNDER急増,3747,434.0,20300,45500,124.1,
week1,2026-07-16,12:35:01,小口売り連続/WATCH,5817,1071.0,,,,5
week1,2026-07-16,12:41:24,UNDER急増,4075,915.0,12300,22400,82.1,
week1,2026-07-16,12:43:01,小口売り連続/WATCH,4412,1484.0,,,,5
week1,2026-07-16,12:44:11,小口売り連続/WATCH,9327,204.0,,,,5
week1,2026-07-16,12:48:32,小口売り連続/WATCH,6620,702.0,,,,5
week1,2026-07-16,12:55:02,UNDER急増,4575,741.0,40100,75100,87.3,
week1,2026-07-16,12:55:55,小口売り連続/WATCH,4412,1463.0,,,,5
week1,2026-07-16,13:05:54,小口売り連続/WATCH,5817,1083.0,,,,5
week1,2026-07-16,13:09:11,小口売り連続/WATCH,5817,1071.0,,,,5
week1,2026-07-16,13:19:44,小口売り連続/WATCH,4446,805.0,,,,5
week1,2026-07-16,13:20:12,小口売り連続/WATCH,6620,701.0,,,,5
week1,2026-07-16,13:33:01,小口売り連続/WATCH,5817,1060.0,,,,5
week1,2026-07-16,13:34:04,小口売り連続/WATCH,5724,2408.0,,,,5
week1,2026-07-16,13:36:40,小口売り連続/WATCH,6620,704.0,,,,5
week1,2026-07-16,13:41:11,小口売り連続/WATCH,5817,1052.0,,,,5
week1,2026-07-16,13:47:14,小口売り連続/WATCH,4412,1422.0,,,,5
week1,2026-07-16,13:50:43,UNDER急増,6620,700.0,49100,61000,24.2,
week1,2026-07-16,13:58:47,小口売り連続/WATCH,4570,982.0,,,,5
week1,2026-07-16,14:01:22,小口売り連続/WATCH,4813,334.0,,,,5
week1,2026-07-16,14:02:38,小口売り連続/WATCH,4395,776.0,,,,5
week1,2026-07-16,14:03:43,小口売り連続/WATCH,7352,374.0,,,,5
week1,2026-07-16,14:05:14,小口売り連続/WATCH,3686,73.0,,,,5
week1,2026-07-16,14:05:17,小口売り連続/STRONG,4813,334.0,,,,10
week1,2026-07-16,14:05:18,UNDER急増,9115,829.0,13700,24300,77.4,
week1,2026-07-16,14:10:29,UNDER急増,9327,201.0,7800,9800,25.6,
week1,2026-07-16,14:13:11,小口売り連続/STRONG,3686,73.0,,,,10
week1,2026-07-16,14:21:25,UNDER急増,9327,200.0,7800,9800,25.6,
week1,2026-07-16,14:24:46,小口売り連続/WATCH,6620,705.0,,,,5
week1,2026-07-16,14:26:10,小口売り連続/WATCH,4840,681.0,,,,5
week1,2026-07-16,14:27:20,小口売り連続/STRONG,6620,705.0,,,,10
week1,2026-07-16,14:28:11,UNDER急増,6495,122.0,58900,74700,26.8,
week1,2026-07-16,14:41:45,小口売り連続/WATCH,5817,1048.0,,,,5
week1,2026-07-16,14:43:36,UNDER急増,6495,122.0,58900,74700,26.8,
week1,2026-07-16,14:45:54,小口売り連続/WATCH,3963,341.0,,,,5
week1,2026-07-16,14:46:35,UNDER急増,9327,201.0,13000,16000,23.1,
week1,2026-07-16,14:47:06,小口売り連続/WATCH,5817,1039.0,,,,5
week1,2026-07-16,14:47:12,小口売り連続/WATCH,4412,1382.0,,,,5
week1,2026-07-16,14:47:19,小口売り連続/WATCH,6228,497.0,,,,5
week1,2026-07-16,14:47:33,小口売り連続/WATCH,6620,710.0,,,,5
week1,2026-07-16,14:48:59,小口売り連続/STRONG,6620,710.0,,,,10
week1,2026-07-16,14:49:38,UNDER急増,6495,122.0,59000,74800,26.8,
week1,2026-07-16,14:50:40,小口売り連続/WATCH,5817,1040.0,,,,5
week1,2026-07-16,14:52:18,小口売り連続/WATCH,6620,709.0,,,,5
week1,2026-07-16,15:01:43,小口売り連続/WATCH,2998,532.0,,,,5
week1,2026-07-16,15:05:30,小口売り連続/WATCH,2998,532.0,,,,5
week1,2026-07-16,15:05:32,小口売り連続/WATCH,4418,951.0,,,,5
week1,2026-07-16,15:06:51,小口売り連続/WATCH,6620,706.0,,,,5
week1,2026-07-16,15:07:08,小口売り連続/WATCH,4418,948.0,,,,5
week1,2026-07-16,15:08:31,小口売り連続/WATCH,3692,5520.0,,,,5
week1,2026-07-16,15:08:41,小口売り連続/STRONG,6620,706.0,,,,10
week1,2026-07-16,15:10:16,小口売り連続/WATCH,3963,338.0,,,,5
week1,2026-07-16,15:12:07,小口売り連続/WATCH,5597,1363.0,,,,5
week1,2026-07-16,15:12:23,小口売り連続/WATCH,6620,706.0,,,,5
week1,2026-07-16,15:12:41,小口売り連続/WATCH,2998,530.0,,,,5
week1,2026-07-16,15:12:56,UNDER急増,6495,122.0,59000,74800,26.8,
week1,2026-07-16,15:14:21,小口売り連続/STRONG,6620,706.0,,,,10
week1,2026-07-16,15:14:25,小口売り連続/WATCH,4412,1353.0,,,,5
week1,2026-07-16,15:16:30,UNDER急増,5707,813.0,82700,114400,38.3,
week1,2026-07-16,15:17:29,小口売り連続/WATCH,6620,707.0,,,,5
week1,2026-07-16,15:18:12,小口売り連続/WATCH,7602,177.0,,,,5
week1,2026-07-16,15:18:43,小口売り連続/WATCH,9130,1441.0,,,,5
week1,2026-07-16,15:19:42,小口売り連続/WATCH,2998,533.0,,,,5
week1,2026-07-16,15:20:14,小口売り連続/WATCH,4840,653.0,,,,5
week1,2026-07-16,15:24:04,小口売り連続/WATCH,5707,814.0,,,,5
week1,2026-07-16,15:25:02,UNDER急増,4075,900.0,5100,6200,21.6,
week1,2026-07-16,15:26:49,UNDER急増,6495,122.0,34800,45900,31.9,
week1,2026-07-16,15:30:00,UNDER急増,6495,122.0,35600,46900,31.7,
week1,2026-07-17,09:01:19,UNDER急増,5132,1995.0,15500,19700,27.1,
week1,2026-07-17,09:01:31,UNDER急増,4412,1334.0,30400,37200,22.4,
week1,2026-07-17,09:01:37,UNDER急増,4165,585.0,125300,170600,36.2,
week1,2026-07-17,09:01:47,UNDER急増,4446,812.0,70300,85300,21.3,
week1,2026-07-17,09:01:58,UNDER急増,5599,1166.0,19300,27700,43.5,
week1,2026-07-17,09:02:04,UNDER急増,6228,492.0,29900,50700,69.6,
week1,2026-07-17,09:02:09,UNDER急増,4840,642.0,7200,16500,129.2,
week1,2026-07-17,09:02:35,UNDER急増,5892,2077.0,22500,30800,36.9,
week1,2026-07-17,09:02:37,UNDER急増,6620,695.0,48100,72000,49.7,
week1,2026-07-17,09:02:49,UNDER急増,4446,812.0,71500,86500,21.0,
week1,2026-07-17,09:03:02,UNDER急増,5707,792.0,70500,98400,39.6,
week1,2026-07-17,09:03:02,UNDER急増,3692,5430.0,21000,29700,41.4,
week1,2026-07-17,09:03:03,UNDER急増,5724,2302.0,16100,20700,28.6,
week1,2026-07-17,09:03:05,UNDER急増,5599,1177.0,19800,28200,42.4,
week1,2026-07-17,09:03:06,UNDER急増,9115,823.0,8700,19300,121.8,
week1,2026-07-17,09:03:14,UNDER急増,5591,816.0,9200,11300,22.8,
week1,2026-07-17,09:03:16,UNDER急増,4418,903.0,53200,79000,48.5,
week1,2026-07-17,09:03:17,UNDER急増,4165,580.0,131500,175300,33.3,
week1,2026-07-17,09:03:17,UNDER急増,9327,189.0,16500,21100,27.9,
week1,2026-07-17,09:03:26,UNDER急増,4412,1319.0,27800,34300,23.4,
week1,2026-07-17,09:04:21,UNDER急増,4840,630.0,10100,18900,87.1,
week1,2026-07-17,09:04:37,UNDER急増,3963,337.0,18300,64300,251.4,
week1,2026-07-17,09:04:58,小口売り連続/WATCH,7018,9820.0,,,,5
week1,2026-07-17,09:05:03,小口売り連続/WATCH,3692,5310.0,,,,5
week1,2026-07-17,09:05:04,UNDER急増,4011,1963.0,10400,14000,34.6,
week1,2026-07-17,09:05:13,小口売り連続/WATCH,5597,1342.0,,,,5
week1,2026-07-17,09:05:22,UNDER急増,6228,488.0,23900,44700,87.0,
week1,2026-07-17,09:06:02,UNDER急増,4446,810.0,69100,84100,21.7,
week1,2026-07-17,09:06:07,UNDER急増,3692,5290.0,21500,27200,26.5,
week1,2026-07-17,09:06:40,小口売り連続/WATCH,5597,1332.0,,,,5
week1,2026-07-17,09:07:31,UNDER急増,9130,1436.0,14100,22500,59.6,
week1,2026-07-17,09:07:47,UNDER急増,4570,960.0,29200,45300,55.1,
week1,2026-07-17,09:08:31,UNDER急増,4446,803.0,65700,80700,22.8,
week1,2026-07-17,09:08:34,小口売り連続/WATCH,9229,142.0,,,,5
week1,2026-07-17,09:09:21,UNDER急増,4840,625.0,8800,18600,111.4,
week1,2026-07-17,09:10:34,投げ売り/買い気配へぶつけ,7352,353.0,,,,
week1,2026-07-17,09:11:33,UNDER急増,6228,483.0,24700,47900,93.9,
week1,2026-07-17,09:12:36,UNDER急増,3807,86.0,38100,49900,31.0,
week1,2026-07-17,09:12:47,UNDER急増,4570,961.0,37100,53200,43.4,
week1,2026-07-17,09:15:03,UNDER急増,3807,86.0,38100,49900,31.0,
week1,2026-07-17,09:16:13,UNDER急増,5599,1160.0,20700,29300,41.5,
week1,2026-07-17,09:16:26,UNDER急増,4412,1280.0,26700,34200,28.1,
week1,2026-07-17,09:17:13,UNDER急増,3747,420.0,44800,69500,55.1,
week1,2026-07-17,09:17:17,UNDER急増,4840,619.0,9700,19400,100.0,
week1,2026-07-17,09:18:01,小口売り連続/WATCH,4412,1275.0,,,,5
week1,2026-07-17,09:18:08,小口売り連続/WATCH,4075,887.0,,,,5
week1,2026-07-17,09:22:36,UNDER急増,7071,377.0,298500,369100,23.7,
week1,2026-07-17,09:23:44,UNDER急増,4075,876.0,10300,18500,79.6,
week1,2026-07-17,09:24:35,小口売り連続/WATCH,3692,5250.0,,,,5
week1,2026-07-17,09:25:07,UNDER急増,4412,1275.0,25100,31900,27.1,
week1,2026-07-17,09:26:10,UNDER急増,7602,172.0,98000,181000,84.7,
week1,2026-07-17,09:27:42,小口売り連続/WATCH,5724,2265.0,,,,5
week1,2026-07-17,09:28:54,UNDER急増,4395,741.0,26900,43400,61.3,
week1,2026-07-17,09:29:36,UNDER急増,6228,481.0,25600,47800,86.7,
week1,2026-07-17,09:29:52,小口売り連続/WATCH,4418,923.0,,,,5
week1,2026-07-17,09:31:57,小口売り連続/WATCH,4894,4400.0,,,,5
week1,2026-07-17,09:32:07,投げ売り/買い気配へぶつけ,4395,740.0,,,,
week1,2026-07-17,09:33:33,UNDER急増,3807,86.0,37800,49600,31.2,
week1,2026-07-17,09:35:46,小口売り連続/WATCH,4412,1267.0,,,,5
week1,2026-07-17,09:35:58,小口売り連続/WATCH,4894,4400.0,,,,5
week1,2026-07-17,09:37:14,小口売り連続/WATCH,5817,985.0,,,,5
week1,2026-07-17,09:39:11,UNDER急増,4011,1969.0,20000,25500,27.5,
week1,2026-07-17,09:41:18,UNDER急増,4840,614.0,5100,16400,221.6,
week1,2026-07-17,09:47:08,小口売り連続/WATCH,5817,1011.0,,,,5
week1,2026-07-17,09:47:13,UNDER急増,4056,208.0,25900,33500,29.3,
week1,2026-07-17,09:47:27,UNDER急増,7602,171.0,95300,178300,87.1,
week1,2026-07-17,09:48:00,UNDER急増,4395,742.0,27900,44400,59.1,
week1,2026-07-17,09:48:03,UNDER急増,4570,953.0,32600,48200,47.9,
week1,2026-07-17,09:50:11,UNDER急増,7602,172.0,95300,178300,87.1,
week1,2026-07-17,09:51:03,小口売り連続/WATCH,7352,347.0,,,,5
week1,2026-07-17,09:51:47,UNDER急増,4056,207.0,26700,33700,26.2,
week1,2026-07-17,09:51:59,小口売り連続/WATCH,5132,1991.0,,,,5
week1,2026-07-17,09:52:16,UNDER急増,7602,172.0,96000,179000,86.5,
week1,2026-07-17,09:55:14,小口売り連続/WATCH,5817,1015.0,,,,5
week1,2026-07-17,09:55:56,UNDER急増,9229,138.0,86000,274500,219.2,
week1,2026-07-17,09:56:27,UNDER急増,4011,1969.0,20500,25200,22.9,
week1,2026-07-17,09:56:53,UNDER急増,4395,736.0,27700,44300,59.9,
week1,2026-07-17,10:00:39,UNDER急増,6620,681.0,55600,67100,20.7,
week1,2026-07-17,10:02:48,小口売り連続/WATCH,4894,4410.0,,,,5
week1,2026-07-17,10:05:07,小口売り連続/WATCH,9130,1423.0,,,,5
week1,2026-07-17,10:08:45,UNDER急増,6228,484.0,30500,49200,61.3,
week1,2026-07-17,10:15:28,小口売り連続/WATCH,4412,1287.0,,,,5
week1,2026-07-17,10:26:42,小口売り連続/STRONG,9130,1421.0,,,,10
week1,2026-07-17,10:33:22,UNDER急増,3747,413.0,32000,58300,82.2,
week1,2026-07-17,10:33:25,小口売り連続/WATCH,5724,2255.0,,,,5
week1,2026-07-17,10:35:02,小口売り連続/WATCH,4011,1952.0,,,,5
week1,2026-07-17,10:35:10,UNDER急増,4418,902.0,52900,77600,46.7,
week1,2026-07-17,10:36:17,UNDER急増,4418,898.0,52200,78600,50.6,
week1,2026-07-17,10:40:51,小口売り連続/WATCH,5817,1000.0,,,,5
week1,2026-07-17,10:44:24,小口売り連続/WATCH,5724,2240.0,,,,5
week1,2026-07-17,10:45:24,UNDER急増,4395,729.0,25000,41500,66.0,
week1,2026-07-17,10:47:16,小口売り連続/WATCH,5597,1319.0,,,,5
week1,2026-07-17,10:52:34,小口売り連続/WATCH,5031,327.0,,,,5
week1,2026-07-17,10:57:44,小口売り連続/STRONG,5031,326.0,,,,10
week1,2026-07-17,11:09:40,小口売り連続/WATCH,4575,706.0,,,,5
week1,2026-07-17,11:11:23,小口売り連続/WATCH,3692,5160.0,,,,5
week1,2026-07-17,11:11:28,小口売り連続/WATCH,5132,1940.0,,,,5
week1,2026-07-17,11:12:36,小口売り連続/WATCH,4412,1281.0,,,,5
week1,2026-07-17,11:15:32,投げ売り/買い気配へぶつけ,5707,765.0,,,,
week1,2026-07-17,11:16:25,UNDER急増,7018,9620.0,13500,16300,20.7,
week1,2026-07-17,11:20:56,小口売り連続/WATCH,4011,1951.0,,,,5
week1,2026-07-17,11:23:07,小口売り連続/WATCH,9229,139.0,,,,5
week1,2026-07-17,11:29:58,UNDER急増,9130,1402.0,5000,7100,42.0,
week1,2026-07-17,12:17:18,UNDER急増,4176,267.0,34100,57900,69.8,
week1,2026-07-17,12:23:00,UNDER急増,9130,1402.0,5000,7100,42.0,
week1,2026-07-17,12:25:51,UNDER急増,9229,139.0,69400,87000,25.4,
week1,2026-07-17,12:25:54,UNDER急増,3807,83.0,6200,36300,485.5,
week1,2026-07-17,12:26:17,UNDER急増,5137,219.0,62400,80000,28.2,
week1,2026-07-17,12:26:19,UNDER急増,4056,206.0,15700,20600,31.2,
week1,2026-07-17,12:26:54,UNDER急増,6228,480.0,21900,26900,22.8,
week1,2026-07-17,12:27:26,UNDER急増,6620,678.0,24400,29300,20.1,
week1,2026-07-17,12:28:55,UNDER急増,4840,618.0,6400,11500,79.7,
week1,2026-07-17,12:29:05,UNDER急増,4395,720.0,15500,18900,21.9,
week1,2026-07-17,12:29:30,UNDER急増,9229,139.0,87000,105800,21.6,
week1,2026-07-17,12:29:41,UNDER急増,5031,327.0,20600,26200,27.2,
week1,2026-07-17,12:29:48,UNDER急増,9130,1402.0,5000,7200,44.0,
week1,2026-07-17,12:30:02,小口売り連続/WATCH,3653,631.0,,,,5
week1,2026-07-17,12:31:02,UNDER急増,6228,480.0,30700,51500,67.8,
week1,2026-07-17,12:31:02,UNDER急増,8798,127.0,23000,43100,87.4,
week1,2026-07-17,12:32:03,UNDER急増,3747,415.0,36600,61300,67.5,
week1,2026-07-17,12:32:33,小口売り連続/WATCH,7071,373.0,,,,5
week1,2026-07-17,12:33:11,UNDER急増,5892,1996.0,23000,28300,23.0,
week1,2026-07-17,12:34:39,小口売り連続/WATCH,3692,5160.0,,,,5
week1,2026-07-17,12:37:01,UNDER急増,5031,328.0,24500,76400,211.8,
week1,2026-07-17,12:41:15,UNDER急増,4418,891.0,52500,78200,49.0,
week1,2026-07-17,12:42:16,小口売り連続/WATCH,4011,1943.0,,,,5
week1,2026-07-17,12:44:12,小口売り連続/WATCH,9130,1382.0,,,,5
week1,2026-07-17,12:44:26,小口売り連続/WATCH,5031,326.0,,,,5
week1,2026-07-17,12:45:05,小口売り連続/WATCH,9115,824.0,,,,5
week1,2026-07-17,12:45:09,UNDER急増,5892,1990.0,23100,29000,25.5,
week1,2026-07-17,12:46:14,小口売り連続/WATCH,4056,206.0,,,,5
week1,2026-07-17,12:51:52,小口売り連続/WATCH,5132,1925.0,,,,5
week1,2026-07-17,12:52:17,UNDER急増,9130,1387.0,18900,27400,45.0,
week1,2026-07-17,12:52:52,UNDER急増,7602,171.0,92600,177800,92.0,
week1,2026-07-17,12:55:31,小口売り連続/WATCH,4446,800.0,,,,5
week1,2026-07-17,12:56:44,UNDER急増,4418,893.0,55000,80700,46.7,
week1,2026-07-17,12:58:29,UNDER急増,5591,805.0,15000,24100,60.7,
week1,2026-07-17,13:00:04,UNDER急増,4575,700.0,34200,71300,108.5,
week1,2026-07-17,13:00:05,小口売り連続/WATCH,3692,5110.0,,,,5
week1,2026-07-17,13:01:16,小口売り連続/STRONG,4446,800.0,,,,10
week1,2026-07-17,13:02:09,小口売り連続/WATCH,5591,805.0,,,,5
week1,2026-07-17,13:02:42,小口売り連続/WATCH,3692,5100.0,,,,5
week1,2026-07-17,13:03:47,UNDER急増,9229,135.0,64300,79700,24.0,
week1,2026-07-17,13:05:23,UNDER急増,4575,699.0,31000,67700,118.4,
week1,2026-07-17,13:06:57,UNDER急増,5707,753.0,42500,76900,80.9,
week1,2026-07-17,13:08:22,UNDER急増,4575,700.0,34400,71400,107.6,
week1,2026-07-17,13:10:56,UNDER急増,4575,698.0,31300,67900,116.9,
week1,2026-07-17,13:15:34,UNDER急増,4575,702.0,35600,72600,103.9,
week1,2026-07-17,13:18:56,UNDER急増,4570,935.0,32500,48600,49.5,
week1,2026-07-17,13:19:22,UNDER急増,3747,405.0,30300,57300,89.1,
week1,2026-07-17,13:21:17,UNDER急増,5724,2220.0,23500,28800,22.6,
week1,2026-07-17,13:22:04,UNDER急増,4575,701.0,34600,71600,106.9,
week1,2026-07-17,13:23:09,UNDER急増,4575,701.0,32400,69400,114.2,
week1,2026-07-17,13:23:12,小口売り連続/WATCH,4840,605.0,,,,5
week1,2026-07-17,13:24:23,UNDER急増,4011,1912.0,19000,23900,25.8,
week1,2026-07-17,13:25:18,UNDER急増,4575,701.0,32100,69100,115.3,
week1,2026-07-17,13:26:22,UNDER急増,4575,699.0,31800,68500,115.4,
week1,2026-07-17,13:29:06,UNDER急増,5031,320.0,19500,72100,269.7,
week1,2026-07-17,13:29:17,UNDER急増,7018,9450.0,10700,14500,35.5,
week1,2026-07-17,13:32:17,UNDER急増,3963,329.0,14000,62600,347.1,
week1,2026-07-17,13:33:51,UNDER急増,4840,593.0,3300,13300,303.0,
week1,2026-07-17,13:34:41,小口売り連続/WATCH,4894,4300.0,,,,5
week1,2026-07-17,13:39:34,UNDER急増,7018,9430.0,11800,14900,26.3,
week1,2026-07-17,13:40:05,小口売り連続/WATCH,4894,4305.0,,,,5
week1,2026-07-17,13:41:33,小口売り連続/WATCH,6495,113.0,,,,5
week1,2026-07-17,13:43:33,UNDER急増,4570,929.0,28800,44100,53.1,
week1,2026-07-17,13:43:37,小口売り連続/WATCH,3692,5020.0,,,,5
week1,2026-07-17,13:50:30,UNDER急増,6620,662.0,42300,55800,31.9,
week1,2026-07-17,13:51:04,UNDER急増,5031,316.0,78200,128200,63.9,
week1,2026-07-17,13:52:30,小口売り連続/WATCH,4418,888.0,,,,5
week1,2026-07-17,14:00:23,小口売り連続/WATCH,9115,816.0,,,,5
week1,2026-07-17,14:07:18,小口売り連続/WATCH,5707,748.0,,,,5
week1,2026-07-17,14:09:22,小口売り連続/WATCH,4075,860.0,,,,5
week1,2026-07-17,14:13:00,UNDER急増,6620,660.0,42800,55600,29.9,
week1,2026-07-17,14:14:11,投げ売り/買い気配へぶつけ,4395,706.0,,,,
week1,2026-07-17,14:16:47,UNDER急増,6620,661.0,43800,56600,29.2,
week1,2026-07-17,14:18:45,小口売り連続/WATCH,5724,2210.0,,,,5
week1,2026-07-17,14:20:43,UNDER急増,5599,1129.0,17200,25600,48.8,
week1,2026-07-17,14:28:30,小口売り連続/WATCH,3686,70.0,,,,5
week1,2026-07-17,14:32:20,小口売り連続/WATCH,4840,593.0,,,,5
week1,2026-07-17,14:35:18,小口売り連続/WATCH,5817,977.0,,,,5
week1,2026-07-17,14:35:56,小口売り連続/WATCH,4840,594.0,,,,5
week1,2026-07-17,14:38:48,UNDER急増,4570,934.0,33400,49500,48.2,
week1,2026-07-17,14:41:14,小口売り連続/WATCH,4418,883.0,,,,5
week1,2026-07-17,14:47:00,小口売り連続/WATCH,5817,972.0,,,,5
week1,2026-07-17,14:48:33,小口売り連続/WATCH,4840,594.0,,,,5
week1,2026-07-17,15:23:13,小口売り連続/WATCH,3686,70.0,,,,5
week1,2026-07-17,15:23:37,小口売り連続/WATCH,4446,784.0,,,,5
week1,2026-07-17,15:24:24,小口売り連続/STRONG,3686,70.0,,,,10
week1,2026-07-17,15:25:01,小口売り連続/WATCH,2998,508.0,,,,5
week2,2026-07-21,09:01:00,UNDER急増,4446,790.0,34600,49000,41.6,
week2,2026-07-21,09:01:01,UNDER急増,5597,1326.0,19500,25700,31.8,
week2,2026-07-21,09:01:10,UNDER急増,5031,323.0,97300,150900,55.1,
week2,2026-07-21,09:01:17,UNDER急増,5591,810.0,12900,23300,80.6,
week2,2026-07-21,09:01:22,UNDER急増,5137,216.0,80400,199100,147.6,
week2,2026-07-21,09:01:23,UNDER急増,9115,821.0,7400,19500,163.5,
week2,2026-07-21,09:01:26,UNDER急増,7071,375.0,185500,244600,31.9,
week2,2026-07-21,09:01:35,UNDER急増,4570,945.0,33100,48800,47.4,
week2,2026-07-21,09:01:38,UNDER急増,3653,634.0,10100,12800,26.7,
week2,2026-07-21,09:01:46,UNDER急増,3963,333.0,14700,60400,310.9,
week2,2026-07-21,09:01:48,UNDER急増,4575,719.0,58000,94100,62.2,
week2,2026-07-21,09:01:53,UNDER急増,5599,1146.0,16200,24400,50.6,
week2,2026-07-21,09:02:16,UNDER急増,5892,2056.0,17800,23700,33.1,
week2,2026-07-21,09:02:17,UNDER急増,9327,186.0,6200,7900,27.4,
week2,2026-07-21,09:02:43,UNDER急増,4570,949.0,34300,50000,45.8,
week2,2026-07-21,09:03:48,UNDER急増,4570,949.0,34900,50500,44.7,
week2,2026-07-21,09:04:04,UNDER急増,7018,9720.0,10500,12800,21.9,
week2,2026-07-21,09:04:40,UNDER急増,5817,1016.0,34900,47400,35.8,
week2,2026-07-21,09:05:10,UNDER急増,7018,9720.0,11100,13900,25.2,
week2,2026-07-21,09:06:52,UNDER急増,2998,507.0,59700,104500,75.0,
week2,2026-07-21,09:06:54,UNDER急増,3692,4980.0,16500,21500,30.3,
week2,2026-07-21,09:07:50,UNDER急増,4412,1181.0,9200,16400,78.3,
week2,2026-07-21,09:07:54,UNDER急増,3692,4945.0,19400,24700,27.3,
week2,2026-07-21,09:08:08,小口売り連続/WATCH,4412,1180.0,,,,5
week2,2026-07-21,09:09:23,小口売り連続/WATCH,5599,1137.0,,,,5
week2,2026-07-21,09:09:50,UNDER急増,4412,1166.0,26700,47700,78.7,
week2,2026-07-21,09:09:55,UNDER急増,3692,4885.0,21500,26300,22.3,
week2,2026-07-21,09:10:03,UNDER急増,6495,121.0,104800,195400,86.5,
week2,2026-07-21,09:11:22,UNDER急増,4075,860.0,5500,13100,138.2,
week2,2026-07-21,09:11:32,UNDER急増,9229,142.0,112600,307100,172.7,
week2,2026-07-21,09:15:04,UNDER急増,4075,860.0,5500,13100,138.2,
week2,2026-07-21,09:18:38,UNDER急増,5132,2022.0,21400,27400,28.0,
week2,2026-07-21,09:19:27,UNDER急増,6495,121.0,104700,195200,86.4,
week2,2026-07-21,09:21:27,UNDER急増,5132,1998.0,15800,23300,47.5,
week2,2026-07-21,09:22:43,UNDER急増,4075,863.0,5600,13300,137.5,
week2,2026-07-21,09:22:46,UNDER急増,6620,667.0,29200,53000,81.5,
week2,2026-07-21,09:25:25,小口売り連続/WATCH,5817,1006.0,,,,5
week2,2026-07-21,09:30:47,UNDER急増,8798,122.0,40200,48800,21.4,
week2,2026-07-21,09:34:36,小口売り連続/WATCH,5817,1020.0,,,,5
week2,2026-07-21,09:34:38,UNDER急増,5132,1996.0,20900,26900,28.7,
week2,2026-07-21,09:39:51,小口売り連続/WATCH,2998,511.0,,,,5
week2,2026-07-21,09:40:11,小口売り連続/WATCH,5817,1020.0,,,,5
week2,2026-07-21,09:43:22,小口売り連続/WATCH,4412,1176.0,,,,5
week2,2026-07-21,09:43:32,小口売り連続/WATCH,5599,1123.0,,,,5
week2,2026-07-21,09:51:47,UNDER急増,5132,1992.0,25500,31500,23.5,
week2,2026-07-21,09:51:51,小口売り連続/WATCH,3686,69.0,,,,5
week2,2026-07-21,09:56:14,小口売り連続/WATCH,9229,142.0,,,,5
week2,2026-07-21,10:01:43,小口売り連続/WATCH,7018,9710.0,,,,5
week2,2026-07-21,10:02:11,小口売り連続/WATCH,4418,865.0,,,,5
week2,2026-07-21,10:10:26,UNDER急増,6495,121.0,105800,196800,86.0,
week2,2026-07-21,10:24:55,小口売り連続/WATCH,3686,69.0,,,,5
week2,2026-07-21,10:30:04,小口売り連続/WATCH,5817,962.0,,,,5
week2,2026-07-21,10:37:31,小口売り連続/WATCH,3686,69.0,,,,5
week2,2026-07-21,10:56:53,小口売り連続/WATCH,5597,1327.0,,,,5
week2,2026-07-21,11:07:03,UNDER急増,7018,9700.0,13100,16100,22.9,
week2,2026-07-21,11:16:05,小口売り連続/WATCH,4412,1170.0,,,,5
week2,2026-07-21,11:19:54,UNDER急増,7071,375.0,180700,249800,38.2,
week2,2026-07-21,11:26:45,小口売り連続/WATCH,3686,69.0,,,,5
week2,2026-07-21,12:19:05,UNDER急増,6495,121.0,82400,109100,32.4,
week2,2026-07-21,12:27:06,UNDER急増,3686,69.0,28900,66100,128.7,
week2,2026-07-21,12:31:03,UNDER急増,5137,215.0,93400,217700,133.1,
week2,2026-07-21,12:31:24,UNDER急増,5817,961.0,34500,46300,34.2,
week2,2026-07-21,12:44:45,UNDER急増,5588,756.0,12100,16000,32.2,
week2,2026-07-21,12:46:31,小口売り連続/WATCH,5588,765.0,,,,5
week2,2026-07-21,12:55:47,小口売り連続/WATCH,5707,803.0,,,,5
week2,2026-07-21,12:56:03,UNDER急増,4488,2092.0,7000,12100,72.9,
week2,2026-07-21,12:56:26,UNDER急増,4840,589.0,7500,17100,128.0,
week2,2026-07-21,13:06:17,UNDER急増,4840,579.0,6300,14600,131.7,
week2,2026-07-21,13:10:57,小口売り連続/WATCH,3686,70.0,,,,5
week2,2026-07-21,13:24:46,小口売り連続/WATCH,7071,376.0,,,,5
week2,2026-07-21,13:32:07,小口売り連続/WATCH,3686,70.0,,,,5
week2,2026-07-21,13:35:57,小口売り連続/WATCH,9229,139.0,,,,5
week2,2026-07-21,13:45:05,小口売り連続/STRONG,3686,70.0,,,,10
week2,2026-07-21,13:56:09,小口売り連続/WATCH,6620,666.0,,,,5
week2,2026-07-21,14:00:59,小口売り連続/WATCH,4813,345.0,,,,5
week2,2026-07-21,14:09:00,小口売り連続/WATCH,7071,377.0,,,,5
week2,2026-07-21,14:15:15,小口売り連続/WATCH,5724,2311.0,,,,5
week2,2026-07-21,14:36:35,UNDER急増,4488,2110.0,8900,13600,52.8,
week2,2026-07-21,14:41:09,小口売り連続/WATCH,5817,998.0,,,,5
week2,2026-07-21,14:44:44,小口売り連続/WATCH,4446,807.0,,,,5
week2,2026-07-21,14:46:56,小口売り連続/WATCH,3692,5000.0,,,,5
week2,2026-07-21,14:54:17,小口売り連続/WATCH,4446,804.0,,,,5
week2,2026-07-21,14:54:31,小口売り連続/WATCH,2998,516.0,,,,5
week2,2026-07-21,15:16:08,小口売り連続/WATCH,2998,517.0,,,,5
week2,2026-07-21,15:20:08,小口売り連続/WATCH,4412,1190.0,,,,5
week2,2026-07-21,15:21:35,小口売り連続/WATCH,3686,69.0,,,,5
week2,2026-07-21,15:22:06,小口売り連続/WATCH,5588,786.0,,,,5
week2,2026-07-21,15:22:51,小口売り連続/WATCH,2998,514.0,,,,5
week2,2026-07-21,15:24:29,小口売り連続/WATCH,7071,376.0,,,,5
week2,2026-07-22,09:01:14,UNDER急増,5031,333.0,98300,148100,50.7,
week2,2026-07-22,09:01:17,UNDER急増,6620,664.0,36700,60200,64.0,
week2,2026-07-22,09:01:18,UNDER急増,4395,753.0,24900,40700,63.5,
week2,2026-07-22,09:01:32,UNDER急増,4165,583.0,120300,164400,36.7,
week2,2026-07-22,09:01:39,UNDER急増,5724,2351.0,17600,23100,31.2,
week2,2026-07-22,09:01:39,UNDER急増,9130,1476.0,15500,24000,54.8,
week2,2026-07-22,09:01:42,UNDER急増,3653,634.0,11100,14000,26.1,
week2,2026-07-22,09:01:52,UNDER急増,5599,1129.0,13300,21200,59.4,
week2,2026-07-22,09:01:52,UNDER急増,4446,807.0,32100,45400,41.4,
week2,2026-07-22,09:02:03,UNDER急増,5137,215.0,67300,191600,184.7,
week2,2026-07-22,09:02:11,UNDER急増,6228,497.0,28900,48500,67.8,
week2,2026-07-22,09:03:00,UNDER急増,4011,1974.0,17000,22900,34.7,
week2,2026-07-22,09:03:05,UNDER急増,5892,1978.0,15500,21300,37.4,
week2,2026-07-22,09:03:44,UNDER急増,9115,831.0,7500,18300,144.0,
week2,2026-07-22,09:04:10,UNDER急増,5892,1987.0,15800,22200,40.5,
week2,2026-07-22,09:05:53,UNDER急増,5132,2002.0,21600,30700,42.1,
week2,2026-07-22,09:06:29,UNDER急増,4446,814.0,37700,52700,39.8,
week2,2026-07-22,09:07:00,UNDER急増,5591,802.0,11800,23000,94.9,
week2,2026-07-22,09:07:27,小口売り連続/WATCH,3692,4970.0,,,,5
week2,2026-07-22,09:08:29,小口売り連続/WATCH,5724,2331.0,,,,5
week2,2026-07-22,09:09:45,UNDER急増,9130,1475.0,16100,24800,54.0,
week2,2026-07-22,09:09:51,小口売り連続/WATCH,9130,1475.0,,,,5
week2,2026-07-22,09:10:41,UNDER急増,4075,880.0,11600,18600,60.3,
week2,2026-07-22,09:10:51,UNDER急増,9130,1475.0,16700,25200,50.9,
week2,2026-07-22,09:13:08,UNDER急増,4446,810.0,36800,52000,41.3,
week2,2026-07-22,09:17:08,UNDER急増,5817,1002.0,38900,51800,33.2,
week2,2026-07-22,09:18:09,UNDER急増,5817,995.0,38200,49600,29.8,
week2,2026-07-22,09:20:57,UNDER急増,4075,888.0,11600,21400,84.5,
week2,2026-07-22,09:22:00,UNDER急増,4075,885.0,11200,19000,69.6,
week2,2026-07-22,09:22:41,UNDER急増,5817,998.0,42000,53700,27.9,
week2,2026-07-22,09:29:12,小口売り連続/WATCH,7602,177.0,,,,5
week2,2026-07-22,09:29:30,UNDER急増,7602,177.0,145900,236700,62.2,
week2,2026-07-22,09:30:03,UNDER急増,2321,130.0,72200,184900,156.1,
week2,2026-07-22,09:30:19,UNDER急増,4075,885.0,11800,17900,51.7,
week2,2026-07-22,09:38:45,UNDER急増,5817,998.0,41600,54000,29.8,
week2,2026-07-22,09:38:51,小口売り連続/WATCH,3686,69.0,,,,5
week2,2026-07-22,09:41:39,UNDER急増,3747,414.0,40000,62500,56.2,
week2,2026-07-22,09:49:44,UNDER急増,5817,993.0,39800,52200,31.2,
week2,2026-07-22,09:50:10,小口売り連続/STRONG,3686,69.0,,,,10
week2,2026-07-22,09:51:00,UNDER急増,5817,994.0,41800,54200,29.7,
week2,2026-07-22,09:55:48,小口売り連続/WATCH,7602,174.0,,,,5
week2,2026-07-22,09:58:16,小口売り連続/WATCH,5132,2033.0,,,,5
week2,2026-07-22,10:00:51,UNDER急増,4075,883.0,12500,20100,60.8,
week2,2026-07-22,10:03:21,小口売り連続/STRONG,5132,2021.0,,,,10
week2,2026-07-22,10:06:21,小口売り連続/WATCH,3686,69.0,,,,5
week2,2026-07-22,10:08:33,小口売り連続/WATCH,5597,1343.0,,,,5
week2,2026-07-22,10:09:26,UNDER急増,3653,624.0,13000,18800,44.6,
week2,2026-07-22,10:13:49,小口売り連続/STRONG,3686,69.0,,,,10
week2,2026-07-22,10:18:30,小口売り連続/WATCH,5591,801.0,,,,5
week2,2026-07-22,10:19:11,小口売り連続/WATCH,5599,1108.0,,,,5
week2,2026-07-22,10:21:57,小口売り連続/WATCH,7071,373.0,,,,5
week2,2026-07-22,10:23:31,UNDER急増,4418,840.0,33100,56800,71.6,
week2,2026-07-22,10:28:45,小口売り連続/WATCH,3653,623.0,,,,5
week2,2026-07-22,10:32:00,小口売り連続/WATCH,4894,4525.0,,,,5
week2,2026-07-22,10:32:32,UNDER急増,5817,976.0,42200,53300,26.3,
week2,2026-07-22,10:34:35,UNDER急増,4894,4535.0,26800,32400,20.9,
week2,2026-07-22,10:41:05,UNDER急増,4894,4515.0,30000,37600,25.3,
week2,2026-07-22,10:44:14,小口売り連続/WATCH,7602,171.0,,,,5
week2,2026-07-22,10:47:12,小口売り連続/WATCH,4176,267.0,,,,5
week2,2026-07-22,10:48:26,UNDER急増,4894,4260.0,17100,23000,34.5,
week2,2026-07-22,10:49:30,UNDER急増,4894,4225.0,23700,29700,25.3,
week2,2026-07-22,10:50:30,UNDER急増,4894,4200.0,21800,28000,28.4,
week2,2026-07-22,10:51:31,UNDER急増,4894,4210.0,23200,30000,29.3,
week2,2026-07-22,10:57:48,小口売り連続/WATCH,7602,171.0,,,,5
week2,2026-07-22,11:02:29,小口売り連続/WATCH,7602,171.0,,,,5
week2,2026-07-22,11:15:50,小口売り連続/WATCH,4894,4325.0,,,,5
week2,2026-07-22,11:22:06,小口売り連続/WATCH,4894,4315.0,,,,5
week2,2026-07-22,11:30:01,小口売り連続/WATCH,9145,556.0,,,,5
week2,2026-07-22,12:05:06,UNDER急増,3686,69.0,18700,28800,54.0,
week2,2026-07-22,12:12:26,UNDER急増,3686,69.0,18700,28800,54.0,
week2,2026-07-22,12:20:59,UNDER急増,3686,69.0,18700,28800,54.0,
week2,2026-07-22,12:25:16,UNDER急増,4446,776.0,14600,17800,21.9,
week2,2026-07-22,12:26:15,UNDER急増,4176,266.0,41200,49600,20.4,
week2,2026-07-22,12:26:25,UNDER急増,3963,332.0,6700,8100,20.9,
week2,2026-07-22,12:26:33,UNDER急増,4840,575.0,6400,10700,67.2,
week2,2026-07-22,12:28:56,UNDER急増,4176,266.0,49600,65500,32.1,
week2,2026-07-22,12:31:33,UNDER急増,4575,726.0,59300,93900,58.3,
week2,2026-07-22,12:31:35,UNDER急増,5031,331.0,99300,149100,50.2,
week2,2026-07-22,12:32:02,UNDER急増,4165,574.0,116600,161500,38.5,
week2,2026-07-22,12:32:26,小口売り連続/WATCH,7071,375.0,,,,5
week2,2026-07-22,12:33:13,UNDER急増,5599,1108.0,11300,18900,67.3,
week2,2026-07-22,12:36:15,小口売り連続/WATCH,4894,4600.0,,,,5
week2,2026-07-22,12:37:31,小口売り連続/WATCH,4894,4645.0,,,,5
week2,2026-07-22,12:40:00,UNDER急増,4075,878.0,12400,20500,65.3,
week2,2026-07-22,12:53:44,小口売り連続/WATCH,4894,4525.0,,,,5
week2,2026-07-22,12:55:13,小口売り連続/STRONG,4894,4510.0,,,,10
week2,2026-07-22,12:56:39,UNDER急増,7602,167.0,103000,194500,88.8,
week2,2026-07-22,13:00:12,UNDER急増,7602,167.0,103100,194700,88.8,
week2,2026-07-22,13:00:29,小口売り連続/WATCH,4418,840.0,,,,5
week2,2026-07-22,13:02:19,小口売り連続/WATCH,6228,495.0,,,,5
week2,2026-07-22,13:02:21,小口売り連続/WATCH,5817,967.0,,,,5
week2,2026-07-22,13:07:21,UNDER急増,4446,772.0,31600,46500,47.2,
week2,2026-07-22,13:19:04,UNDER急増,7602,167.0,104900,199100,89.8,
week2,2026-07-22,13:22:34,小口売り連続/WATCH,7071,377.0,,,,5
week2,2026-07-22,13:26:29,小口売り連続/STRONG,7071,377.0,,,,10
week2,2026-07-22,13:34:55,小口売り連続/WATCH,4894,4350.0,,,,5
week2,2026-07-22,13:38:11,小口売り連続/WATCH,4840,576.0,,,,5
week2,2026-07-22,13:41:37,小口売り連続/WATCH,4446,765.0,,,,5
week2,2026-07-22,13:41:51,小口売り連続/WATCH,4176,266.0,,,,5
week2,2026-07-22,13:47:47,小口売り連続/WATCH,4894,4345.0,,,,5
week2,2026-07-22,13:48:55,小口売り連続/STRONG,4894,4335.0,,,,10
week2,2026-07-22,13:50:45,小口売り連続/WATCH,4894,4315.0,,,,5
week2,2026-07-22,13:52:28,小口売り連続/WATCH,3747,419.0,,,,5
week2,2026-07-22,13:55:48,小口売り連続/WATCH,3692,4980.0,,,,5
week2,2026-07-22,13:57:41,小口売り連続/WATCH,4894,4310.0,,,,5
week2,2026-07-22,14:00:38,UNDER急増,4011,1973.0,26600,34500,29.7,
week2,2026-07-22,14:08:06,小口売り連続/WATCH,3692,4950.0,,,,5
week2,2026-07-22,14:09:22,UNDER急増,6228,489.0,25900,46500,79.5,
week2,2026-07-22,14:12:25,小口売り連続/WATCH,5591,802.0,,,,5
week2,2026-07-22,14:20:16,小口売り連続/WATCH,2330,75.0,,,,5
week2,2026-07-22,14:26:40,小口売り連続/WATCH,7018,10860.0,,,,5
week2,2026-07-22,14:39:11,小口売り連続/WATCH,4894,4200.0,,,,5
week2,2026-07-22,14:44:31,小口売り連続/WATCH,4894,4200.0,,,,5
week2,2026-07-22,14:56:58,小口売り連続/WATCH,4176,265.0,,,,5
week2,2026-07-22,15:06:35,小口売り連続/WATCH,5597,1324.0,,,,5
week2,2026-07-22,15:08:44,小口売り連続/WATCH,2998,522.0,,,,5
week2,2026-07-22,15:11:20,UNDER急増,4570,986.0,38300,53400,39.4,
week2,2026-07-22,15:12:42,小口売り連続/WATCH,2998,522.0,,,,5
week2,2026-07-22,15:12:46,小口売り連続/WATCH,7071,380.0,,,,5
week2,2026-07-22,15:14:37,小口売り連続/STRONG,7071,380.0,,,,10
week2,2026-07-22,15:20:21,小口売り連続/WATCH,3686,68.0,,,,5
week2,2026-07-22,15:21:33,小口売り連続/WATCH,4894,4200.0,,,,5
week2,2026-07-22,15:22:05,小口売り連続/WATCH,7071,378.0,,,,5
week2,2026-07-22,15:22:54,小口売り連続/STRONG,7071,378.0,,,,10
week2,2026-07-22,15:24:00,小口売り連続/WATCH,4176,265.0,,,,5
week2,2026-07-22,15:24:39,小口売り連続/WATCH,4894,4200.0,,,,5
week2,2026-07-22,15:25:01,UNDER急増,4575,713.0,23400,28500,21.8,
week2,2026-07-22,15:26:54,UNDER急増,9145,557.0,17900,27900,55.9,
week2,2026-07-22,15:27:06,UNDER急増,5597,1316.0,12700,15400,21.3,
week2,2026-07-23,09:01:32,UNDER急増,4418,836.0,39700,62800,58.2,
week2,2026-07-23,09:01:37,UNDER急増,7352,339.0,61200,114500,87.1,
week2,2026-07-23,09:01:38,UNDER急増,4075,882.0,10900,19300,77.1,
week2,2026-07-23,09:01:39,UNDER急増,6228,501.0,26700,48200,80.5,
week2,2026-07-23,09:01:41,UNDER急増,4412,1162.0,21800,28600,31.2,
week2,2026-07-23,09:03:02,UNDER急増,5817,973.0,36900,44500,20.6,
week2,2026-07-23,09:03:02,UNDER急増,4446,796.0,31700,50000,57.7,
week2,2026-07-23,09:03:32,UNDER急増,5892,1995.0,22700,30100,32.6,
week2,2026-07-23,09:04:22,UNDER急増,6620,670.0,35400,60800,71.8,
week2,2026-07-23,09:04:27,UNDER急増,4011,1939.0,14500,21000,44.8,
week2,2026-07-23,09:04:46,UNDER急増,5132,1990.0,14800,19900,34.5,
week2,2026-07-23,09:06:22,UNDER急増,5817,959.0,39100,51700,32.2,
week2,2026-07-23,09:06:43,UNDER急増,6495,125.0,104300,195800,87.7,
week2,2026-07-23,09:07:22,UNDER急増,5817,950.0,38000,51000,34.2,
week2,2026-07-23,09:07:24,UNDER急増,4075,880.0,11000,20000,81.8,
week2,2026-07-23,09:07:34,UNDER急増,9115,870.0,13600,24600,80.9,
week2,2026-07-23,09:08:23,UNDER急増,5817,940.0,37600,50200,33.5,
week2,2026-07-23,09:08:44,UNDER急増,4075,880.0,12600,20700,64.3,
week2,2026-07-23,09:08:48,小口売り連続/WATCH,3686,67.0,,,,5
week2,2026-07-23,09:09:23,UNDER急増,5817,945.0,41000,53600,30.7,
week2,2026-07-23,09:09:24,UNDER急増,4488,2070.0,4700,7200,53.2,
week2,2026-07-23,09:10:49,UNDER急増,4011,1941.0,19900,25700,29.1,
week2,2026-07-23,09:12:26,小口売り連続/WATCH,5132,1966.0,,,,5
week2,2026-07-23,09:13:15,小口売り連続/WATCH,7018,11350.0,,,,5
week2,2026-07-23,09:14:27,UNDER急増,4488,2070.0,3600,4700,30.6,
week2,2026-07-23,09:15:13,小口売り連続/WATCH,7352,335.0,,,,5
week2,2026-07-23,09:16:35,UNDER急増,4488,2070.0,3700,4700,27.0,
week2,2026-07-23,09:17:10,UNDER急増,5591,804.0,19400,29500,52.1,
week2,2026-07-23,09:17:58,UNDER急増,4488,2070.0,4700,7100,51.1,
week2,2026-07-23,09:18:43,小口売り連続/WATCH,7602,168.0,,,,5
week2,2026-07-23,09:21:41,UNDER急増,7352,331.0,52700,106000,101.1,
week2,2026-07-23,09:22:22,UNDER急増,6228,497.0,26700,49100,83.9,
week2,2026-07-23,09:22:52,UNDER急増,5591,798.0,17700,28500,61.0,
week2,2026-07-23,09:23:39,UNDER急増,4488,2070.0,4700,7200,53.2,
week2,2026-07-23,09:25:36,UNDER急増,4488,2070.0,4700,7100,51.1,
week2,2026-07-23,09:27:17,小口売り連続/WATCH,4165,550.0,,,,5
week2,2026-07-23,09:28:25,UNDER急増,9115,855.0,15100,25600,69.5,
week2,2026-07-23,09:34:11,UNDER急増,9130,1494.0,15700,23500,49.7,
week2,2026-07-23,09:35:18,小口売り連続/WATCH,7018,10810.0,,,,5
week2,2026-07-23,09:38:27,小口売り連続/WATCH,3686,67.0,,,,5
week2,2026-07-23,09:49:46,小口売り連続/WATCH,3963,332.0,,,,5
week2,2026-07-23,09:50:11,小口売り連続/WATCH,7352,335.0,,,,5
week2,2026-07-23,10:00:09,小口売り連続/WATCH,3686,67.0,,,,5
week2,2026-07-23,10:01:44,UNDER急増,5892,2007.0,27400,34500,25.9,
week2,2026-07-23,10:02:57,小口売り連続/WATCH,7602,165.0,,,,5
week2,2026-07-23,10:08:41,小口売り連続/STRONG,7602,164.0,,,,10
week2,2026-07-23,10:12:52,UNDER急増,5892,1996.0,26800,33200,23.9,
week2,2026-07-23,10:18:21,小口売り連続/STRONG,3686,67.0,,,,10
week2,2026-07-23,10:24:41,小口売り連続/WATCH,7018,10630.0,,,,5
week2,2026-07-23,10:24:58,小口売り連続/WATCH,4056,212.0,,,,5
week2,2026-07-23,10:25:01,小口売り連続/WATCH,5817,929.0,,,,5
week2,2026-07-23,10:27:18,小口売り連続/WATCH,5599,1129.0,,,,5
week2,2026-07-23,10:27:32,UNDER急増,4575,729.0,60300,95100,57.7,
week2,2026-07-23,11:01:34,小口売り連続/WATCH,4446,807.0,,,,5
week2,2026-07-23,11:26:14,UNDER急増,6228,492.0,24900,45700,83.5,
week2,2026-07-23,12:05:03,UNDER急増,3963,334.0,7500,9000,20.0,
week2,2026-07-23,12:06:53,UNDER急増,5588,780.0,6500,8100,24.6,
week2,2026-07-23,12:12:56,UNDER急増,3963,334.0,7500,9000,20.0,
week2,2026-07-23,12:26:02,UNDER急増,3807,87.0,25400,55700,119.3,
week2,2026-07-23,12:27:54,UNDER急増,4840,578.0,8700,13100,50.6,
week2,2026-07-23,12:28:01,UNDER急増,9229,134.0,75000,94400,25.9,
week2,2026-07-23,12:29:37,UNDER急増,5588,780.0,6500,8100,24.6,
week2,2026-07-23,12:29:52,UNDER急増,6228,494.0,16500,21100,27.9,
week2,2026-07-23,12:29:58,UNDER急増,4575,728.0,37000,45300,22.4,
week2,2026-07-23,12:31:10,UNDER急増,9327,189.0,5300,7400,39.6,
week2,2026-07-23,12:31:29,UNDER急増,5892,1992.0,27800,33500,20.5,
week2,2026-07-23,12:31:51,UNDER急増,4575,721.0,42900,77700,81.1,
week2,2026-07-23,12:32:38,UNDER急増,5892,1997.0,27800,33500,20.5,
week2,2026-07-23,12:33:50,UNDER急増,5591,796.0,8100,21700,167.9,
week2,2026-07-23,12:34:21,UNDER急増,5597,1312.0,20300,31100,53.2,
week2,2026-07-23,12:45:10,小口売り連続/WATCH,5588,775.0,,,,5
week2,2026-07-23,12:57:31,小口売り連続/WATCH,4446,817.0,,,,5
week2,2026-07-23,13:07:48,UNDER急増,4840,575.0,12000,20700,72.5,
week2,2026-07-23,13:11:38,小口売り連続/WATCH,3692,4980.0,,,,5
week2,2026-07-23,13:19:48,小口売り連続/WATCH,4011,1960.0,,,,5
week2,2026-07-23,13:58:49,UNDER急増,4813,336.0,203000,303000,49.3,
week2,2026-07-23,14:09:20,UNDER急増,4056,208.0,26100,33000,26.4,
week2,2026-07-23,14:12:57,小口売り連続/WATCH,4412,1149.0,,,,5
week2,2026-07-23,14:18:13,UNDER急増,4056,210.0,26200,33000,26.0,
week2,2026-07-23,14:19:22,UNDER急増,4056,209.0,26100,33000,26.4,
week2,2026-07-23,14:27:00,小口売り連続/WATCH,7071,372.0,,,,5
week2,2026-07-23,14:45:58,小口売り連続/WATCH,5707,847.0,,,,5
week2,2026-07-23,14:50:47,小口売り連続/WATCH,4813,338.0,,,,5
week2,2026-07-23,14:51:52,小口売り連続/WATCH,4056,209.0,,,,5
week2,2026-07-23,15:00:41,小口売り連続/WATCH,5597,1300.0,,,,5
week2,2026-07-23,15:02:43,小口売り連続/WATCH,9115,857.0,,,,5
week2,2026-07-23,15:10:00,小口売り連続/WATCH,7071,371.0,,,,5
week2,2026-07-23,15:15:10,小口売り連続/WATCH,4575,724.0,,,,5
week2,2026-07-23,15:17:55,小口売り連続/WATCH,4056,208.0,,,,5
week2,2026-07-23,15:20:04,小口売り連続/WATCH,9229,133.0,,,,5
week2,2026-07-23,15:21:33,UNDER急増,4056,209.0,25500,31700,24.3,
week2,2026-07-23,15:23:00,小口売り連続/WATCH,3686,67.0,,,,5
week2,2026-07-23,15:24:12,小口売り連続/WATCH,4575,723.0,,,,5
week2,2026-07-24,09:02:34,UNDER急増,7352,317.0,41300,96600,133.9,
week2,2026-07-24,09:02:54,UNDER急増,5892,1937.0,20100,25800,28.4,
week2,2026-07-24,09:03:01,UNDER急増,5707,825.0,73600,110100,49.6,
week2,2026-07-24,09:03:51,UNDER急増,9115,862.0,24500,36400,48.6,
week2,2026-07-24,09:04:01,UNDER急増,4395,745.0,30700,46200,50.5,
week2,2026-07-24,09:04:01,UNDER急増,5707,823.0,71800,105500,46.9,
week2,2026-07-24,09:04:05,UNDER急増,5132,1910.0,7100,13500,90.1,
week2,2026-07-24,09:05:02,UNDER急増,4395,750.0,33400,48900,46.4,
week2,2026-07-24,09:05:06,UNDER急増,5707,826.0,75200,106400,41.5,
week2,2026-07-24,09:05:11,UNDER急増,4570,974.0,42400,57200,34.9,
week2,2026-07-24,09:05:25,小口売り連続/WATCH,4894,4550.0,,,,5
week2,2026-07-24,09:06:12,UNDER急増,4894,4555.0,21600,26100,20.8,
week2,2026-07-24,09:06:17,小口売り連続/WATCH,2998,512.0,,,,5
week2,2026-07-24,09:06:17,UNDER急増,2998,512.0,65600,105100,60.2,
week2,2026-07-24,09:06:32,UNDER急増,4446,796.0,40000,55000,37.5,
week2,2026-07-24,09:07:12,UNDER急増,4011,1940.0,21700,27200,25.3,
week2,2026-07-24,09:08:31,小口売り連続/WATCH,9115,852.0,,,,5
week2,2026-07-24,09:09:09,UNDER急増,4813,331.0,124500,188800,51.6,
week2,2026-07-24,09:09:21,UNDER急増,2998,511.0,63800,103000,61.4,
week2,2026-07-24,09:09:44,UNDER急増,9115,859.0,25700,36600,42.4,
week2,2026-07-24,09:10:50,UNDER急増,5817,913.0,36100,48700,34.9,
week2,2026-07-24,09:12:58,UNDER急増,9115,860.0,27500,38400,39.6,
week2,2026-07-24,09:14:35,UNDER急増,6228,490.0,28500,50200,76.1,
week2,2026-07-24,09:15:50,小口売り連続/WATCH,3653,658.0,,,,5
week2,2026-07-24,09:17:18,UNDER急増,5817,917.0,41500,56200,35.4,
week2,2026-07-24,09:17:27,UNDER急増,4575,718.0,43500,78800,81.1,
week2,2026-07-24,09:17:38,UNDER急増,9130,1503.0,18200,27200,49.5,
week2,2026-07-24,09:18:06,小口売り連続/WATCH,4446,793.0,,,,5
week2,2026-07-24,09:18:26,UNDER急増,5031,324.0,94800,145700,53.7,
week2,2026-07-24,09:20:50,UNDER急増,5591,787.0,14100,23600,67.4,
week2,2026-07-24,09:27:14,小口売り連続/WATCH,3692,4970.0,,,,5
week2,2026-07-24,09:27:37,小口売り連続/WATCH,5892,1931.0,,,,5
week2,2026-07-24,09:30:21,UNDER急増,4056,210.0,34000,47700,40.3,
week2,2026-07-24,09:31:08,UNDER急増,5707,819.0,69700,101200,45.2,
week2,2026-07-24,09:31:53,小口売り連続/WATCH,4894,4435.0,,,,5
week2,2026-07-24,09:33:28,小口売り連続/WATCH,4894,4400.0,,,,5
week2,2026-07-24,09:33:33,UNDER急増,4011,1937.0,34600,43100,24.6,
week2,2026-07-24,09:44:35,UNDER急増,4176,259.0,113500,153500,35.2,
week2,2026-07-24,09:52:27,小口売り連続/WATCH,4894,4410.0,,,,5
week2,2026-07-24,10:10:03,小口売り連続/WATCH,4894,4405.0,,,,5
week2,2026-07-24,10:14:06,小口売り連続/WATCH,4075,868.0,,,,5
week2,2026-07-24,10:17:03,小口売り連続/WATCH,5132,1919.0,,,,5
week2,2026-07-24,10:17:13,小口売り連続/WATCH,4894,4360.0,,,,5
week2,2026-07-24,10:18:17,小口売り連続/WATCH,4894,4355.0,,,,5
week2,2026-07-24,10:23:11,UNDER急増,4446,796.0,42100,57100,35.6,
week2,2026-07-24,10:37:46,小口売り連続/WATCH,4894,4310.0,,,,5
week2,2026-07-24,10:44:11,小口売り連続/WATCH,4056,209.0,,,,5
week2,2026-07-24,10:50:26,小口売り連続/WATCH,4418,786.0,,,,5
week2,2026-07-24,10:56:28,UNDER急増,4056,206.0,19300,23600,22.3,
week2,2026-07-24,10:57:00,小口売り連続/WATCH,4894,4300.0,,,,5
week2,2026-07-24,10:58:19,小口売り連続/WATCH,4894,4300.0,,,,5
week2,2026-07-24,11:00:33,UNDER急増,4056,206.0,19300,23600,22.3,
week2,2026-07-24,11:10:04,小口売り連続/WATCH,4056,205.0,,,,5
week2,2026-07-24,11:21:15,小口売り連続/WATCH,6620,660.0,,,,5
week2,2026-07-24,11:22:45,UNDER急増,6228,486.0,29500,46400,57.3,
week2,2026-07-24,11:24:46,UNDER急増,6228,484.0,22900,44600,94.8,
week2,2026-07-24,11:29:50,小口売り連続/WATCH,6620,661.0,,,,5
week2,2026-07-24,12:05:03,UNDER急増,4056,206.0,8500,10500,23.5,
week2,2026-07-24,12:05:09,UNDER急増,5132,1894.0,11500,14500,26.1,
week2,2026-07-24,12:22:26,UNDER急増,5132,1894.0,9400,12300,30.9,
week2,2026-07-24,12:26:01,UNDER急増,4056,206.0,8400,10400,23.8,
week2,2026-07-24,12:26:44,UNDER急増,9229,131.0,73600,90600,23.1,
week2,2026-07-24,12:28:48,UNDER急増,4056,206.0,8400,10400,23.8,
week2,2026-07-24,12:29:28,UNDER急増,6228,485.0,19400,24600,26.8,
week2,2026-07-24,12:31:13,UNDER急増,6620,656.0,22100,47700,115.8,
week2,2026-07-24,12:32:01,UNDER急増,5129,241.0,22700,32000,41.0,
week2,2026-07-24,12:32:04,UNDER急増,4840,562.0,11800,21700,83.9,
week2,2026-07-24,12:33:14,UNDER急増,5132,1892.0,17800,26500,48.9,
week2,2026-07-24,12:33:28,UNDER急増,9130,1481.0,14300,27900,95.1,
week2,2026-07-24,12:33:33,UNDER急増,6228,485.0,29300,47100,60.8,
week2,2026-07-24,12:36:46,小口売り連続/WATCH,4894,4295.0,,,,5
week2,2026-07-24,12:36:48,UNDER急増,5132,1883.0,21700,27800,28.1,
week2,2026-07-24,12:40:28,小口売り連続/WATCH,4894,4280.0,,,,5
week2,2026-07-24,12:42:12,小口売り連続/WATCH,4894,4280.0,,,,5
week2,2026-07-24,12:43:49,小口売り連続/WATCH,4894,4265.0,,,,5
week2,2026-07-24,12:44:13,小口売り連続/STRONG,4894,4260.0,,,,10
week2,2026-07-24,12:50:06,小口売り連続/WATCH,5132,1880.0,,,,5
week2,2026-07-24,12:53:34,小口売り連続/WATCH,3686,66.0,,,,5
week2,2026-07-24,12:56:52,小口売り連続/WATCH,4894,4305.0,,,,5
week2,2026-07-24,13:14:26,小口売り連続/WATCH,3686,66.0,,,,5
week2,2026-07-24,13:28:38,UNDER急増,2998,501.0,48900,88400,80.8,
week2,2026-07-24,13:32:44,UNDER急増,2998,501.0,50900,90400,77.6,
week2,2026-07-24,13:40:03,UNDER急増,4894,4240.0,14600,21700,48.6,
week2,2026-07-24,13:43:14,UNDER急増,4894,4240.0,15900,23200,45.9,
week2,2026-07-24,13:43:26,UNDER急増,5588,758.0,12600,15400,22.2,
week2,2026-07-24,13:49:13,UNDER急増,5588,756.0,12600,15400,22.2,
week2,2026-07-24,13:51:39,UNDER急増,5588,756.0,11900,14700,23.5,
week2,2026-07-24,14:01:12,小口売り連続/WATCH,7071,364.0,,,,5
week2,2026-07-24,14:05:30,小口売り連続/WATCH,4894,4210.0,,,,5
week2,2026-07-24,14:06:52,UNDER急増,2998,501.0,54000,93500,73.1,
week2,2026-07-24,14:08:32,小口売り連続/STRONG,7071,364.0,,,,10
week2,2026-07-24,14:10:21,小口売り連続/WATCH,4894,4210.0,,,,5
week2,2026-07-24,14:20:37,小口売り連続/WATCH,9115,879.0,,,,5
week2,2026-07-24,14:37:54,小口売り連続/WATCH,4894,4195.0,,,,5
week2,2026-07-24,14:46:17,小口売り連続/WATCH,4894,4195.0,,,,5
week2,2026-07-24,14:48:25,小口売り連続/WATCH,3686,66.0,,,,5
week2,2026-07-24,14:49:20,小口売り連続/WATCH,5597,1276.0,,,,5
week2,2026-07-24,14:55:02,小口売り連続/WATCH,3963,331.0,,,,5
week2,2026-07-24,14:58:25,小口売り連続/WATCH,3686,66.0,,,,5
week2,2026-07-24,15:03:23,小口売り連続/STRONG,3686,66.0,,,,10
week2,2026-07-24,15:05:09,UNDER急増,4075,859.0,10000,17600,76.0,
week2,2026-07-24,15:08:21,UNDER急増,2998,498.0,47200,86700,83.7,
week2,2026-07-24,15:08:39,小口売り連続/WATCH,5597,1267.0,,,,5
week2,2026-07-24,15:09:02,UNDER急増,7352,314.0,41400,97900,136.5,
week2,2026-07-24,15:14:09,小口売り連続/WATCH,4446,810.0,,,,5
week2,2026-07-24,15:19:26,小口売り連続/WATCH,5031,321.0,,,,5
week2,2026-07-24,15:22:34,小口売り連続/WATCH,7352,317.0,,,,5
week2,2026-07-24,15:23:09,小口売り連続/WATCH,7071,361.0,,,,5
week2,2026-07-24,15:23:35,小口売り連続/WATCH,4446,807.0,,,,5
week2,2026-07-24,15:23:37,小口売り連続/WATCH,3686,66.0,,,,5
week2,2026-07-24,15:23:40,小口売り連続/WATCH,4056,203.0,,,,5
week2,2026-07-24,15:24:34,小口売り連続/WATCH,9115,881.0,,,,5
week2,2026-07-24,15:24:42,小口売り連続/WATCH,4894,4190.0,,,,5
week2,2026-07-24,15:25:04,UNDER急増,7071,361.0,104300,130900,25.5,
week2,2026-07-24,15:29:36,UNDER急増,4840,560.0,2800,3400,21.4,
week2,2026-07-24,15:29:51,UNDER急増,7071,361.0,103700,129700,25.1,
week3,2026-07-27,09:01:12,UNDER急増,4570,978.0,35200,52700,49.7,
week3,2026-07-27,09:01:16,UNDER急増,4165,555.0,145400,193400,33.0,
week3,2026-07-27,09:01:17,UNDER急増,9227,795.0,36700,59900,63.2,
week3,2026-07-27,09:01:19,UNDER急増,4395,754.0,21800,41200,89.0,
week3,2026-07-27,09:01:45,UNDER急増,5817,924.0,31500,43300,37.5,
week3,2026-07-27,09:01:54,UNDER急増,6047,355.0,107000,179000,67.3,
week3,2026-07-27,09:02:03,UNDER急増,7794,922.0,80600,101600,26.1,
week3,2026-07-27,09:02:08,UNDER急増,5591,792.0,11300,21200,87.6,
week3,2026-07-27,09:02:31,UNDER急増,4840,560.0,9600,19600,104.2,
week3,2026-07-27,09:02:45,UNDER急増,6433,969.0,28700,38100,32.8,
week3,2026-07-27,09:03:00,UNDER急増,2998,512.0,79000,125600,59.0,
week3,2026-07-27,09:03:05,UNDER急増,7794,927.0,87000,108000,24.1,
week3,2026-07-27,09:03:07,小口売り連続/WATCH,3791,971.0,,,,5
week3,2026-07-27,09:03:08,UNDER急増,9130,1459.0,17100,25000,46.2,
week3,2026-07-27,09:03:13,UNDER急増,7373,992.0,30400,47500,56.2,
week3,2026-07-27,09:03:23,UNDER急増,6620,665.0,21700,50500,132.7,
week3,2026-07-27,09:03:52,UNDER急増,6228,495.0,24100,47800,98.3,
week3,2026-07-27,09:04:11,UNDER急増,4075,862.0,6800,10200,50.0,
week3,2026-07-27,09:04:40,UNDER急増,5817,929.0,34500,45100,30.7,
week3,2026-07-27,09:04:42,UNDER急増,5724,2385.0,25700,31000,20.6,
week3,2026-07-27,09:04:42,UNDER急増,3791,967.0,40900,54300,32.8,
week3,2026-07-27,09:04:45,UNDER急増,5588,774.0,9600,12000,25.0,
week3,2026-07-27,09:05:26,UNDER急増,6620,664.0,23200,51000,119.8,
week3,2026-07-27,09:06:11,UNDER急増,2998,514.0,97000,134800,39.0,
week3,2026-07-27,09:06:14,UNDER急増,6228,495.0,24100,48500,101.2,
week3,2026-07-27,09:06:36,UNDER急増,4075,851.0,7800,11000,41.0,
week3,2026-07-27,09:07:11,UNDER急増,6433,945.0,17300,26100,50.9,
week3,2026-07-27,09:07:20,UNDER急増,3791,965.0,45200,58800,30.1,
week3,2026-07-27,09:07:54,UNDER急増,4075,851.0,9900,12600,27.3,
week3,2026-07-27,09:10:04,小口売り連続/WATCH,5817,917.0,,,,5
week3,2026-07-27,09:10:47,UNDER急増,5591,791.0,25100,41700,66.1,
week3,2026-07-27,09:11:24,UNDER急増,6433,932.0,18100,27800,53.6,
week3,2026-07-27,09:11:37,小口売り連続/WATCH,5892,2001.0,,,,5
week3,2026-07-27,09:12:00,UNDER急増,7794,910.0,70200,104000,48.1,
week3,2026-07-27,09:13:26,UNDER急増,6433,929.0,25200,34600,37.3,
week3,2026-07-27,09:13:53,UNDER急増,4075,844.0,14200,20900,47.2,
week3,2026-07-27,09:15:17,UNDER急増,4840,550.0,4400,14700,234.1,
week3,2026-07-27,09:16:43,小口売り連続/WATCH,9256,2222.0,,,,5
week3,2026-07-27,09:18:01,UNDER急増,4840,536.0,2900,4400,51.7,
week3,2026-07-27,09:19:44,UNDER急増,4840,538.0,5000,15800,216.0,
week3,2026-07-27,09:20:29,小口売り連続/WATCH,3692,4925.0,,,,5
week3,2026-07-27,09:23:53,UNDER急増,5817,919.0,34600,47100,36.1,
week3,2026-07-27,09:24:29,UNDER急増,9227,793.0,38400,60500,57.6,
week3,2026-07-27,09:25:01,UNDER急増,5817,923.0,34600,47100,36.1,
week3,2026-07-27,09:25:09,小口売り連続/WATCH,9256,2178.0,,,,5
week3,2026-07-27,09:26:40,小口売り連続/WATCH,4894,4245.0,,,,5
week3,2026-07-27,09:26:46,UNDER急増,7794,913.0,86700,107800,24.3,
week3,2026-07-27,09:28:32,UNDER急増,4446,792.0,29400,44300,50.7,
week3,2026-07-27,09:29:10,小口売り連続/WATCH,9227,791.0,,,,5
week3,2026-07-27,09:30:37,UNDER急増,5026,597.0,36300,54400,49.9,
week3,2026-07-27,09:30:40,UNDER急増,6433,898.0,13500,23700,75.6,
week3,2026-07-27,09:31:01,UNDER急増,4395,750.0,28400,43800,54.2,
week3,2026-07-27,09:32:48,UNDER急増,6433,900.0,18600,28500,53.2,
week3,2026-07-27,09:32:52,UNDER急増,4840,532.0,1500,2000,33.3,
week3,2026-07-27,09:36:49,UNDER急増,4418,818.0,35700,57200,60.2,
week3,2026-07-27,09:52:47,小口売り連続/WATCH,5132,1945.0,,,,5
week3,2026-07-27,09:55:54,小口売り連続/WATCH,5574,2359.0,,,,5
week3,2026-07-27,09:56:52,小口売り連続/WATCH,4894,4205.0,,,,5
week3,2026-07-27,09:57:14,UNDER急増,2998,514.0,95200,134200,41.0,
week3,2026-07-27,09:58:24,UNDER急増,5892,1993.0,20400,26200,28.4,
week3,2026-07-27,09:59:11,UNDER急増,4418,817.0,37500,58600,56.3,
week3,2026-07-27,10:00:49,小口売り連続/WATCH,7373,992.0,,,,5
week3,2026-07-27,10:07:13,小口売り連続/WATCH,6433,896.0,,,,5
week3,2026-07-27,10:08:47,小口売り連続/STRONG,4894,4185.0,,,,10
week3,2026-07-27,10:09:34,小口売り連続/WATCH,9256,2261.0,,,,5
week3,2026-07-27,10:13:53,小口売り連続/WATCH,5817,898.0,,,,5
week3,2026-07-27,10:15:27,UNDER急増,5892,1988.0,19200,24600,28.1,
week3,2026-07-27,10:16:10,小口売り連続/WATCH,9256,2281.0,,,,5
week3,2026-07-27,10:17:42,UNDER急増,6620,661.0,20800,48500,133.2,
week3,2026-07-27,10:20:12,小口売り連続/WATCH,5817,895.0,,,,5
week3,2026-07-27,10:20:15,小口売り連続/WATCH,5892,1982.0,,,,5
week3,2026-07-27,10:20:21,UNDER急増,4422,534.0,20300,41300,103.4,
week3,2026-07-27,10:21:20,小口売り連続/WATCH,7373,991.0,,,,5
week3,2026-07-27,10:22:46,小口売り連続/WATCH,4422,534.0,,,,5
week3,2026-07-27,10:24:13,投げ売り/買い気配へぶつけ,4813,331.0,,,,
week3,2026-07-27,10:25:05,小口売り連続/WATCH,7794,903.0,,,,5
week3,2026-07-27,10:26:05,小口売り連続/WATCH,5724,2357.0,,,,5
week3,2026-07-27,10:26:07,小口売り連続/WATCH,6217,737.0,,,,5
week3,2026-07-27,10:26:30,小口売り連続/WATCH,5574,2340.0,,,,5
week3,2026-07-27,10:29:34,小口売り連続/WATCH,9130,1467.0,,,,5
week3,2026-07-27,10:33:00,UNDER急増,5591,792.0,24300,40100,65.0,
week3,2026-07-27,10:35:09,小口売り連続/WATCH,9256,2420.0,,,,5
week3,2026-07-27,10:35:14,小口売り連続/WATCH,9256,2408.0,,,,5
week3,2026-07-27,10:40:33,小口売り連続/WATCH,9256,2385.0,,,,5
week3,2026-07-27,10:45:27,小口売り連続/WATCH,9256,2350.0,,,,5
week3,2026-07-27,11:16:49,小口売り連続/WATCH,9256,2420.0,,,,5
week3,2026-07-27,11:20:31,小口売り連続/WATCH,9256,2405.0,,,,5
week3,2026-07-27,11:21:49,小口売り連続/WATCH,9256,2382.0,,,,5
week3,2026-07-27,11:26:58,小口売り連続/WATCH,5574,2426.0,,,,5
week3,2026-07-27,12:27:14,UNDER急増,4422,536.0,12900,18300,41.9,
week3,2026-07-27,12:28:30,UNDER急増,6620,654.0,13500,17300,28.1,
week3,2026-07-27,12:34:10,小口売り連続/WATCH,3963,338.0,,,,5
week3,2026-07-27,12:34:32,小口売り連続/WATCH,5574,2434.0,,,,5
week3,2026-07-27,12:54:26,小口売り連続/WATCH,3692,4915.0,,,,5
week3,2026-07-27,12:57:35,小口売り連続/WATCH,9256,2314.0,,,,5
week3,2026-07-27,13:01:33,小口売り連続/WATCH,5574,2459.0,,,,5
week3,2026-07-27,13:05:12,小口売り連続/WATCH,9256,2280.0,,,,5
week3,2026-07-27,13:08:21,小口売り連続/WATCH,9256,2260.0,,,,5
week3,2026-07-27,13:09:05,小口売り連続/WATCH,5574,2474.0,,,,5
week3,2026-07-27,13:18:36,UNDER急増,6217,734.0,47900,65900,37.6,
week3,2026-07-27,13:23:49,小口売り連続/WATCH,9256,2225.0,,,,5
week3,2026-07-27,13:30:18,小口売り連続/WATCH,9256,2190.0,,,,5
week3,2026-07-27,13:30:46,小口売り連続/WATCH,9256,2170.0,,,,5
week3,2026-07-27,13:40:02,小口売り連続/WATCH,9256,2237.0,,,,5
week3,2026-07-27,13:43:38,小口売り連続/WATCH,4446,810.0,,,,5
week3,2026-07-27,14:03:40,小口売り連続/WATCH,9256,2269.0,,,,5
week3,2026-07-27,14:04:56,小口売り連続/WATCH,9256,2250.0,,,,5
week3,2026-07-27,14:05:38,小口売り連続/WATCH,5031,328.0,,,,5
week3,2026-07-27,14:09:59,小口売り連続/WATCH,6228,534.0,,,,5
week3,2026-07-27,14:23:16,小口売り連続/WATCH,9256,2286.0,,,,5
week3,2026-07-27,14:24:39,小口売り連続/WATCH,4894,4315.0,,,,5
week3,2026-07-27,14:28:06,小口売り連続/WATCH,9256,2280.0,,,,5
week3,2026-07-27,14:28:08,投げ売り/買い気配へぶつけ,2998,506.0,,,,
week3,2026-07-27,14:28:08,投げ売り/買い気配へぶつけ,2998,506.0,,,,
week3,2026-07-27,14:28:30,UNDER急増,2998,504.0,83000,122900,48.1,
week3,2026-07-27,14:29:53,小口売り連続/WATCH,5574,2534.0,,,,5
week3,2026-07-27,14:41:42,小口売り連続/WATCH,9256,2305.0,,,,5
week3,2026-07-27,14:45:22,小口売り連続/WATCH,6433,899.0,,,,5
week3,2026-07-27,14:46:03,小口売り連続/WATCH,1514,598.0,,,,5
week3,2026-07-27,14:46:37,小口売り連続/WATCH,5817,913.0,,,,5
week3,2026-07-27,15:07:40,小口売り連続/WATCH,9256,2342.0,,,,5
week3,2026-07-27,15:13:36,小口売り連続/WATCH,6217,739.0,,,,5
week3,2026-07-27,15:21:48,小口売り連続/WATCH,3692,4945.0,,,,5
week3,2026-07-27,15:23:21,小口売り連続/WATCH,3963,338.0,,,,5
week3,2026-07-27,15:24:56,小口売り連続/WATCH,4013,683.0,,,,5
week3,2026-07-27,15:25:16,UNDER急増,6620,649.0,11200,13600,21.4,
week3,2026-07-27,15:25:51,UNDER急増,7373,987.0,21400,26100,22.0,
week3,2026-07-27,15:27:42,UNDER急増,6620,649.0,11200,13600,21.4,
week3,2026-07-27,15:27:56,UNDER急増,7373,987.0,21400,26100,22.0,
week3,2026-07-27,15:30:00,UNDER急増,6620,649.0,11200,14100,25.9,
week3,2026-07-28,09:02:45,UNDER急増,4418,827.0,26800,47200,76.1,
week3,2026-07-28,09:02:50,UNDER急増,4395,739.0,26400,41700,58.0,
week3,2026-07-28,09:03:32,UNDER急増,4575,755.0,78900,114700,45.4,
week3,2026-07-28,09:03:53,UNDER急増,7352,330.0,106600,164600,54.4,
week3,2026-07-28,09:04:50,UNDER急増,6228,506.0,31700,47900,51.1,
week3,2026-07-28,09:04:59,UNDER急増,9130,1470.0,17800,26500,48.9,
week3,2026-07-28,09:05:19,UNDER急増,2998,511.0,78000,117100,50.1,
week3,2026-07-28,09:06:28,UNDER急増,4422,524.0,16400,37700,129.9,
week3,2026-07-28,09:06:47,UNDER急増,4412,1161.0,18300,24700,35.0,
week3,2026-07-28,09:07:07,UNDER急増,7794,908.0,75400,93900,24.5,
week3,2026-07-28,09:07:07,UNDER急増,5724,2362.0,21300,26700,25.4,
week3,2026-07-28,09:07:14,UNDER急増,7071,370.0,89300,178400,99.8,
week3,2026-07-28,09:07:44,UNDER急増,4446,791.0,29700,44500,49.8,
week3,2026-07-28,09:08:13,UNDER急増,5724,2352.0,21800,27000,23.9,
week3,2026-07-28,09:09:36,小口売り連続/WATCH,5724,2353.0,,,,5
week3,2026-07-28,09:10:48,UNDER急増,4418,817.0,24200,44600,84.3,
week3,2026-07-28,09:11:06,UNDER急増,6620,647.0,29700,56800,91.2,
week3,2026-07-28,09:11:31,小口売り連続/WATCH,5597,1238.0,,,,5
week3,2026-07-28,09:11:46,小口売り連続/WATCH,9227,803.0,,,,5
week3,2026-07-28,09:12:00,UNDER急増,4418,819.0,31800,52200,64.2,
week3,2026-07-28,09:15:53,UNDER急増,7352,326.0,108500,166500,53.5,
week3,2026-07-28,09:16:04,小口売り連続/WATCH,9256,2545.0,,,,5
week3,2026-07-28,09:17:15,小口売り連続/WATCH,9256,2529.0,,,,5
week3,2026-07-28,09:18:13,小口売り連続/WATCH,6433,851.0,,,,5
week3,2026-07-28,09:18:21,UNDER急増,4575,751.0,51000,82800,62.4,
week3,2026-07-28,09:18:41,小口売り連続/WATCH,5817,913.0,,,,5
week3,2026-07-28,09:19:45,UNDER急増,4013,687.0,15700,33500,113.4,
week3,2026-07-28,09:20:11,小口売り連続/WATCH,9256,2478.0,,,,5
week3,2026-07-28,09:20:11,小口売り連続/WATCH,3692,4880.0,,,,5
week3,2026-07-28,09:21:53,小口売り連続/WATCH,6433,846.0,,,,5
week3,2026-07-28,09:23:38,UNDER急増,7794,907.0,81000,102300,26.3,
week3,2026-07-28,09:23:59,小口売り連続/WATCH,4418,817.0,,,,5
week3,2026-07-28,09:24:03,UNDER急増,4013,693.0,17900,35700,99.4,
week3,2026-07-28,09:24:49,UNDER急増,2998,508.0,82200,120600,46.7,
week3,2026-07-28,09:25:00,小口売り連続/WATCH,4412,1133.0,,,,5
week3,2026-07-28,09:25:27,小口売り連続/WATCH,6433,840.0,,,,5
week3,2026-07-28,09:26:14,小口売り連続/WATCH,4894,4160.0,,,,5
week3,2026-07-28,09:28:49,小口売り連続/WATCH,9256,2463.0,,,,5
week3,2026-07-28,09:29:30,小口売り連続/WATCH,9256,2445.0,,,,5
week3,2026-07-28,09:30:41,小口売り連続/WATCH,9256,2407.0,,,,5
week3,2026-07-28,09:31:17,小口売り連続/WATCH,9256,2406.0,,,,5
week3,2026-07-28,09:31:40,小口売り連続/WATCH,9256,2384.0,,,,5
week3,2026-07-28,09:31:47,小口売り連続/WATCH,5574,2428.0,,,,5
week3,2026-07-28,09:31:52,小口売り連続/WATCH,5707,821.0,,,,5
week3,2026-07-28,09:33:21,UNDER急増,4813,340.0,122000,219200,79.7,
week3,2026-07-28,09:36:17,小口売り連続/WATCH,9130,1460.0,,,,5
week3,2026-07-28,09:37:15,UNDER急増,5707,825.0,66700,98000,46.9,
week3,2026-07-28,09:37:47,UNDER急増,4446,785.0,30700,45500,48.2,
week3,2026-07-28,09:40:38,UNDER急増,4075,854.0,11700,19100,63.2,
week3,2026-07-28,09:40:40,UNDER急増,9256,2233.0,27400,42600,55.5,
week3,2026-07-28,09:42:09,小口売り連続/WATCH,5597,1210.0,,,,5
week3,2026-07-28,09:42:24,UNDER急増,5590,669.0,40500,71700,77.0,
week3,2026-07-28,09:42:43,小口売り連続/WATCH,5724,2328.0,,,,5
week3,2026-07-28,09:47:55,UNDER急増,4075,850.0,11400,17600,54.4,
week3,2026-07-28,09:47:57,小口売り連続/WATCH,5597,1206.0,,,,5
week3,2026-07-28,09:49:24,小口売り連続/WATCH,5574,2401.0,,,,5
week3,2026-07-28,09:49:29,UNDER急増,3963,338.0,16900,58400,245.6,
week3,2026-07-28,09:49:43,UNDER急増,7794,896.0,65300,86600,32.6,
week3,2026-07-28,09:50:05,UNDER急増,4075,857.0,12100,18800,55.4,
week3,2026-07-28,09:50:10,UNDER急増,5031,322.0,79800,124600,56.1,
week3,2026-07-28,09:50:27,UNDER急増,5132,1902.0,13500,19100,41.5,
week3,2026-07-28,09:51:10,小口売り連続/WATCH,7794,895.0,,,,5
week3,2026-07-28,09:51:43,小口売り連続/WATCH,5599,1078.0,,,,5
week3,2026-07-28,09:52:05,小口売り連続/STRONG,5597,1202.0,,,,10
week3,2026-07-28,09:52:11,小口売り連続/WATCH,4570,951.0,,,,5
week3,2026-07-28,09:55:44,小口売り連続/WATCH,6433,835.0,,,,5
week3,2026-07-28,09:56:06,UNDER急増,9256,2233.0,9600,13000,35.4,
week3,2026-07-28,09:56:28,小口売り連続/WATCH,9130,1440.0,,,,5
week3,2026-07-28,09:57:32,小口売り連続/WATCH,5574,2394.0,,,,5
week3,2026-07-28,10:00:54,UNDER急増,3791,997.0,50500,65000,28.7,
week3,2026-07-28,10:02:05,UNDER急増,7373,985.0,33000,50200,52.1,
week3,2026-07-28,10:04:36,UNDER急増,4075,851.0,11200,17400,55.4,
week3,2026-07-28,10:05:54,UNDER急増,6433,833.0,23900,33000,38.1,
week3,2026-07-28,10:13:48,小口売り連続/WATCH,5026,586.0,,,,5
week3,2026-07-28,10:23:49,UNDER急増,7794,890.0,65800,88100,33.9,
week3,2026-07-28,10:28:02,小口売り連続/WATCH,4412,1127.0,,,,5
week3,2026-07-28,10:30:44,UNDER急増,5026,589.0,34800,52300,50.3,
week3,2026-07-28,10:34:35,小口売り連続/WATCH,7794,889.0,,,,5
week3,2026-07-28,10:38:54,UNDER急増,7794,891.0,65600,86900,32.5,
week3,2026-07-28,10:39:23,小口売り連続/WATCH,5597,1205.0,,,,5
week3,2026-07-28,10:40:03,小口売り連続/WATCH,3791,1009.0,,,,5
week3,2026-07-28,10:44:12,小口売り連続/WATCH,5588,765.0,,,,5
week3,2026-07-28,10:44:14,小口売り連続/WATCH,5574,2450.0,,,,5
week3,2026-07-28,10:58:54,小口売り連続/WATCH,7071,367.0,,,,5
week3,2026-07-28,10:58:54,小口売り連続/WATCH,5707,827.0,,,,5
week3,2026-07-28,11:02:07,UNDER急増,4075,856.0,19200,25900,34.9,
week3,2026-07-28,11:02:40,小口売り連続/WATCH,4446,809.0,,,,5
week3,2026-07-28,11:03:38,小口売り連続/WATCH,5574,2403.0,,,,5
week3,2026-07-28,11:05:59,小口売り連続/WATCH,9227,803.0,,,,5
week3,2026-07-28,11:07:15,小口売り連続/WATCH,5597,1193.0,,,,5
week3,2026-07-28,11:11:01,UNDER急増,6433,838.0,26200,35800,36.6,
week3,2026-07-28,11:11:15,UNDER急増,4575,733.0,38900,71100,82.8,
week3,2026-07-28,11:12:03,UNDER急増,7794,891.0,69000,91800,33.0,
week3,2026-07-28,11:12:22,小口売り連続/WATCH,3692,4860.0,,,,5
week3,2026-07-28,11:17:22,小口売り連続/WATCH,5724,2276.0,,,,5
week3,2026-07-28,11:26:35,UNDER急増,5588,755.0,13200,16300,23.5,
week3,2026-07-28,11:29:34,UNDER急増,7794,889.0,45300,69700,53.9,
week3,2026-07-28,12:05:03,UNDER急増,7794,888.0,36800,61000,65.8,
week3,2026-07-28,12:05:19,UNDER急増,4013,692.0,8600,11000,27.9,
week3,2026-07-28,12:08:11,UNDER急増,7115,1582.0,4400,5400,22.7,
week3,2026-07-28,12:14:09,UNDER急増,7794,888.0,37000,61100,65.1,
week3,2026-07-28,12:15:32,UNDER急増,7794,888.0,38100,62200,63.3,
week3,2026-07-28,12:24:05,UNDER急増,7794,888.0,38300,62500,63.2,
week3,2026-07-28,12:24:45,UNDER急増,4412,1135.0,9600,13800,43.8,
week3,2026-07-28,12:25:26,UNDER急増,5132,1910.0,5800,8500,46.6,
week3,2026-07-28,12:25:36,UNDER急増,4422,508.0,9100,13900,52.7,
week3,2026-07-28,12:25:44,UNDER急増,4579,450.0,22800,28600,25.4,
week3,2026-07-28,12:25:59,UNDER急増,3963,338.0,9600,11600,20.8,
week3,2026-07-28,12:26:09,UNDER急増,4575,735.0,33300,48400,45.3,
week3,2026-07-28,12:27:14,UNDER急増,6620,644.0,16700,20700,24.0,
week3,2026-07-28,12:29:43,UNDER急増,5817,892.0,16900,20300,20.1,
week3,2026-07-28,12:29:47,UNDER急増,6228,508.0,22200,33000,48.6,
week3,2026-07-28,12:31:04,UNDER急増,5026,585.0,29900,44800,49.8,
week3,2026-07-28,12:31:07,UNDER急増,5892,2012.0,18400,23400,27.2,
week3,2026-07-28,12:31:12,UNDER急増,4011,1936.0,26800,33100,23.5,
week3,2026-07-28,12:32:49,UNDER急増,7794,892.0,69200,98700,42.6,
week3,2026-07-28,12:34:52,UNDER急増,9130,1448.0,15200,24900,63.8,
week3,2026-07-28,12:42:33,UNDER急増,5707,824.0,70100,101400,44.7,
week3,2026-07-28,12:48:46,小口売り連続/WATCH,6217,706.0,,,,5
week3,2026-07-28,12:51:51,小口売り連続/WATCH,4570,956.0,,,,5
week3,2026-07-28,12:56:35,UNDER急増,4011,1927.0,27500,33300,21.1,
week3,2026-07-28,13:00:36,小口売り連続/WATCH,5574,2506.0,,,,5
week3,2026-07-28,13:01:16,小口売り連続/WATCH,9130,1441.0,,,,5
week3,2026-07-28,13:02:00,小口売り連続/WATCH,5590,668.0,,,,5
week3,2026-07-28,13:07:47,UNDER急増,6217,692.0,15800,28300,79.1,
week3,2026-07-28,13:12:53,小口売り連続/WATCH,4412,1133.0,,,,5
week3,2026-07-28,13:16:11,小口売り連続/WATCH,5591,782.0,,,,5
week3,2026-07-28,13:18:38,UNDER急増,5591,784.0,19100,28300,48.2,
week3,2026-07-28,13:28:59,小口売り連続/WATCH,5574,2523.0,,,,5
week3,2026-07-28,13:55:13,UNDER急増,5588,755.0,13700,16500,20.4,
week3,2026-07-28,13:58:00,小口売り連続/WATCH,9130,1440.0,,,,5
week3,2026-07-28,14:04:00,小口売り連続/WATCH,4011,1926.0,,,,5
week3,2026-07-28,14:04:56,小口売り連続/WATCH,5588,756.0,,,,5
week3,2026-07-28,14:05:44,小口売り連続/WATCH,5574,2502.0,,,,5
week3,2026-07-28,14:12:26,小口売り連続/WATCH,5817,895.0,,,,5
week3,2026-07-28,14:13:32,UNDER急増,4011,1923.0,25100,30800,22.7,
week3,2026-07-28,14:16:47,小口売り連続/STRONG,9130,1435.0,,,,10
week3,2026-07-28,14:22:43,UNDER急増,6217,686.0,15200,27700,82.2,
week3,2026-07-28,14:30:03,UNDER急増,2998,495.0,87300,109400,25.3,
week3,2026-07-28,14:43:54,UNDER急増,7794,890.0,69700,96500,38.5,
week3,2026-07-28,14:49:11,小口売り連続/WATCH,5597,1193.0,,,,5
week3,2026-07-28,14:53:01,小口売り連続/WATCH,6433,840.0,,,,5
week3,2026-07-28,14:54:30,小口売り連続/WATCH,9130,1434.0,,,,5
week3,2026-07-28,14:54:31,UNDER急増,7794,890.0,71100,98000,37.8,
week3,2026-07-28,14:56:40,小口売り連続/STRONG,5597,1190.0,,,,10
week3,2026-07-28,14:57:19,小口売り連続/WATCH,6433,840.0,,,,5
week3,2026-07-28,14:58:27,UNDER急増,7794,890.0,71000,98300,38.5,
week3,2026-07-28,15:00:15,UNDER急増,7794,890.0,71000,97800,37.7,
week3,2026-07-28,15:04:47,小口売り連続/WATCH,5817,882.0,,,,5
week3,2026-07-28,15:07:38,小口売り連続/WATCH,5597,1188.0,,,,5
week3,2026-07-28,15:07:42,小口売り連続/STRONG,5817,881.0,,,,10
week3,2026-07-28,15:15:25,投げ売り/買い気配へぶつけ,4894,4105.0,,,,
week3,2026-07-28,15:17:56,小口売り連続/WATCH,7071,366.0,,,,5
week3,2026-07-28,15:23:12,UNDER急増,4011,1915.0,26800,32200,20.1,
week3,2026-07-28,15:23:52,小口売り連続/WATCH,6433,844.0,,,,5
week3,2026-07-28,15:24:46,小口売り連続/WATCH,3963,336.0,,,,5
week3,2026-07-28,15:24:59,小口売り連続/WATCH,4570,941.0,,,,5
week3,2026-07-28,15:29:41,UNDER急増,4011,1921.0,13100,17800,35.9,
week3,2026-07-29,09:02:45,UNDER急増,4075,847.0,7100,23900,236.6,
week3,2026-07-29,09:02:46,UNDER急増,5597,1214.0,24800,30400,22.6,
week3,2026-07-29,09:02:49,UNDER急増,6433,839.0,28100,38400,36.7,
week3,2026-07-29,09:02:55,UNDER急増,7373,991.0,34000,52000,52.9,
week3,2026-07-29,09:04:02,UNDER急増,9227,841.0,51800,81000,56.4,
week3,2026-07-29,09:04:18,UNDER急増,4075,846.0,14300,19800,38.5,
week3,2026-07-29,09:04:26,UNDER急増,6217,697.0,25300,37600,48.6,
week3,2026-07-29,09:04:37,UNDER急増,4013,689.0,13800,31200,126.1,
week3,2026-07-29,09:04:42,UNDER急増,4446,805.0,34200,43700,27.8,
week3,2026-07-29,09:05:44,小口売り連続/WATCH,4418,781.0,,,,5
week3,2026-07-29,09:06:23,UNDER急増,4418,780.0,29700,49800,67.7,
week3,2026-07-29,09:06:29,UNDER急増,4575,699.0,27400,61600,124.8,
week3,2026-07-29,09:07:13,UNDER急増,5597,1195.0,22500,28400,26.2,
week3,2026-07-29,09:07:18,UNDER急増,7352,323.0,86600,150500,73.8,
week3,2026-07-29,09:07:27,UNDER急増,4418,786.0,33300,53400,60.4,
week3,2026-07-29,09:07:38,UNDER急増,5031,325.0,32100,70100,118.4,
week3,2026-07-29,09:07:59,UNDER急増,5599,1080.0,15300,21600,41.2,
week3,2026-07-29,09:08:19,UNDER急増,4165,562.0,54500,102500,88.1,
week3,2026-07-29,09:09:16,小口売り連続/WATCH,4894,4270.0,,,,5
week3,2026-07-29,09:09:24,UNDER急増,4165,562.0,61400,106300,73.1,
week3,2026-07-29,09:10:58,UNDER急増,3963,340.0,10100,47900,374.3,
week3,2026-07-29,09:11:29,UNDER急増,4418,785.0,30800,50900,65.3,
week3,2026-07-29,09:11:36,UNDER急増,4422,509.0,13600,35900,164.0,
week3,2026-07-29,09:11:52,UNDER急増,6217,697.0,26800,38900,45.1,
week3,2026-07-29,09:12:12,UNDER急増,4840,542.0,10900,22200,103.7,
week3,2026-07-29,09:14:45,UNDER急増,2998,499.0,47000,84400,79.6,
week3,2026-07-29,09:14:54,UNDER急増,7071,371.0,147300,215400,46.2,
week3,2026-07-29,09:14:55,UNDER急増,4575,694.0,36700,68100,85.6,
week3,2026-07-29,09:15:28,UNDER急増,4165,563.0,114300,184400,61.3,
week3,2026-07-29,09:15:38,小口売り連続/WATCH,3692,4925.0,,,,5
week3,2026-07-29,09:16:04,UNDER急増,2998,495.0,45000,85200,89.3,
week3,2026-07-29,09:16:14,UNDER急増,5729,1543.0,29100,35700,22.7,
week3,2026-07-29,09:16:26,UNDER急増,4813,339.0,128000,206100,61.0,
week3,2026-07-29,09:16:39,UNDER急増,7794,858.0,47700,70000,46.8,
week3,2026-07-29,09:20:40,UNDER急増,4446,806.0,38600,53500,38.6,
week3,2026-07-29,09:23:24,UNDER急増,7352,322.0,87000,147000,69.0,
week3,2026-07-29,09:24:15,UNDER急増,4570,930.0,29300,48400,65.2,
week3,2026-07-29,09:25:35,UNDER急増,2998,492.0,38700,76900,98.7,
week3,2026-07-29,09:26:11,UNDER急増,5132,1878.0,15100,18700,23.8,
week3,2026-07-29,09:26:48,UNDER急増,2998,490.0,38900,77100,98.2,
week3,2026-07-29,09:26:55,UNDER急増,6217,695.0,27200,40000,47.1,
week3,2026-07-29,09:32:17,小口売り連続/WATCH,5031,325.0,,,,5
week3,2026-07-29,09:33:29,小口売り連続/WATCH,9227,946.0,,,,5
week3,2026-07-29,09:33:31,UNDER急増,4446,799.0,35100,49900,42.2,
week3,2026-07-29,09:36:07,小口売り連続/WATCH,9227,917.0,,,,5
week3,2026-07-29,09:40:30,UNDER急増,6620,653.0,59300,72000,21.4,
week3,2026-07-29,09:41:19,小口売り連続/WATCH,9227,925.0,,,,5
week3,2026-07-29,09:42:35,UNDER急増,7373,989.0,36100,54100,49.9,
week3,2026-07-29,09:43:07,小口売り連続/WATCH,5707,820.0,,,,5
week3,2026-07-29,09:52:15,UNDER急増,9256,1458.0,5200,9700,86.5,
week3,2026-07-29,09:52:56,UNDER急増,5031,322.0,31100,72100,131.8,
week3,2026-07-29,09:58:44,小口売り連続/WATCH,4570,928.0,,,,5
week3,2026-07-29,10:01:25,UNDER急増,5132,1850.0,10900,15000,37.6,
week3,2026-07-29,10:01:44,UNDER急増,5031,317.0,30100,67500,124.3,
week3,2026-07-29,10:05:18,小口売り連続/WATCH,5597,1180.0,,,,5
week3,2026-07-29,10:06:25,小口売り連続/WATCH,5707,816.0,,,,5
week3,2026-07-29,10:07:32,小口売り連続/WATCH,5574,2608.0,,,,5
week3,2026-07-29,10:11:44,小口売り連続/WATCH,4418,787.0,,,,5
week3,2026-07-29,10:12:48,小口売り連続/STRONG,4418,782.0,,,,10
week3,2026-07-29,10:13:26,小口売り連続/WATCH,5597,1170.0,,,,5
week3,2026-07-29,10:13:51,UNDER急増,4840,510.0,6200,7500,21.0,
week3,2026-07-29,10:14:04,小口売り連続/WATCH,5817,884.0,,,,5
week3,2026-07-29,10:14:29,小口売り連続/WATCH,5574,2591.0,,,,5
week3,2026-07-29,10:14:46,小口売り連続/WATCH,5132,1831.0,,,,5
week3,2026-07-29,10:14:52,小口売り連続/WATCH,4570,916.0,,,,5
week3,2026-07-29,10:16:38,小口売り連続/WATCH,4894,4270.0,,,,5
week3,2026-07-29,10:16:51,小口売り連続/WATCH,5724,2205.0,,,,5
week3,2026-07-29,10:16:56,小口売り連続/STRONG,5574,2580.0,,,,10
week3,2026-07-29,10:17:12,小口売り連続/WATCH,4412,1093.0,,,,5
week3,2026-07-29,10:19:18,小口売り連続/WATCH,7352,320.0,,,,5
week3,2026-07-29,10:20:25,UNDER急増,4075,854.0,15700,22200,41.4,
week3,2026-07-29,10:23:48,小口売り連続/WATCH,7794,858.0,,,,5
week3,2026-07-29,10:24:03,UNDER急増,4418,781.0,30000,49700,65.7,
week3,2026-07-29,10:25:08,UNDER急増,4418,786.0,31500,51600,63.8,
week3,2026-07-29,10:27:51,UNDER急増,6217,675.0,21800,34600,58.7,
week3,2026-07-29,10:32:48,UNDER急増,6228,483.0,23300,48400,107.7,
week3,2026-07-29,10:36:01,UNDER急増,1514,579.0,122300,166800,36.4,
week3,2026-07-29,10:36:44,小口売り連続/WATCH,9227,936.0,,,,5
week3,2026-07-29,10:37:11,UNDER急増,6217,664.0,16200,29800,84.0,
week3,2026-07-29,10:39:13,UNDER急増,6217,662.0,21500,34300,59.5,
week3,2026-07-29,10:43:30,小口売り連続/WATCH,6620,648.0,,,,5
week3,2026-07-29,10:43:39,小口売り連続/WATCH,4579,446.0,,,,5
week3,2026-07-29,10:44:01,小口売り連続/WATCH,4894,4265.0,,,,5
week3,2026-07-29,10:46:03,小口売り連続/WATCH,3692,4960.0,,,,5
week3,2026-07-29,10:46:24,UNDER急増,4570,909.0,41800,50200,20.1,
week3,2026-07-29,10:49:32,UNDER急増,4446,800.0,33100,48000,45.0,
week3,2026-07-29,10:50:15,小口売り連続/WATCH,5817,875.0,,,,5
week3,2026-07-29,10:52:27,UNDER急増,4422,498.0,18400,40100,117.9,
week3,2026-07-29,10:57:49,小口売り連続/WATCH,4894,4230.0,,,,5
week3,2026-07-29,11:01:19,UNDER急増,4446,796.0,31800,46600,46.5,
week3,2026-07-29,11:01:47,UNDER急増,4422,495.0,17000,38000,123.5,
week3,2026-07-29,11:05:39,投げ売り/買い気配へぶつけ,7794,837.0,,,,
week3,2026-07-29,11:06:05,小口売り連続/WATCH,5597,1141.0,,,,5
week3,2026-07-29,11:10:19,UNDER急増,5132,1807.0,15400,19700,27.9,
week3,2026-07-29,11:11:03,小口売り連続/WATCH,5026,567.0,,,,5
week3,2026-07-29,11:12:15,UNDER急増,5590,656.0,32600,63500,94.8,
week3,2026-07-29,11:13:27,小口売り連続/WATCH,4165,580.0,,,,5
week3,2026-07-29,11:18:36,UNDER急増,4575,685.0,31600,63400,100.6,
week3,2026-07-29,11:18:46,小口売り連続/WATCH,7794,837.0,,,,5
week3,2026-07-29,11:20:00,UNDER急増,7794,840.0,49800,72100,44.8,
week3,2026-07-29,11:20:37,小口売り連続/WATCH,6433,812.0,,,,5
week3,2026-07-29,11:21:00,UNDER急増,7794,842.0,48000,70300,46.5,
week3,2026-07-29,11:22:11,小口売り連続/WATCH,4840,514.0,,,,5
week3,2026-07-29,12:17:26,UNDER急増,5132,1805.0,1900,2900,52.6,
week3,2026-07-29,12:25:15,UNDER急増,6620,652.0,20100,29800,48.3,
week3,2026-07-29,12:25:27,UNDER急増,5132,1805.0,1900,3100,63.2,
week3,2026-07-29,12:27:46,UNDER急増,6228,475.0,15500,22800,47.1,
week3,2026-07-29,12:30:07,投げ売り/買い気配へぶつけ,4813,339.0,,,,
week3,2026-07-29,12:31:15,UNDER急増,5031,316.0,27400,67000,144.5,
week3,2026-07-29,12:31:17,UNDER急増,4575,681.0,32800,64600,97.0,
week3,2026-07-29,12:31:18,UNDER急増,7352,320.0,91400,151600,65.9,
week3,2026-07-29,12:31:44,UNDER急増,6217,656.0,19400,31000,59.8,
week3,2026-07-29,12:31:48,UNDER急増,5724,2178.0,17000,22500,32.4,
week3,2026-07-29,12:32:17,UNDER急増,5729,1500.0,27100,33400,23.2,
week3,2026-07-29,12:32:43,小口売り連続/WATCH,9130,1427.0,,,,5
week3,2026-07-29,12:33:30,UNDER急増,7794,839.0,49800,61300,23.1,
week3,2026-07-29,12:34:13,UNDER急増,2998,489.0,41000,77600,89.3,
week3,2026-07-29,12:35:09,小口売り連続/WATCH,5574,2553.0,,,,5
week3,2026-07-29,12:37:35,UNDER急増,4013,687.0,12000,30700,155.8,
week3,2026-07-29,12:40:41,小口売り連続/WATCH,4011,1896.0,,,,5
week3,2026-07-29,12:41:16,UNDER急増,4422,487.0,8000,30700,283.8,
week3,2026-07-29,12:42:25,UNDER急増,4422,487.0,7300,30000,311.0,
week3,2026-07-29,12:42:55,UNDER急増,4418,776.0,28300,48400,71.0,
week3,2026-07-29,12:44:04,小口売り連続/WATCH,4579,439.0,,,,5
week3,2026-07-29,12:46:59,UNDER急増,4422,486.0,8600,29600,244.2,
week3,2026-07-29,12:47:11,UNDER急増,4395,698.0,20400,35900,76.0,
week3,2026-07-29,12:50:03,小口売り連続/WATCH,5597,1141.0,,,,5
week3,2026-07-29,12:51:40,UNDER急増,6217,647.0,25700,36800,43.2,
week3,2026-07-29,12:52:34,UNDER急増,4570,898.0,23700,40200,69.6,
week3,2026-07-29,12:52:37,UNDER急増,4422,483.0,7200,28200,291.7,
week3,2026-07-29,12:52:50,小口売り連続/WATCH,5724,2145.0,,,,5
week3,2026-07-29,12:53:59,UNDER急増,6217,639.0,14700,18700,27.2,
week3,2026-07-29,12:56:05,UNDER急増,6228,477.0,21400,44700,108.9,
week3,2026-07-29,12:56:10,小口売り連続/WATCH,5817,873.0,,,,5
week3,2026-07-29,12:56:51,UNDER急増,5026,555.0,25900,40200,55.2,
week3,2026-07-29,12:58:31,小口売り連続/WATCH,5574,2572.0,,,,5
week3,2026-07-29,12:58:55,UNDER急増,6217,633.0,12900,28300,119.4,
week3,2026-07-29,12:59:39,小口売り連続/WATCH,3692,4820.0,,,,5
week3,2026-07-29,13:02:42,UNDER急増,5588,760.0,13400,16400,22.4,
week3,2026-07-29,13:02:51,小口売り連続/WATCH,3692,4805.0,,,,5
week3,2026-07-29,13:03:05,UNDER急増,9130,1415.0,9900,18100,82.8,
week3,2026-07-29,13:05:19,小口売り連続/WATCH,7794,835.0,,,,5
week3,2026-07-29,13:08:21,小口売り連続/WATCH,4395,693.0,,,,5
week3,2026-07-29,13:08:45,小口売り連続/WATCH,5574,2556.0,,,,5
week3,2026-07-29,13:14:27,UNDER急増,4575,673.0,31500,63300,101.0,
week3,2026-07-29,13:16:37,小口売り連続/WATCH,9227,916.0,,,,5
week3,2026-07-29,13:23:09,UNDER急増,4395,691.0,22600,39500,74.8,
week3,2026-07-29,13:23:51,UNDER急増,5026,552.0,39700,47700,20.2,
week3,2026-07-29,13:25:14,UNDER急増,4840,502.0,12800,23400,82.8,
week3,2026-07-29,13:26:13,小口売り連続/WATCH,9227,914.0,,,,5
week3,2026-07-29,13:29:54,UNDER急増,5599,1054.0,15700,22900,45.9,
week3,2026-07-29,13:34:44,UNDER急増,6620,633.0,20200,49000,142.6,
week3,2026-07-29,13:38:23,UNDER急増,4422,475.0,8800,29600,236.4,
week3,2026-07-29,13:48:08,小口売り連続/WATCH,4075,838.0,,,,5
week3,2026-07-29,13:56:37,小口売り連続/WATCH,9227,930.0,,,,5
week3,2026-07-29,14:05:38,小口売り連続/WATCH,3791,1026.0,,,,5
week3,2026-07-29,14:11:55,小口売り連続/WATCH,9227,942.0,,,,5
week3,2026-07-29,14:20:18,UNDER急増,9130,1400.0,11500,19700,71.3,
week3,2026-07-29,14:32:32,小口売り連続/WATCH,7352,320.0,,,,5
week3,2026-07-29,14:40:00,小口売り連続/WATCH,5132,1802.0,,,,5
week3,2026-07-29,14:46:14,小口売り連続/WATCH,9227,938.0,,,,5
week3,2026-07-29,14:50:45,小口売り連続/WATCH,3692,4790.0,,,,5
week3,2026-07-29,14:52:04,小口売り連続/WATCH,9227,931.0,,,,5
week3,2026-07-29,14:58:46,小口売り連続/WATCH,7373,981.0,,,,5
week3,2026-07-29,15:11:11,小口売り連続/WATCH,3692,4785.0,,,,5
week3,2026-07-29,15:16:56,小口売り連続/WATCH,9227,933.0,,,,5
week3,2026-07-29,15:18:45,小口売り連続/WATCH,9227,933.0,,,,5
week3,2026-07-29,15:19:51,UNDER急増,7794,834.0,49600,71900,45.0,
week3,2026-07-29,15:20:37,投げ売り/買い気配へぶつけ,5132,1710.0,,,,
week3,2026-07-29,15:20:38,UNDER急増,5132,1710.0,1100,2500,127.3,
week3,2026-07-29,15:22:36,UNDER急増,9556,1889.0,19300,24800,28.5,
week3,2026-07-29,15:23:38,小口売り連続/WATCH,7352,320.0,,,,5
week3,2026-07-29,15:24:43,小口売り連続/STRONG,7352,320.0,,,,10
week3,2026-07-29,15:29:08,UNDER急増,2998,488.0,33600,40500,20.5,
week3,2026-07-30,09:01:00,UNDER急増,6047,356.0,86700,160400,85.0,
week3,2026-07-30,09:01:06,UNDER急増,3791,1036.0,58500,72900,24.6,
week3,2026-07-30,09:01:11,UNDER急増,7794,828.0,49700,73000,46.9,
week3,2026-07-30,09:01:21,投げ売り/買い気配へぶつけ,5707,800.0,,,,
week3,2026-07-30,09:01:22,UNDER急増,5707,800.0,68800,97600,41.9,
week3,2026-07-30,09:01:34,UNDER急増,5724,2141.0,18100,23800,31.5,
week3,2026-07-30,09:01:36,UNDER急増,5597,1140.0,25400,32900,29.5,
week3,2026-07-30,09:01:43,UNDER急増,3267,618.0,48100,64100,33.3,
week3,2026-07-30,09:02:00,UNDER急増,7352,318.0,105100,170700,62.4,
week3,2026-07-30,09:02:01,UNDER急増,4570,904.0,25800,43200,67.4,
week3,2026-07-30,09:02:09,UNDER急増,5817,890.0,21600,33600,55.6,
week3,2026-07-30,09:02:12,UNDER急増,1514,570.0,92400,136200,47.4,
week3,2026-07-30,09:02:32,UNDER急増,9556,1866.0,400,700,75.0,
week3,2026-07-30,09:02:41,UNDER急増,4075,828.0,1300,1800,38.5,
week3,2026-07-30,09:02:44,UNDER急増,4011,1860.0,18900,25400,34.4,
week3,2026-07-30,09:02:47,UNDER急増,6620,637.0,19500,51900,166.2,
week3,2026-07-30,09:02:51,UNDER急増,6217,645.0,13500,26900,99.3,
week3,2026-07-30,09:02:59,UNDER急増,9227,900.0,81100,102300,26.1,
week3,2026-07-30,09:02:59,投げ売り/買い気配へぶつけ,4165,592.0,,,,
week3,2026-07-30,09:03:02,小口売り連続/WATCH,9256,1391.0,,,,5
week3,2026-07-30,09:03:11,投げ売り/買い気配へぶつけ,4165,591.0,,,,
week3,2026-07-30,09:03:37,UNDER急増,4422,468.0,6000,9500,58.3,
week3,2026-07-30,09:03:42,UNDER急増,6047,352.0,80500,159300,97.9,
week3,2026-07-30,09:03:49,UNDER急増,9556,1866.0,2700,3400,25.9,
week3,2026-07-30,09:03:52,UNDER急増,6217,646.0,16800,31400,86.9,
week3,2026-07-30,09:04:11,UNDER急増,5724,2122.0,18100,22700,25.4,
week3,2026-07-30,09:04:34,小口売り連続/WATCH,9256,1352.0,,,,5
week3,2026-07-30,09:04:39,UNDER急増,4422,468.0,10100,31900,215.8,
week3,2026-07-30,09:04:57,UNDER急増,5729,1465.0,20400,26500,29.9,
week3,2026-07-30,09:05:20,UNDER急増,4446,802.0,22400,48700,117.4,
week3,2026-07-30,09:05:28,UNDER急増,6228,479.0,28300,48400,71.0,
week3,2026-07-30,09:06:49,UNDER急増,5817,880.0,23800,35800,50.4,
week3,2026-07-30,09:06:53,UNDER急増,4013,700.0,16200,32700,101.9,
week3,2026-07-30,09:07:03,UNDER急増,9130,1391.0,23100,34400,48.9,
week3,2026-07-30,09:07:31,UNDER急増,5026,548.0,20800,26000,25.0,
week3,2026-07-30,09:08:10,UNDER急増,5817,879.0,23600,35600,50.8,
week3,2026-07-30,09:08:18,UNDER急増,4075,828.0,1800,3400,88.9,
week3,2026-07-30,09:08:32,UNDER急増,5026,548.0,20000,26700,33.5,
week3,2026-07-30,09:10:01,UNDER急増,5026,548.0,24700,36900,49.4,
week3,2026-07-30,09:10:06,UNDER急増,4840,506.0,9100,20500,125.3,
week3,2026-07-30,09:13:35,UNDER急増,9130,1393.0,23200,34600,49.1,
week3,2026-07-30,09:15:00,小口売り連続/WATCH,5574,2530.0,,,,5
week3,2026-07-30,09:16:39,小口売り連続/WATCH,4894,4215.0,,,,5
week3,2026-07-30,09:17:34,小口売り連続/WATCH,9256,1380.0,,,,5
week3,2026-07-30,09:21:33,UNDER急増,6620,643.0,24500,53900,120.0,
week3,2026-07-30,09:22:35,UNDER急増,4165,588.0,131500,175300,33.3,
week3,2026-07-30,09:25:33,小口売り連続/WATCH,3692,4870.0,,,,5
week3,2026-07-30,09:27:08,UNDER急増,9556,1860.0,8500,14000,64.7,
week3,2026-07-30,09:27:27,小口売り連続/WATCH,9130,1372.0,,,,5
week3,2026-07-30,09:29:04,UNDER急増,3963,339.0,14100,47900,239.7,
week3,2026-07-30,09:29:09,UNDER急増,4013,699.0,13600,32700,140.4,
week3,2026-07-30,09:29:10,小口売り連続/WATCH,4894,4165.0,,,,5
week3,2026-07-30,09:30:00,小口売り連続/WATCH,9256,1430.0,,,,5
week3,2026-07-30,09:30:32,UNDER急増,3267,609.0,49300,66200,34.3,
week3,2026-07-30,09:34:54,小口売り連続/WATCH,9227,988.0,,,,5
week3,2026-07-30,09:34:55,UNDER急増,9130,1365.0,12000,20200,68.3,
week3,2026-07-30,09:39:24,UNDER急増,4013,697.0,13700,31600,130.7,
week3,2026-07-30,09:39:27,小口売り連続/WATCH,9227,980.0,,,,5
week3,2026-07-30,09:40:47,UNDER急増,4013,698.0,13000,30200,132.3,
week3,2026-07-30,09:40:53,小口売り連続/WATCH,4011,1854.0,,,,5
week3,2026-07-30,09:42:00,小口売り連続/WATCH,5574,2469.0,,,,5
week3,2026-07-30,09:44:13,UNDER急増,5817,878.0,21700,33700,55.3,
week3,2026-07-30,09:44:37,UNDER急増,6217,645.0,14800,29500,99.3,
week3,2026-07-30,09:46:13,UNDER急増,5817,880.0,24800,36800,48.4,
week3,2026-07-30,09:46:57,小口売り連続/WATCH,4446,801.0,,,,5
week3,2026-07-30,09:48:01,UNDER急増,9130,1355.0,12600,20500,62.7,
week3,2026-07-30,09:48:17,UNDER急増,5026,547.0,25400,39600,55.9,
week3,2026-07-30,09:52:06,小口売り連続/WATCH,9227,980.0,,,,5
week3,2026-07-30,09:52:24,UNDER急増,5591,780.0,10200,21400,109.8,
week3,2026-07-30,09:54:52,小口売り連続/WATCH,9227,977.0,,,,5
week3,2026-07-30,09:55:52,小口売り連続/WATCH,9256,1510.0,,,,5
week3,2026-07-30,09:57:39,小口売り連続/WATCH,9256,1401.0,,,,5
week3,2026-07-30,09:58:23,小口売り連続/WATCH,9227,955.0,,,,5
week3,2026-07-30,10:01:31,小口売り連続/WATCH,9227,945.0,,,,5
week3,2026-07-30,10:04:08,小口売り連続/WATCH,9256,1402.0,,,,5
week3,2026-07-30,10:08:32,UNDER急増,4013,699.0,13700,30900,125.5,
week3,2026-07-30,10:10:02,小口売り連続/WATCH,9227,941.0,,,,5
week3,2026-07-30,10:10:12,UNDER急増,4013,699.0,12400,32000,158.1,
week3,2026-07-30,10:15:30,小口売り連続/WATCH,5817,886.0,,,,5
week3,2026-07-30,10:19:15,UNDER急増,5026,536.0,19800,34100,72.2,
week3,2026-07-30,10:19:49,小口売り連続/WATCH,9227,946.0,,,,5
week3,2026-07-30,10:21:25,UNDER急増,4013,700.0,15800,33700,113.3,
week3,2026-07-30,10:24:25,小口売り連続/WATCH,9227,954.0,,,,5
week3,2026-07-30,10:29:41,小口売り連続/WATCH,9256,1464.0,,,,5
week3,2026-07-30,10:38:03,小口売り連続/WATCH,9227,935.0,,,,5
week3,2026-07-30,10:43:26,小口売り連続/WATCH,9256,1463.0,,,,5
week3,2026-07-30,10:45:29,UNDER急増,5591,778.0,10200,21000,105.9,
week3,2026-07-30,10:51:20,小口売り連続/WATCH,9256,1483.0,,,,5
week3,2026-07-30,10:52:00,小口売り連続/WATCH,9227,901.0,,,,5
week3,2026-07-30,10:53:52,小口売り連続/WATCH,9256,1482.0,,,,5
week3,2026-07-30,10:55:34,UNDER急増,4013,698.0,15900,33100,108.2,
week3,2026-07-30,10:57:13,小口売り連続/WATCH,9227,904.0,,,,5
week3,2026-07-30,10:57:27,小口売り連続/WATCH,5817,888.0,,,,5
week3,2026-07-30,11:22:06,UNDER急増,9227,889.0,78100,102300,31.0,
week3,2026-07-30,11:22:47,小口売り連続/WATCH,5707,819.0,,,,5
week3,2026-07-30,11:23:44,小口売り連続/WATCH,4894,4170.0,,,,5
week3,2026-07-30,11:29:10,小口売り連続/WATCH,4579,456.0,,,,5
week3,2026-07-30,11:29:59,小口売り連続/WATCH,4575,702.0,,,,5
week3,2026-07-30,12:05:10,UNDER急増,7373,977.0,18000,24400,35.6,
week3,2026-07-30,12:29:47,UNDER急増,5031,310.0,12200,19200,57.4,
week3,2026-07-30,12:31:02,UNDER急増,9130,1340.0,7000,10000,42.9,
week3,2026-07-30,12:31:04,小口売り連続/WATCH,9256,1408.0,,,,5
week3,2026-07-30,12:31:22,UNDER急増,4446,800.0,24300,51200,110.7,
week3,2026-07-30,12:31:26,UNDER急増,5892,2040.0,23500,30100,28.1,
week3,2026-07-30,12:31:34,UNDER急増,5026,530.0,24400,39300,61.1,
week3,2026-07-30,12:32:36,UNDER急増,5026,530.0,24900,37300,49.8,
week3,2026-07-30,12:33:40,UNDER急増,5026,530.0,25500,41300,62.0,
week3,2026-07-30,12:34:43,UNDER急増,4075,830.0,3900,10900,179.5,
week3,2026-07-30,12:35:53,UNDER急増,5591,780.0,8200,19100,132.9,
week3,2026-07-30,12:37:24,小口売り連続/WATCH,9256,1410.0,,,,5
week3,2026-07-30,12:37:57,UNDER急増,9227,874.0,86400,110200,27.5,
week3,2026-07-30,12:39:12,投げ売り/買い気配へぶつけ,9256,1354.0,,,,
week3,2026-07-30,12:45:44,小口売り連続/WATCH,9256,1382.0,,,,5
week3,2026-07-30,12:50:40,小口売り連続/WATCH,9227,880.0,,,,5
week3,2026-07-30,12:56:43,小口売り連続/WATCH,9256,1367.0,,,,5
week3,2026-07-30,12:58:52,小口売り連続/WATCH,5574,2548.0,,,,5
week3,2026-07-30,12:59:08,小口売り連続/WATCH,7071,395.0,,,,5
week3,2026-07-30,12:59:15,小口売り連続/WATCH,9227,873.0,,,,5
week3,2026-07-30,13:01:17,小口売り連続/WATCH,9227,867.0,,,,5
week3,2026-07-30,13:04:56,UNDER急増,9227,870.0,94400,118200,25.2,
week3,2026-07-30,13:05:59,UNDER急増,9227,870.0,93400,117200,25.5,
week3,2026-07-30,13:09:27,小口売り連続/WATCH,9256,1371.0,,,,5
week3,2026-07-30,13:10:39,UNDER急増,9227,872.0,98700,122500,24.1,
week3,2026-07-30,13:21:33,小口売り連続/WATCH,4579,455.0,,,,5
week3,2026-07-30,13:30:28,小口売り連続/WATCH,9256,1376.0,,,,5
week3,2026-07-30,13:38:07,小口売り連続/WATCH,9256,1376.0,,,,5
week3,2026-07-30,13:41:33,UNDER急増,9256,1346.0,40000,50500,26.2,
week3,2026-07-30,13:43:35,小口売り連続/WATCH,9130,1354.0,,,,5
week3,2026-07-30,13:44:44,UNDER急増,9256,1344.0,44300,55400,25.1,
week3,2026-07-30,13:47:27,UNDER急増,9256,1336.0,43200,54400,25.9,
week3,2026-07-30,13:49:00,小口売り連続/WATCH,9256,1332.0,,,,5
week3,2026-07-30,13:52:16,小口売り連続/WATCH,4446,804.0,,,,5
week3,2026-07-30,13:52:31,小口売り連続/WATCH,5588,815.0,,,,5
week3,2026-07-30,13:56:25,小口売り連続/WATCH,4075,827.0,,,,5
week3,2026-07-30,13:56:44,小口売り連続/WATCH,6433,832.0,,,,5
week3,2026-07-30,14:11:22,小口売り連続/WATCH,3692,4830.0,,,,5
week3,2026-07-30,14:28:07,小口売り連続/WATCH,6620,641.0,,,,5
week3,2026-07-30,14:32:15,小口売り連続/WATCH,9227,900.0,,,,5
week3,2026-07-30,14:49:51,小口売り連続/WATCH,6228,502.0,,,,5
week3,2026-07-30,14:58:26,小口売り連続/WATCH,4011,1868.0,,,,5
week3,2026-07-30,15:02:01,小口売り連続/WATCH,4575,701.0,,,,5
week3,2026-07-30,15:16:00,小口売り連続/WATCH,9256,1340.0,,,,5
week3,2026-07-30,15:16:56,小口売り連続/WATCH,1514,568.0,,,,5
week3,2026-07-30,15:18:43,小口売り連続/WATCH,5574,2530.0,,,,5
week3,2026-07-30,15:21:59,小口売り連続/WATCH,9227,877.0,,,,5
week3,2026-07-30,15:24:19,小口売り連続/WATCH,9227,880.0,,,,5
week3,2026-07-30,15:25:24,UNDER急増,3963,335.0,3500,4500,28.6,
week3,2026-07-30,15:28:19,UNDER急増,7794,820.0,32200,43900,36.3,
week3,2026-07-30,15:30:00,投げ売り/買い気配へぶつけ,3963,341.0,,,,
week3,2026-07-30,15:30:00,投げ売り/投げ売り吸収,4813,342.0,,,,
week3,2026-07-31,09:30:45,UNDER急増,4075,831.0,4400,15500,252.3,
week3,2026-07-31,09:37:14,小口売り連続/WATCH,9227,850.0,,,,5
week3,2026-07-31,09:38:01,UNDER急増,9130,1423.0,32400,40600,25.3,
week3,2026-07-31,09:38:32,小口売り連続/WATCH,4894,4265.0,,,,5
week3,2026-07-31,09:48:45,小口売り連続/WATCH,6228,570.0,,,,5
week3,2026-07-31,09:50:25,小口売り連続/WATCH,5574,2674.0,,,,5
week3,2026-07-31,09:52:28,小口売り連続/WATCH,9227,861.0,,,,5
week3,2026-07-31,10:02:27,小口売り連続/WATCH,9227,865.0,,,,5
week3,2026-07-31,10:04:49,UNDER急増,4075,817.0,12500,15000,20.0,
week3,2026-07-31,10:12:00,小口売り連続/WATCH,9227,870.0,,,,5
week3,2026-07-31,10:12:54,小口売り連続/STRONG,9227,870.0,,,,10
week3,2026-07-31,10:13:11,小口売り連続/WATCH,9256,1306.0,,,,5
week3,2026-07-31,10:16:18,小口売り連続/WATCH,6228,567.0,,,,5
week3,2026-07-31,10:28:55,小口売り連続/WATCH,6047,363.0,,,,5
week3,2026-07-31,10:29:41,小口売り連続/WATCH,6217,706.0,,,,5
week3,2026-07-31,10:46:19,小口売り連続/WATCH,6047,362.0,,,,5
week3,2026-07-31,11:04:02,小口売り連続/WATCH,9256,1281.0,,,,5
week3,2026-07-31,11:04:34,小口売り連続/WATCH,9227,849.0,,,,5
week3,2026-07-31,11:05:16,小口売り連続/WATCH,6433,897.0,,,,5
week3,2026-07-31,11:05:44,小口売り連続/STRONG,9227,848.0,,,,10
week3,2026-07-31,11:09:03,小口売り連続/WATCH,9227,849.0,,,,5
week3,2026-07-31,11:25:19,小口売り連続/WATCH,6433,900.0,,,,5
week3,2026-07-31,11:29:51,小口売り連続/WATCH,5707,878.0,,,,5
week3,2026-07-31,12:05:11,UNDER急増,4075,824.0,1900,3200,68.4,
week3,2026-07-31,12:31:02,UNDER急増,5729,1524.0,26900,33800,25.7,
week3,2026-07-31,12:31:04,UNDER急増,4446,808.0,23800,55500,133.2,
week3,2026-07-31,12:31:05,UNDER急増,4013,720.0,13300,30200,127.1,
week3,2026-07-31,12:34:52,UNDER急増,4075,824.0,2100,3400,61.9,
week3,2026-07-31,12:40:03,小口売り連続/WATCH,7071,384.0,,,,5
week3,2026-07-31,12:40:58,小口売り連続/STRONG,7071,384.0,,,,10
week3,2026-07-31,12:41:00,小口売り連続/WATCH,6047,361.0,,,,5
week3,2026-07-31,12:42:18,小口売り連続/WATCH,7071,383.0,,,,5
week3,2026-07-31,12:43:07,小口売り連続/STRONG,7071,383.0,,,,10
week3,2026-07-31,12:45:18,UNDER急増,7115,1588.0,12500,18100,44.8,
week3,2026-07-31,12:48:22,小口売り連続/WATCH,4446,808.0,,,,5
week3,2026-07-31,12:51:12,小口売り連続/STRONG,6047,361.0,,,,10
week3,2026-07-31,13:06:31,小口売り連続/WATCH,9256,1340.0,,,,5
week3,2026-07-31,13:16:31,小口売り連続/WATCH,6047,362.0,,,,5
week3,2026-07-31,13:17:39,UNDER急増,9130,1412.0,20800,29000,39.4,
week3,2026-07-31,13:17:54,小口売り連続/WATCH,5574,2770.0,,,,5
week3,2026-07-31,13:29:20,小口売り連続/WATCH,6217,700.0,,,,5
week3,2026-07-31,13:39:49,小口売り連続/WATCH,7071,384.0,,,,5
week3,2026-07-31,13:55:13,小口売り連続/WATCH,5031,320.0,,,,5
week3,2026-07-31,14:09:57,小口売り連続/WATCH,9256,1329.0,,,,5
week3,2026-07-31,14:35:57,小口売り連続/WATCH,9227,847.0,,,,5
week3,2026-07-31,14:38:05,小口売り連続/STRONG,9227,845.0,,,,10
week3,2026-07-31,14:38:36,小口売り連続/WATCH,4011,1947.0,,,,5
week3,2026-07-31,14:46:20,UNDER急増,4840,515.0,22500,33100,47.1,
week3,2026-07-31,14:47:30,小口売り連続/WATCH,4412,1146.0,,,,5
week3,2026-07-31,14:56:30,小口売り連続/WATCH,3791,1065.0,,,,5
week3,2026-07-31,14:56:45,小口売り連続/WATCH,9227,851.0,,,,5
week3,2026-07-31,15:10:45,小口売り連続/WATCH,6047,362.0,,,,5
week3,2026-07-31,15:13:18,小口売り連続/WATCH,7071,383.0,,,,5
week3,2026-07-31,15:15:27,小口売り連続/STRONG,7071,383.0,,,,10
week3,2026-07-31,15:19:27,小口売り連続/WATCH,9227,848.0,,,,5
week3,2026-07-31,15:21:55,小口売り連続/WATCH,4418,806.0,,,,5
week3,2026-07-31,15:23:10,小口売り連続/WATCH,7373,949.0,,,,5
week4,2026-08-03,09:02:23,UNDER急増,4013,708.0,12800,30700,139.8,
week4,2026-08-03,09:02:27,UNDER急増,9235,484.0,19500,23800,22.1,
week4,2026-08-03,09:02:49,UNDER急増,5026,548.0,22200,26800,20.7,
week4,2026-08-03,09:02:51,UNDER急増,5724,2326.0,19300,24700,28.0,
week4,2026-08-03,09:02:53,UNDER急増,6228,545.0,38500,63400,64.7,
week4,2026-08-03,09:03:01,UNDER急増,6217,686.0,20600,24900,20.9,
week4,2026-08-03,09:03:01,UNDER急増,4418,794.0,28200,47000,66.7,
week4,2026-08-03,09:03:07,UNDER急増,5132,1874.0,6400,11800,84.4,
week4,2026-08-03,09:03:41,UNDER急増,4075,821.0,11500,18100,57.4,
week4,2026-08-03,09:03:59,UNDER急増,5729,1495.0,22300,28500,27.8,
week4,2026-08-03,09:04:00,UNDER急増,5599,1055.0,18900,25600,35.4,
week4,2026-08-03,09:04:01,UNDER急増,7373,933.0,33400,53500,60.2,
week4,2026-08-03,09:04:02,UNDER急増,6433,880.0,29000,39000,34.5,
week4,2026-08-03,09:04:18,UNDER急増,5591,790.0,14800,24000,62.2,
week4,2026-08-03,09:04:26,小口売り連続/WATCH,2216,1089.0,,,,5
week4,2026-08-03,09:05:07,UNDER急増,6433,865.0,27400,37200,35.8,
week4,2026-08-03,09:05:15,UNDER急増,5729,1499.0,22600,28800,27.4,
week4,2026-08-03,09:05:43,UNDER急増,9235,482.0,20100,53600,166.7,
week4,2026-08-03,09:05:52,UNDER急増,5026,548.0,22800,39900,75.0,
week4,2026-08-03,09:06:08,UNDER急増,6433,870.0,29800,39100,31.2,
week4,2026-08-03,09:06:28,投げ売り/買い気配へぶつけ,1514,601.0,,,,
week4,2026-08-03,09:06:42,UNDER急増,4165,585.0,126100,172100,36.5,
week4,2026-08-03,09:08:32,UNDER急増,5707,838.0,55200,94900,71.9,
week4,2026-08-03,09:08:39,UNDER急増,4075,821.0,11500,18700,62.6,
week4,2026-08-03,09:09:03,小口売り連続/WATCH,9256,1341.0,,,,5
week4,2026-08-03,09:10:01,UNDER急増,5031,317.0,56500,84100,48.8,
week4,2026-08-03,09:11:19,UNDER急増,5724,2305.0,19800,24500,23.7,
week4,2026-08-03,09:12:01,UNDER急増,9130,1505.0,19400,28700,47.9,
week4,2026-08-03,09:13:20,UNDER急増,5026,548.0,31800,39800,25.2,
week4,2026-08-03,09:13:53,UNDER急増,4412,1129.0,12000,17200,43.3,
week4,2026-08-03,09:14:09,UNDER急増,9130,1485.0,23000,31200,35.7,
week4,2026-08-03,09:16:13,UNDER急増,7375,1067.0,16500,21400,29.7,
week4,2026-08-03,09:16:14,UNDER急増,9130,1490.0,21700,32000,47.5,
week4,2026-08-03,09:16:24,UNDER急増,5597,1200.0,22100,27400,24.0,
week4,2026-08-03,09:16:31,UNDER急増,4395,662.0,74900,96700,29.1,
week4,2026-08-03,09:17:16,UNDER急増,9130,1487.0,26500,34900,31.7,
week4,2026-08-03,09:17:36,UNDER急増,5026,545.0,31000,48100,55.2,
week4,2026-08-03,09:17:53,小口売り連続/WATCH,9256,1354.0,,,,5
week4,2026-08-03,09:18:15,UNDER急増,4412,1129.0,12300,17200,39.8,
week4,2026-08-03,09:19:10,UNDER急増,2998,488.0,52500,85400,62.7,
week4,2026-08-03,09:19:28,UNDER急増,4395,646.0,80000,96400,20.5,
week4,2026-08-03,09:20:02,小口売り連続/WATCH,4165,579.0,,,,5
week4,2026-08-03,09:24:11,UNDER急増,4165,578.0,120300,160200,33.2,
week4,2026-08-03,09:24:34,UNDER急増,4395,639.0,71100,86800,22.1,
week4,2026-08-03,09:24:39,小口売り連続/WATCH,9256,1316.0,,,,5
week4,2026-08-03,09:25:36,UNDER急増,4395,642.0,72700,88400,21.6,
week4,2026-08-03,09:26:19,UNDER急増,5132,1880.0,5500,10900,98.2,
week4,2026-08-03,09:26:19,UNDER急増,6433,851.0,25500,35500,39.2,
week4,2026-08-03,09:26:41,UNDER急増,4395,633.0,70100,86700,23.7,
week4,2026-08-03,09:26:57,小口売り連続/WATCH,2216,1080.0,,,,5
week4,2026-08-03,09:27:26,小口売り連続/WATCH,4446,818.0,,,,5
week4,2026-08-03,09:28:16,UNDER急増,6433,855.0,27300,37300,36.6,
week4,2026-08-03,09:28:21,小口売り連続/WATCH,5817,913.0,,,,5
week4,2026-08-03,09:28:31,小口売り連続/WATCH,4011,1880.0,,,,5
week4,2026-08-03,09:29:16,小口売り連続/WATCH,6217,675.0,,,,5
week4,2026-08-03,09:29:22,UNDER急増,6433,850.0,27500,37500,36.4,
week4,2026-08-03,09:29:47,UNDER急増,4395,630.0,58600,75900,29.5,
week4,2026-08-03,09:30:04,UNDER急増,6217,674.0,17600,32300,83.5,
week4,2026-08-03,09:30:05,小口売り連続/WATCH,9256,1315.0,,,,5
week4,2026-08-03,09:30:05,小口売り連続/WATCH,2216,1075.0,,,,5
week4,2026-08-03,09:30:13,小口売り連続/WATCH,9256,1315.0,,,,5
week4,2026-08-03,09:30:17,小口売り連続/STRONG,9256,1315.0,,,,10
week4,2026-08-03,09:30:20,UNDER急増,9235,474.0,19200,54700,184.9,
week4,2026-08-03,09:33:43,UNDER急増,4575,699.0,28400,56200,97.9,
week4,2026-08-03,09:34:00,UNDER急増,4395,631.0,60200,76000,26.2,
week4,2026-08-03,09:36:24,UNDER急増,4575,701.0,36700,65200,77.7,
week4,2026-08-03,09:36:43,小口売り連続/STRONG,4446,812.0,,,,10
week4,2026-08-03,09:44:02,小口売り連続/WATCH,4011,1863.0,,,,5
week4,2026-08-03,09:47:14,UNDER急増,2998,481.0,43300,78200,80.6,
week4,2026-08-03,09:58:36,UNDER急増,7794,827.0,63800,88600,38.9,
week4,2026-08-03,10:00:31,小口売り連続/WATCH,9130,1452.0,,,,5
week4,2026-08-03,10:04:49,UNDER急増,6228,545.0,40500,63800,57.5,
week4,2026-08-03,10:06:01,UNDER急増,6228,545.0,41200,66100,60.4,
week4,2026-08-03,10:13:32,小口売り連続/WATCH,5817,917.0,,,,5
week4,2026-08-03,10:14:36,小口売り連続/WATCH,4894,4435.0,,,,5
week4,2026-08-03,10:16:20,UNDER急増,6433,854.0,31400,40600,29.3,
week4,2026-08-03,10:16:37,小口売り連続/WATCH,6217,675.0,,,,5
week4,2026-08-03,10:16:58,UNDER急増,7373,935.0,33300,53400,60.4,
week4,2026-08-03,10:21:01,UNDER急増,9256,1258.0,42800,68900,61.0,
week4,2026-08-03,10:23:29,小口売り連続/WATCH,9256,1250.0,,,,5
week4,2026-08-03,10:24:12,UNDER急増,9256,1257.0,45700,71600,56.7,
week4,2026-08-03,10:25:27,UNDER急増,9256,1257.0,46100,72100,56.4,
week4,2026-08-03,10:26:43,UNDER急増,9256,1256.0,44500,70300,58.0,
week4,2026-08-03,10:29:17,UNDER急増,9256,1256.0,50200,76400,52.2,
week4,2026-08-03,10:33:07,小口売り連続/WATCH,6620,662.0,,,,5
week4,2026-08-03,10:45:32,UNDER急増,9130,1455.0,21600,30300,40.3,
week4,2026-08-03,10:45:53,UNDER急増,4013,712.0,18000,35900,99.4,
week4,2026-08-03,10:47:10,UNDER急増,4412,1107.0,21600,26100,20.8,
week4,2026-08-03,10:47:10,UNDER急増,4075,823.0,19300,24200,25.4,
week4,2026-08-03,10:54:29,小口売り連続/WATCH,5817,935.0,,,,5
week4,2026-08-03,10:58:08,小口売り連続/WATCH,4894,4475.0,,,,5
week4,2026-08-03,11:01:08,小口売り連続/WATCH,9256,1266.0,,,,5
week4,2026-08-03,11:25:09,小口売り連続/WATCH,5817,943.0,,,,5
week4,2026-08-03,11:27:23,小口売り連続/WATCH,2216,1088.0,,,,5
week4,2026-08-03,12:30:48,小口売り連続/WATCH,9256,1254.0,,,,5
week4,2026-08-03,12:34:10,UNDER急増,9256,1257.0,46800,72800,55.6,
week4,2026-08-03,12:38:28,UNDER急増,9256,1257.0,48100,75000,55.9,
week4,2026-08-03,12:55:49,小口売り連続/WATCH,1514,576.0,,,,5
week4,2026-08-03,13:03:08,UNDER急増,9130,1455.0,27900,36100,29.4,
week4,2026-08-03,13:03:24,小口売り連続/WATCH,5817,950.0,,,,5
week4,2026-08-03,13:05:09,小口売り連続/WATCH,9256,1272.0,,,,5
week4,2026-08-03,13:26:15,小口売り連続/WATCH,9256,1275.0,,,,5
week4,2026-08-03,13:30:43,UNDER急増,2998,480.0,45200,84200,86.3,
week4,2026-08-03,13:33:23,小口売り連続/WATCH,9256,1273.0,,,,5
week4,2026-08-03,13:33:26,UNDER急増,2998,480.0,46100,81000,75.7,
week4,2026-08-03,13:43:19,小口売り連続/WATCH,9256,1272.0,,,,5
week4,2026-08-03,13:45:16,小口売り連続/WATCH,5707,862.0,,,,5
week4,2026-08-03,13:45:50,小口売り連続/WATCH,6433,900.0,,,,5
week4,2026-08-03,13:47:39,UNDER急増,4446,792.0,22200,54800,146.8,
week4,2026-08-03,13:49:33,UNDER急増,4446,790.0,23500,56200,139.1,
week4,2026-08-03,14:01:36,小口売り連続/WATCH,5724,2311.0,,,,5
week4,2026-08-03,14:15:49,小口売り連続/WATCH,5817,941.0,,,,5
week4,2026-08-03,15:05:54,小口売り連続/WATCH,9256,1281.0,,,,5
week4,2026-08-03,15:07:08,小口売り連続/STRONG,9256,1280.0,,,,10
week4,2026-08-03,15:13:27,小口売り連続/WATCH,9130,1463.0,,,,5
week4,2026-08-03,15:23:02,小口売り連続/WATCH,1514,584.0,,,,5
week4,2026-08-03,15:24:13,小口売り連続/WATCH,7373,929.0,,,,5
week4,2026-08-03,15:24:59,小口売り連続/WATCH,7373,927.0,,,,5
week4,2026-08-04,09:00:20,投げ売り/買い気配へぶつけ,4813,346.0,,,,
week4,2026-08-04,09:01:06,UNDER急増,5590,660.0,40200,69000,71.6,
week4,2026-08-04,09:01:14,UNDER急増,7794,857.0,72000,96400,33.9,
week4,2026-08-04,09:01:22,UNDER急増,5892,2122.0,18300,23400,27.9,
week4,2026-08-04,09:01:23,UNDER急増,4165,559.0,101400,147600,45.6,
week4,2026-08-04,09:01:25,UNDER急増,9130,1460.0,19600,27400,39.8,
week4,2026-08-04,09:01:30,UNDER急増,4013,708.0,14800,33900,129.1,
week4,2026-08-04,09:01:33,UNDER急増,6228,553.0,39700,64100,61.5,
week4,2026-08-04,09:01:49,UNDER急増,4813,347.0,127600,203100,59.2,
week4,2026-08-04,09:01:57,UNDER急増,5597,1258.0,20700,27200,31.4,
week4,2026-08-04,09:02:24,UNDER急増,4165,562.0,108600,162500,49.6,
week4,2026-08-04,09:02:58,UNDER急増,2998,485.0,59600,95300,59.9,
week4,2026-08-04,09:03:01,UNDER急増,4570,947.0,31400,50600,61.1,
week4,2026-08-04,09:03:34,UNDER急増,9235,497.0,22900,27600,20.5,
week4,2026-08-04,09:03:36,UNDER急増,4418,783.0,34800,53500,53.7,
week4,2026-08-04,09:04:23,UNDER急増,4813,347.0,127200,219200,72.3,
week4,2026-08-04,09:05:10,UNDER急増,5729,1550.0,25700,31200,21.4,
week4,2026-08-04,09:05:33,UNDER急増,4412,1136.0,9900,14900,50.5,
week4,2026-08-04,09:10:03,UNDER急増,4412,1136.0,9900,12800,29.3,
week4,2026-08-04,09:10:10,UNDER急増,4840,533.0,13800,26000,88.4,
week4,2026-08-04,09:14:37,小口売り連続/WATCH,4013,714.0,,,,5
week4,2026-08-04,09:17:38,小口売り連続/WATCH,9256,1322.0,,,,5
week4,2026-08-04,09:20:01,UNDER急増,4813,346.0,89100,179000,100.9,
week4,2026-08-04,09:22:46,UNDER急増,5599,1085.0,19200,25900,34.9,
week4,2026-08-04,09:24:51,UNDER急増,4840,531.0,16400,28000,70.7,
week4,2026-08-04,09:26:43,小口売り連続/WATCH,3692,5390.0,,,,5
week4,2026-08-04,09:31:03,UNDER急増,4840,533.0,13700,25400,85.4,
week4,2026-08-04,09:34:16,小口売り連続/WATCH,2216,1061.0,,,,5
week4,2026-08-04,09:35:41,小口売り連続/WATCH,3692,5350.0,,,,5
week4,2026-08-04,09:36:35,UNDER急増,7794,854.0,76000,100400,32.1,
week4,2026-08-04,09:39:12,小口売り連続/WATCH,5707,896.0,,,,5
week4,2026-08-04,09:40:13,UNDER急増,2998,487.0,62500,95000,52.0,
week4,2026-08-04,09:41:22,UNDER急増,5817,954.0,24500,35900,46.5,
week4,2026-08-04,09:41:48,UNDER急増,7794,851.0,74500,98500,32.2,
week4,2026-08-04,09:44:37,小口売り連続/WATCH,9256,1328.0,,,,5
week4,2026-08-04,09:44:46,小口売り連続/WATCH,7373,936.0,,,,5
week4,2026-08-04,09:46:05,小口売り連続/WATCH,5707,899.0,,,,5
week4,2026-08-04,09:48:25,UNDER急増,3267,616.0,54700,72800,33.1,
week4,2026-08-04,09:53:35,UNDER急増,2998,487.0,64500,100200,55.3,
week4,2026-08-04,09:55:18,小口売り連続/WATCH,2998,487.0,,,,5
week4,2026-08-04,10:08:06,UNDER急増,3444,930.0,48400,159000,228.5,
week4,2026-08-04,10:13:18,UNDER急増,7794,857.0,78000,104200,33.6,
week4,2026-08-04,10:17:13,小口売り連続/WATCH,5707,896.0,,,,5
week4,2026-08-04,10:22:02,UNDER急増,4840,533.0,13200,25600,93.9,
week4,2026-08-04,10:22:59,小口売り連続/WATCH,4570,952.0,,,,5
week4,2026-08-04,10:37:23,UNDER急増,7794,857.0,77600,102000,31.4,
week4,2026-08-04,10:45:37,小口売り連続/WATCH,2216,1047.0,,,,5
week4,2026-08-04,10:45:45,小口売り連続/WATCH,5707,902.0,,,,5
week4,2026-08-04,10:59:31,小口売り連続/WATCH,4575,734.0,,,,5
week4,2026-08-04,11:10:36,小口売り連続/WATCH,4165,558.0,,,,5
week4,2026-08-04,11:26:10,小口売り連続/WATCH,4165,558.0,,,,5
week4,2026-08-04,11:28:34,小口売り連続/WATCH,7352,339.0,,,,5
week4,2026-08-04,11:30:01,小口売り連続/WATCH,4165,559.0,,,,5
week4,2026-08-04,12:26:20,UNDER急増,4412,1136.0,10700,13200,23.4,
week4,2026-08-04,12:26:40,UNDER急増,4446,810.0,24600,88300,258.9,
week4,2026-08-04,12:36:38,小口売り連続/WATCH,5724,2383.0,,,,5
week4,2026-08-04,12:39:09,小口売り連続/WATCH,9256,1313.0,,,,5
week4,2026-08-04,12:43:07,小口売り連続/WATCH,4418,792.0,,,,5
week4,2026-08-04,12:55:25,小口売り連続/WATCH,1514,598.0,,,,5
week4,2026-08-04,12:56:43,小口売り連続/WATCH,9115,846.0,,,,5
week4,2026-08-04,13:07:32,小口売り連続/WATCH,5031,330.0,,,,5
week4,2026-08-04,13:28:27,UNDER急増,3963,339.0,7500,43700,482.7,
week4,2026-08-04,13:35:52,UNDER急増,3963,339.0,7500,43700,482.7,
week4,2026-08-04,13:42:10,小口売り連続/WATCH,4418,788.0,,,,5
week4,2026-08-04,13:48:25,UNDER急増,9235,500.0,23000,57300,149.1,
week4,2026-08-04,13:54:17,小口売り連続/WATCH,1514,602.0,,,,5
week4,2026-08-04,14:00:17,UNDER急増,2998,482.0,52400,93000,77.5,
week4,2026-08-04,14:06:06,小口売り連続/WATCH,7352,341.0,,,,5
week4,2026-08-04,14:09:47,小口売り連続/WATCH,7794,878.0,,,,5
week4,2026-08-04,14:09:51,小口売り連続/WATCH,6047,365.0,,,,5
week4,2026-08-04,14:16:36,小口売り連続/WATCH,4418,787.0,,,,5
week4,2026-08-04,14:20:37,小口売り連続/WATCH,9115,849.0,,,,5
week4,2026-08-04,14:25:14,小口売り連続/WATCH,4418,787.0,,,,5
week4,2026-08-04,14:25:18,小口売り連続/WATCH,4165,561.0,,,,5
week4,2026-08-04,14:33:30,UNDER急増,2998,476.0,44700,84600,89.3,
week4,2026-08-04,14:39:45,小口売り連続/WATCH,3692,5330.0,,,,5
week4,2026-08-04,14:42:34,小口売り連続/WATCH,4418,785.0,,,,5
week4,2026-08-04,14:44:25,小口売り連続/WATCH,4165,562.0,,,,5
week4,2026-08-04,14:48:12,UNDER急増,2998,478.0,44800,85400,90.6,
week4,2026-08-04,14:51:02,小口売り連続/WATCH,3444,950.0,,,,5
week4,2026-08-04,15:03:38,UNDER急増,6228,546.0,32600,57900,77.6,
week4,2026-08-04,15:05:33,小口売り連続/WATCH,6433,949.0,,,,5
week4,2026-08-04,15:13:19,小口売り連続/WATCH,6217,758.0,,,,5
week4,2026-08-04,15:14:43,小口売り連続/WATCH,4165,561.0,,,,5
week4,2026-08-04,15:15:24,小口売り連続/WATCH,6217,757.0,,,,5
week4,2026-08-04,15:18:00,UNDER急増,3963,325.0,3100,5300,71.0,
week4,2026-08-04,15:20:31,小口売り連続/WATCH,3692,5300.0,,,,5
week4,2026-08-04,15:22:32,小口売り連続/WATCH,6047,364.0,,,,5
week4,2026-08-04,15:30:01,投げ売り/買い気配へぶつけ,6047,363.0,,,,
week4,2026-08-04,15:30:02,投げ売り/買い気配へぶつけ,4579,488.0,,,,
week4,2026-08-04,15:30:02,投げ売り/買い気配へぶつけ,4579,488.0,,,,
week4,2026-08-04,15:30:02,投げ売り/買い気配へぶつけ,4579,488.0,,,,
week4,2026-08-05,09:01:47,UNDER急増,6217,760.0,31800,45000,41.5,
week4,2026-08-05,09:02:02,UNDER急増,4570,966.0,38800,55200,42.3,
week4,2026-08-05,09:02:07,UNDER急増,4422,552.0,18700,40000,113.9,
week4,2026-08-05,09:02:53,UNDER急増,5892,2130.0,20000,25800,29.0,
week4,2026-08-05,09:03:01,UNDER急増,6620,688.0,43400,74600,71.9,
week4,2026-08-05,09:03:03,UNDER急増,5724,2389.0,17800,23300,30.9,
week4,2026-08-05,09:03:24,UNDER急増,4412,1145.0,13300,20400,53.4,
week4,2026-08-05,09:03:37,UNDER急増,6228,560.0,33700,58600,73.9,
week4,2026-08-05,09:03:47,UNDER急増,9235,495.0,25300,59600,135.6,
week4,2026-08-05,09:03:50,UNDER急増,9130,1506.0,24400,32300,32.4,
week4,2026-08-05,09:04:01,UNDER急増,9115,863.0,21900,32000,46.1,
week4,2026-08-05,09:04:39,UNDER急増,4579,491.0,44300,99300,124.2,
week4,2026-08-05,09:04:50,UNDER急増,9130,1505.0,24700,32600,32.0,
week4,2026-08-05,09:06:23,UNDER急増,5026,553.0,29000,42100,45.2,
week4,2026-08-05,09:06:45,UNDER急増,5597,1301.0,22200,27900,25.7,
week4,2026-08-05,09:07:00,UNDER急増,9130,1502.0,23500,31400,33.6,
week4,2026-08-05,09:07:29,UNDER急増,7352,345.0,90500,151100,67.0,
week4,2026-08-05,09:07:32,UNDER急増,2998,482.0,65400,105800,61.8,
week4,2026-08-05,09:07:42,小口売り連続/WATCH,9256,1383.0,,,,5
week4,2026-08-05,09:07:53,UNDER急増,3963,335.0,10800,46800,333.3,
week4,2026-08-05,09:09:24,UNDER急増,9130,1490.0,23100,32100,39.0,
week4,2026-08-05,09:10:06,UNDER急増,4840,529.0,13700,25400,85.4,
week4,2026-08-05,09:10:57,小口売り連続/WATCH,5707,929.0,,,,5
week4,2026-08-05,09:11:02,UNDER急増,6433,967.0,22700,31100,37.0,
week4,2026-08-05,09:12:58,UNDER急増,9115,857.0,22000,32500,47.7,
week4,2026-08-05,09:14:20,UNDER急増,3444,976.0,48600,98600,102.9,
week4,2026-08-05,09:15:27,UNDER急増,6228,564.0,34100,60500,77.4,
week4,2026-08-05,09:25:02,小口売り連続/WATCH,9256,1341.0,,,,5
week4,2026-08-05,09:26:10,小口売り連続/WATCH,9256,1345.0,,,,5
week4,2026-08-05,09:31:08,小口売り連続/WATCH,1514,597.0,,,,5
week4,2026-08-05,09:31:47,UNDER急増,9130,1503.0,28700,36600,27.5,
week4,2026-08-05,09:31:59,UNDER急増,6433,968.0,19600,29500,50.5,
week4,2026-08-05,09:34:06,小口売り連続/WATCH,5892,2165.0,,,,5
week4,2026-08-05,09:34:51,小口売り連続/WATCH,5707,930.0,,,,5
week4,2026-08-05,09:36:23,UNDER急増,3267,613.0,45700,62800,37.4,
week4,2026-08-05,09:36:56,UNDER急増,4446,809.0,60100,125000,108.0,
week4,2026-08-05,09:37:57,UNDER急増,4446,810.0,60800,126300,107.7,
week4,2026-08-05,09:39:07,小口売り連続/WATCH,4579,496.0,,,,5
week4,2026-08-05,09:40:22,投げ売り/投げ売り吸収,5817,1026.0,,,,
week4,2026-08-05,09:42:49,小口売り連続/WATCH,6217,766.0,,,,5
week4,2026-08-05,09:46:17,UNDER急増,3444,975.0,47700,59000,23.7,
week4,2026-08-05,09:51:01,UNDER急増,3444,975.0,66900,106900,59.8,
week4,2026-08-05,09:55:09,小口売り連続/WATCH,9256,1374.0,,,,5
week4,2026-08-05,09:55:28,小口売り連続/WATCH,5817,1020.0,,,,5
week4,2026-08-05,09:58:41,小口売り連続/WATCH,4894,4870.0,,,,5
week4,2026-08-05,10:04:02,小口売り連続/WATCH,5817,1018.0,,,,5
week4,2026-08-05,10:06:59,小口売り連続/WATCH,7352,353.0,,,,5
week4,2026-08-05,10:28:25,UNDER急増,4570,956.0,33100,50200,51.7,
week4,2026-08-05,10:28:49,小口売り連続/WATCH,5892,2174.0,,,,5
week4,2026-08-05,10:40:21,UNDER急増,9130,1495.0,24700,32600,32.0,
week4,2026-08-05,10:40:50,UNDER急増,3963,334.0,12000,48300,302.5,
week4,2026-08-05,10:41:21,UNDER急増,9130,1497.0,25300,33200,31.2,
week4,2026-08-05,10:41:32,小口売り連続/WATCH,6047,372.0,,,,5
week4,2026-08-05,10:46:34,小口売り連続/WATCH,6047,371.0,,,,5
week4,2026-08-05,10:48:33,小口売り連続/WATCH,1514,593.0,,,,5
week4,2026-08-05,11:04:20,小口売り連続/WATCH,5026,560.0,,,,5
week4,2026-08-05,11:23:45,UNDER急増,9130,1503.0,28800,37600,30.6,
week4,2026-08-05,12:28:01,UNDER急増,4840,528.0,11400,15900,39.5,
week4,2026-08-05,12:30:01,投げ売り/投げ売り吸収,7373,930.0,,,,
week4,2026-08-05,12:30:01,小口売り連続/WATCH,3653,673.0,,,,5
week4,2026-08-05,12:31:26,UNDER急増,9130,1499.0,29000,36900,27.2,
week4,2026-08-05,12:32:01,UNDER急増,4013,711.0,17100,35200,105.8,
week4,2026-08-05,12:32:28,UNDER急増,9130,1500.0,30500,38400,25.9,
week4,2026-08-05,12:39:57,UNDER急増,9130,1501.0,29400,37300,26.9,
week4,2026-08-05,12:40:14,小口売り連続/WATCH,5707,955.0,,,,5
week4,2026-08-05,12:51:10,UNDER急増,9130,1499.0,29400,37300,26.9,
week4,2026-08-05,12:52:28,UNDER急増,9130,1501.0,29900,37800,26.4,
week4,2026-08-05,12:54:53,小口売り連続/WATCH,3444,985.0,,,,5
week4,2026-08-05,13:05:02,小口売り連続/WATCH,4395,713.0,,,,5
week4,2026-08-05,13:27:13,小口売り連続/WATCH,9130,1498.0,,,,5
week4,2026-08-05,13:31:12,小口売り連続/WATCH,9256,1346.0,,,,5
week4,2026-08-05,13:41:24,UNDER急増,9130,1497.0,29100,37000,27.1,
week4,2026-08-05,13:44:18,小口売り連続/WATCH,2216,1066.0,,,,5
week4,2026-08-05,13:51:58,小口売り連続/WATCH,6047,373.0,,,,5
week4,2026-08-05,14:03:47,小口売り連続/WATCH,9115,872.0,,,,5
week4,2026-08-05,14:06:54,小口売り連続/WATCH,3653,670.0,,,,5
week4,2026-08-05,14:11:00,小口売り連続/WATCH,3692,5320.0,,,,5
week4,2026-08-05,14:30:09,小口売り連続/WATCH,6047,372.0,,,,5
week4,2026-08-05,14:31:26,小口売り連続/WATCH,3692,5350.0,,,,5
week4,2026-08-05,14:40:32,小口売り連続/WATCH,7794,895.0,,,,5
week4,2026-08-05,14:52:38,UNDER急増,6433,960.0,18800,28700,52.7,
week4,2026-08-05,14:52:56,小口売り連続/WATCH,3692,5350.0,,,,5
week4,2026-08-05,14:53:56,UNDER急増,6433,960.0,17400,27300,56.9,
week4,2026-08-05,14:54:23,小口売り連続/WATCH,3444,988.0,,,,5
week4,2026-08-05,14:58:13,小口売り連続/WATCH,7034,348.0,,,,5
week4,2026-08-05,15:01:20,小口売り連続/WATCH,4422,557.0,,,,5
week4,2026-08-05,15:09:28,小口売り連続/STRONG,3653,671.0,,,,10
week4,2026-08-05,15:17:10,小口売り連続/WATCH,4894,4945.0,,,,5
week4,2026-08-05,15:18:37,UNDER急増,9130,1478.0,26100,34000,30.3,
week4,2026-08-05,15:24:03,小口売り連続/WATCH,2216,1068.0,,,,5
week4,2026-08-05,15:24:28,小口売り連続/STRONG,2216,1066.0,,,,10
week4,2026-08-06,08:01:16,アルゴ買い集め(RSS)/WATCH,6047,378.0,,,,
week4,2026-08-06,08:01:16,アルゴ買い集め(RSS)/WATCH,4418,793.0,,,,
week4,2026-08-06,08:01:16,アルゴ買い集め(RSS)/WATCH,4446,823.0,,,,
week4,2026-08-06,09:01:02,UNDER急増,5590,698.0,33500,64100,91.3,
week4,2026-08-06,09:01:21,UNDER急増,4422,543.0,9300,11500,23.7,
week4,2026-08-06,09:01:34,UNDER急増,7375,1146.0,16700,23800,42.5,
week4,2026-08-06,09:01:42,UNDER急増,7794,880.0,64100,89500,39.6,
week4,2026-08-06,09:01:53,UNDER急増,4412,1150.0,12300,19100,55.3,
week4,2026-08-06,09:01:58,UNDER急増,4575,730.0,36900,65400,77.2,
week4,2026-08-06,09:02:04,UNDER急増,7373,936.0,26800,48600,81.3,
week4,2026-08-06,09:02:15,UNDER急増,4570,960.0,36800,55100,49.7,
week4,2026-08-06,09:02:24,UNDER急増,4422,543.0,12800,32300,152.3,
week4,2026-08-06,09:02:55,アルゴ買い集め(RSS)/WATCH,5707,958.0,,,,
week4,2026-08-06,09:03:23,投げ売り/買い気配へぶつけ,9256,1320.0,,,,
week4,2026-08-06,09:03:33,アルゴ買い集め(RSS)/WATCH,4813,389.0,,,,
week4,2026-08-06,09:03:35,UNDER急増,5724,2480.0,24100,29400,22.0,
week4,2026-08-06,09:04:37,アルゴ買い集め(RSS)/STRONG,4813,397.0,,,,
week4,2026-08-06,09:05:18,UNDER急増,4013,707.0,12900,31000,140.3,
week4,2026-08-06,09:06:27,UNDER急増,4013,707.0,14300,33600,135.0,
week4,2026-08-06,09:06:50,アルゴ買い集め(RSS)/WATCH,6433,1044.0,,,,
week4,2026-08-06,09:07:09,UNDER急増,6620,692.0,37500,70000,86.7,
week4,2026-08-06,09:07:10,アルゴ買い集め(RSS)/STRONG,6433,1054.0,,,,
week4,2026-08-06,09:07:40,UNDER急増,5026,569.0,24900,39200,57.4,
week4,2026-08-06,09:08:51,アルゴ買い集め(RSS)/STRONG,5707,983.0,,,,
week4,2026-08-06,09:09:11,アルゴ買い集め(RSS)/WATCH,9130,1490.0,,,,
week4,2026-08-06,09:10:40,小口売り連続/WATCH,6433,1063.0,,,,5
week4,2026-08-06,09:11:49,小口売り連続/WATCH,6433,1062.0,,,,5
week4,2026-08-06,09:15:36,UNDER急増,3267,620.0,57300,74000,29.1,
week4,2026-08-06,09:16:09,アルゴ買い集め(RSS)/WATCH,4013,723.0,,,,
week4,2026-08-06,09:16:27,UNDER急増,5599,1089.0,20600,28100,36.4,
week4,2026-08-06,09:17:01,小口売り連続/WATCH,5724,2494.0,,,,5
week4,2026-08-06,09:19:23,UNDER急増,6217,761.0,27300,40500,48.4,
week4,2026-08-06,09:19:27,小口売り連続/WATCH,5817,1011.0,,,,5
week4,2026-08-06,09:21:41,UNDER急増,4840,539.0,17800,29200,64.0,
week4,2026-08-06,09:23:11,UNDER急増,3963,341.0,12800,47400,270.3,
week4,2026-08-06,09:27:54,小口売り連続/WATCH,9130,1468.0,,,,5
week4,2026-08-06,09:28:55,UNDER急増,5724,2491.0,23600,29000,22.9,
week4,2026-08-06,09:30:05,UNDER急増,5724,2478.0,23300,28700,23.2,
week4,2026-08-06,09:32:27,UNDER急増,7794,881.0,76400,101500,32.9,
week4,2026-08-06,09:36:28,UNDER急増,3444,978.0,32100,46700,45.5,
week4,2026-08-06,09:37:43,UNDER急増,3444,975.0,29700,46200,55.6,
week4,2026-08-06,09:39:14,小口売り連続/WATCH,4813,426.0,,,,5
week4,2026-08-06,09:39:23,小口売り連続/WATCH,9235,505.0,,,,5
week4,2026-08-06,09:40:11,小口売り連続/WATCH,4813,427.0,,,,5
week4,2026-08-06,09:45:35,小口売り連続/WATCH,9130,1459.0,,,,5
week4,2026-08-06,09:48:03,UNDER急増,3444,978.0,66300,106300,60.3,
week4,2026-08-06,09:49:58,UNDER急増,5590,697.0,37400,66100,76.7,
week4,2026-08-06,09:51:30,小口売り連続/WATCH,4011,2062.0,,,,5
week4,2026-08-06,09:51:36,UNDER急増,7794,883.0,75600,100700,33.2,
week4,2026-08-06,09:55:25,小口売り連続/WATCH,6433,1015.0,,,,5
week4,2026-08-06,09:56:01,UNDER急増,6228,523.0,40600,67200,65.5,
week4,2026-08-06,10:03:39,UNDER急増,3963,332.0,10600,47200,345.3,
week4,2026-08-06,10:05:07,小口売り連続/WATCH,5724,2464.0,,,,5
week4,2026-08-06,10:13:23,小口売り連続/WATCH,3444,975.0,,,,5
week4,2026-08-06,10:14:14,小口売り連続/WATCH,7794,883.0,,,,5
week4,2026-08-06,10:20:22,UNDER急増,5026,568.0,23300,37600,61.4,
week4,2026-08-06,10:21:49,小口売り連続/WATCH,6433,1004.0,,,,5
week4,2026-08-06,10:22:14,UNDER急増,5132,1885.0,13500,18900,40.0,
week4,2026-08-06,10:23:01,小口売り連続/WATCH,9235,500.0,,,,5
week4,2026-08-06,10:25:11,小口売り連続/WATCH,9256,1352.0,,,,5
week4,2026-08-06,10:30:16,UNDER急増,3444,966.0,39600,69600,75.8,
week4,2026-08-06,10:33:18,UNDER急増,7794,878.0,79800,104900,31.5,
week4,2026-08-06,10:41:01,小口売り連続/WATCH,3653,676.0,,,,5
week4,2026-08-06,10:43:13,UNDER急増,5026,566.0,23300,38300,64.4,
week4,2026-08-06,10:43:28,アルゴ買い集め(RSS)/STRONG,4013,721.0,,,,
week4,2026-08-06,10:44:18,UNDER急増,9115,868.0,24900,34800,39.8,
week4,2026-08-06,10:44:23,小口売り連続/WATCH,9256,1372.0,,,,5
week4,2026-08-06,10:47:52,小口売り連続/WATCH,6433,989.0,,,,5
week4,2026-08-06,10:49:09,UNDER急増,5590,699.0,40200,68200,69.7,
week4,2026-08-06,10:50:10,UNDER急増,5590,699.0,37800,66500,75.9,
week4,2026-08-06,10:52:22,小口売り連続/WATCH,9130,1454.0,,,,5
week4,2026-08-06,10:57:34,小口売り連続/WATCH,9130,1442.0,,,,5
week4,2026-08-06,11:03:37,小口売り連続/WATCH,5707,957.0,,,,5
week4,2026-08-06,11:05:29,UNDER急増,4575,721.0,31700,61800,95.0,
week4,2026-08-06,11:08:01,UNDER急増,7794,875.0,80900,104100,28.7,
week4,2026-08-06,11:23:28,小口売り連続/WATCH,6433,1018.0,,,,5
week4,2026-08-06,12:27:27,UNDER急増,3963,332.0,11300,18700,65.5,
week4,2026-08-06,12:28:01,UNDER急増,4840,537.0,8800,13000,47.7,
week4,2026-08-06,12:30:01,小口売り連続/WATCH,4011,2064.0,,,,5
week4,2026-08-06,12:31:03,UNDER急増,9235,498.0,27100,61400,126.6,
week4,2026-08-06,12:31:15,UNDER急増,9115,860.0,21900,31800,45.2,
week4,2026-08-06,12:31:17,UNDER急増,6228,522.0,45000,69900,55.3,
week4,2026-08-06,12:32:01,UNDER急増,4840,541.0,14800,26900,81.8,
week4,2026-08-06,12:34:10,UNDER急増,7375,1137.0,14600,25800,76.7,
week4,2026-08-06,12:35:13,小口売り連続/WATCH,9235,497.0,,,,5
week4,2026-08-06,12:35:39,UNDER急増,9235,498.0,27900,64400,130.8,
week4,2026-08-06,12:44:56,UNDER急増,9130,1438.0,26300,34900,32.7,
week4,2026-08-06,12:45:40,UNDER急増,9235,498.0,28600,63600,122.4,
week4,2026-08-06,12:47:01,UNDER急増,6228,521.0,41500,67600,62.9,
week4,2026-08-06,12:48:47,小口売り連続/WATCH,9256,1358.0,,,,5
week4,2026-08-06,12:59:00,UNDER急増,9235,497.0,29300,65000,121.8,
week4,2026-08-06,13:01:23,アルゴ買い集め(RSS)/WATCH,4575,728.0,,,,
week4,2026-08-06,13:01:34,UNDER急増,3444,974.0,112800,162800,44.3,
week4,2026-08-06,13:01:41,小口売り連続/WATCH,5729,1525.0,,,,5
week4,2026-08-06,13:01:54,UNDER急増,9130,1444.0,29000,36800,26.9,
week4,2026-08-06,13:02:50,小口売り連続/WATCH,5026,566.0,,,,5
week4,2026-08-06,13:02:58,小口売り連続/WATCH,5597,1299.0,,,,5
week4,2026-08-06,13:04:05,UNDER急増,9235,495.0,29400,64300,118.7,
week4,2026-08-06,13:04:54,小口売り連続/WATCH,5892,2218.0,,,,5
week4,2026-08-06,13:06:59,UNDER急増,5132,1864.0,14100,19700,39.7,
week4,2026-08-06,13:09:35,UNDER急増,9235,492.0,31500,65000,106.3,
week4,2026-08-06,13:14:25,UNDER急増,9130,1441.0,25800,33600,30.2,
week4,2026-08-06,13:16:17,アルゴ買い集め(RSS)/WATCH,5729,1516.0,,,,
week4,2026-08-06,13:16:25,UNDER急増,9130,1438.0,27400,35200,28.5,
week4,2026-08-06,13:20:24,小口売り連続/WATCH,9256,1345.0,,,,5
week4,2026-08-06,13:22:51,小口売り連続/WATCH,9256,1341.0,,,,5
week4,2026-08-06,13:28:07,小口売り連続/WATCH,6433,1013.0,,,,5
week4,2026-08-06,13:32:40,小口売り連続/WATCH,6433,1011.0,,,,5
week4,2026-08-06,13:34:44,アルゴ買い集め(RSS)/WATCH,1514,591.0,,,,
week4,2026-08-06,13:35:21,小口売り連続/WATCH,7794,875.0,,,,5
week4,2026-08-06,13:46:06,UNDER急増,4395,698.0,37400,53800,43.9,
week4,2026-08-06,13:49:26,UNDER急増,7794,873.0,80400,105500,31.2,
week4,2026-08-06,13:50:24,小口売り連続/WATCH,9256,1335.0,,,,5
week4,2026-08-06,13:51:19,小口売り連続/WATCH,3692,5250.0,,,,5
week4,2026-08-06,13:54:49,UNDER急増,9130,1431.0,24600,31200,26.8,
week4,2026-08-06,13:55:28,アルゴ買い集め(RSS)/STRONG,9130,1435.0,,,,
week4,2026-08-06,14:01:15,UNDER急増,5707,944.0,49100,76300,55.4,
week4,2026-08-06,14:02:16,UNDER急増,5707,943.0,52100,79000,51.6,
week4,2026-08-06,14:22:16,小口売り連続/WATCH,6217,769.0,,,,5
week4,2026-08-06,14:23:33,投げ売り/買い気配へぶつけ,5817,999.0,,,,
week4,2026-08-06,14:24:17,UNDER急増,5817,1000.0,27600,37900,37.3,
week4,2026-08-06,14:25:25,UNDER急増,5817,1003.0,27800,38800,39.6,
week4,2026-08-06,14:42:20,小口売り連続/WATCH,6217,762.0,,,,5
week4,2026-08-06,14:51:09,小口売り連続/WATCH,6433,1024.0,,,,5
week4,2026-08-06,15:03:06,アルゴ買い集め(RSS)/WATCH,5724,2448.0,,,,
week4,2026-08-06,15:04:04,小口売り連続/WATCH,4075,849.0,,,,5
week4,2026-08-06,15:04:35,小口売り連続/WATCH,9256,1343.0,,,,5
week4,2026-08-06,15:12:10,アルゴ買い集め(RSS)/WATCH,5590,686.0,,,,
week4,2026-08-06,15:12:34,小口売り連続/WATCH,4813,421.0,,,,5
week4,2026-08-06,15:13:57,アルゴ買い集め(RSS)/WATCH,7794,876.0,,,,
week4,2026-08-06,15:14:19,UNDER急増,5132,1867.0,17100,22500,31.6,
week4,2026-08-06,15:17:09,アルゴ買い集め(RSS)/WATCH,9256,1339.0,,,,
week4,2026-08-06,15:17:57,UNDER急増,4395,700.0,35700,51400,44.0,
week4,2026-08-06,15:22:16,小口売り連続/WATCH,5724,2440.0,,,,5
week4,2026-08-06,15:24:09,UNDER急増,4446,810.0,51600,116000,124.8,
week4,2026-08-06,15:25:01,小口売り連続/WATCH,5707,952.0,,,,5
week4,2026-08-07,08:51:47,アルゴ買い集め(RSS)/WATCH,6047,378.0,,,,
week4,2026-08-07,08:51:48,アルゴ買い集め(RSS)/WATCH,6217,780.0,,,,
week4,2026-08-07,08:51:48,アルゴ買い集め(RSS)/WATCH,6433,1031.0,,,,
week4,2026-08-07,08:51:48,アルゴ買い集め(RSS)/WATCH,7794,876.0,,,,
week4,2026-08-07,08:51:48,アルゴ買い集め(RSS)/WATCH,5724,2448.0,,,,
week4,2026-08-07,08:51:48,アルゴ買い集め(RSS)/WATCH,1514,595.0,,,,
week4,2026-08-07,08:51:48,アルゴ買い集め(RSS)/WATCH,5707,950.0,,,,
week4,2026-08-07,08:51:48,アルゴ買い集め(RSS)/STRONG,5707,957.0,,,,
week4,2026-08-07,08:51:48,アルゴ買い集め(RSS)/WATCH,4813,424.0,,,,
week4,2026-08-07,08:51:48,アルゴ買い集め(RSS)/STRONG,4813,421.0,,,,
week4,2026-08-07,08:51:48,アルゴ買い集め(RSS)/WATCH,5590,686.0,,,,
week4,2026-08-07,08:51:48,アルゴ買い集め(RSS)/WATCH,4013,723.0,,,,
week4,2026-08-07,08:51:48,アルゴ買い集め(RSS)/STRONG,4013,721.0,,,,
week4,2026-08-07,09:01:06,UNDER急増,6217,757.0,27900,40000,43.4,
week4,2026-08-07,09:01:06,UNDER急増,6047,370.0,136700,214900,57.2,
week4,2026-08-07,09:01:14,UNDER急増,5707,952.0,63500,90400,42.4,
week4,2026-08-07,09:01:17,UNDER急増,4422,552.0,14200,36400,156.3,
week4,2026-08-07,09:01:38,UNDER急増,7375,1146.0,18700,24500,31.0,
week4,2026-08-07,09:01:40,UNDER急増,7373,920.0,26100,50300,92.7,
week4,2026-08-07,09:01:40,UNDER急増,4579,517.0,60900,108100,77.5,
week4,2026-08-07,09:01:49,UNDER急増,3444,982.0,33100,47400,43.2,
week4,2026-08-07,09:02:02,UNDER急増,3653,676.0,6900,8400,21.7,
week4,2026-08-07,09:02:05,UNDER急増,4446,815.0,58200,122400,110.3,
week4,2026-08-07,09:02:16,UNDER急増,9115,877.0,23100,33000,42.9,
week4,2026-08-07,09:03:32,小口売り連続/WATCH,7794,871.0,,,,5
week4,2026-08-07,09:03:53,小口売り連続/WATCH,2998,490.0,,,,5
week4,2026-08-07,09:04:08,UNDER急増,4813,409.0,164900,227400,37.9,
week4,2026-08-07,09:06:01,UNDER急増,4418,785.0,39200,57900,47.7,
week4,2026-08-07,09:06:05,UNDER急増,4813,405.0,139500,211800,51.8,
week4,2026-08-07,09:06:14,小口売り連続/WATCH,6047,369.0,,,,5
week4,2026-08-07,09:06:33,UNDER急増,5707,953.0,61200,82100,34.2,
week4,2026-08-07,09:06:35,UNDER急増,5817,978.0,17700,28800,62.7,
week4,2026-08-07,09:06:42,UNDER急増,7352,346.0,73300,134200,83.1,
week4,2026-08-07,09:06:49,UNDER急増,4013,732.0,13800,31200,126.1,
week4,2026-08-07,09:07:08,UNDER急増,3692,5150.0,26000,31400,20.8,
week4,2026-08-07,09:07:12,UNDER急増,4446,817.0,59300,123700,108.6,
week4,2026-08-07,09:07:20,UNDER急増,6217,748.0,31800,44600,40.3,
week4,2026-08-07,09:07:35,UNDER急増,5707,950.0,51800,78800,52.1,
week4,2026-08-07,09:07:38,UNDER急増,5817,985.0,23400,34500,47.4,
week4,2026-08-07,09:08:20,UNDER急増,6217,736.0,31300,45200,44.4,
week4,2026-08-07,09:08:22,UNDER急増,4813,401.0,151200,214700,42.0,
week4,2026-08-07,09:08:23,UNDER急増,5132,1910.0,8000,16900,111.2,
week4,2026-08-07,09:08:39,UNDER急増,5707,948.0,51300,78400,52.8,
week4,2026-08-07,09:09:15,UNDER急増,9235,499.0,32400,65800,103.1,
week4,2026-08-07,09:09:25,UNDER急増,5132,1890.0,10200,16000,56.9,
week4,2026-08-07,09:09:31,UNDER急増,6217,738.0,34100,46900,37.5,
week4,2026-08-07,09:10:01,UNDER急増,4395,684.0,27500,44700,62.5,
week4,2026-08-07,09:10:05,小口売り連続/WATCH,9130,1441.0,,,,5
week4,2026-08-07,09:12:02,UNDER急増,4395,677.0,26200,42700,63.0,
week4,2026-08-07,09:12:41,UNDER急増,5724,2450.0,22500,28000,24.4,
week4,2026-08-07,09:12:47,UNDER急増,4412,1155.0,13200,18700,41.7,
week4,2026-08-07,09:13:45,UNDER急増,7352,346.0,76400,135400,77.2,
week4,2026-08-07,09:14:22,UNDER急増,5590,689.0,34200,62200,81.9,
week4,2026-08-07,09:14:56,UNDER急増,5026,565.0,24500,37100,51.4,
week4,2026-08-07,09:15:02,UNDER急増,7375,1124.0,18200,24000,31.9,
week4,2026-08-07,09:16:31,UNDER急増,9256,1304.0,55700,67300,20.8,
week4,2026-08-07,09:17:52,UNDER急増,5590,682.0,35900,62200,73.3,
week4,2026-08-07,09:19:06,小口売り連続/WATCH,5724,2431.0,,,,5
week4,2026-08-07,09:19:45,UNDER急増,9235,499.0,32300,66500,105.9,
week4,2026-08-07,09:20:49,UNDER急増,5707,954.0,67400,94400,40.1,
week4,2026-08-07,09:21:31,UNDER急増,3963,343.0,21800,56100,157.3,
week4,2026-08-07,09:26:44,UNDER急増,7352,348.0,77100,135400,75.6,
week4,2026-08-07,09:28:01,小口売り連続/WATCH,6433,990.0,,,,5
week4,2026-08-07,09:31:16,UNDER急増,6433,988.0,32000,42000,31.2,
week4,2026-08-07,09:32:20,小口売り連続/WATCH,5707,957.0,,,,5
week4,2026-08-07,09:37:35,UNDER急増,9130,1448.0,35500,43300,22.0,
week4,2026-08-07,09:46:28,小口売り連続/WATCH,3963,340.0,,,,5
week4,2026-08-07,09:49:13,小口売り連続/WATCH,6217,730.0,,,,5
week4,2026-08-07,09:49:35,UNDER急増,5707,954.0,67200,94100,40.0,
week4,2026-08-07,09:50:19,UNDER急増,7794,860.0,73700,99300,34.7,
week4,2026-08-07,09:50:42,小口売り連続/WATCH,1514,606.0,,,,5
week4,2026-08-07,09:53:17,UNDER急増,3444,960.0,28200,42500,50.7,
week4,2026-08-07,10:02:13,小口売り連続/WATCH,5817,976.0,,,,5
week4,2026-08-07,10:05:28,小口売り連続/WATCH,4013,711.0,,,,5
week4,2026-08-07,10:11:56,UNDER急増,3444,960.0,43000,113000,162.8,
week4,2026-08-07,10:14:24,UNDER急増,5599,1093.0,23400,32000,36.8,
week4,2026-08-07,10:20:29,小口売り連続/WATCH,4418,768.0,,,,5
week4,2026-08-07,10:21:15,小口売り連続/WATCH,5591,803.0,,,,5
week4,2026-08-07,10:23:54,小口売り連続/WATCH,4013,712.0,,,,5
week4,2026-08-07,10:26:23,UNDER急増,6217,732.0,34100,48400,41.9,
week4,2026-08-07,10:28:59,UNDER急増,7794,857.0,76300,101900,33.6,
week4,2026-08-07,10:31:09,UNDER急増,7794,856.0,74300,99900,34.5,
week4,2026-08-07,10:34:06,UNDER急増,4813,400.0,143500,220300,53.5,
week4,2026-08-07,10:34:06,小口売り連続/WATCH,9130,1453.0,,,,5
week4,2026-08-07,10:34:36,小口売り連続/WATCH,5597,1266.0,,,,5
week4,2026-08-07,10:37:05,小口売り連続/WATCH,4412,1137.0,,,,5
week4,2026-08-07,10:37:14,小口売り連続/WATCH,4840,532.0,,,,5
week4,2026-08-07,10:39:30,UNDER急増,9235,497.0,31000,65100,110.0,
week4,2026-08-07,10:40:07,UNDER急増,9130,1441.0,33600,41600,23.8,
week4,2026-08-07,10:41:10,UNDER急増,9130,1439.0,34100,41300,21.1,
week4,2026-08-07,10:41:23,UNDER急増,3444,944.0,42300,102300,141.8,
week4,2026-08-07,10:41:59,UNDER急増,6217,727.0,33500,46300,38.2,
week4,2026-08-07,10:44:22,小口売り連続/WATCH,5597,1254.0,,,,5
week4,2026-08-07,10:46:22,小口売り連続/WATCH,4446,804.0,,,,5
week4,2026-08-07,10:47:25,UNDER急増,7794,843.0,71600,96600,34.9,
week4,2026-08-07,10:48:19,小口売り連続/WATCH,4013,709.0,,,,5
week4,2026-08-07,10:52:01,小口売り連続/WATCH,4422,535.0,,,,5
week4,2026-08-07,10:57:12,小口売り連続/WATCH,5707,942.0,,,,5
week4,2026-08-07,11:01:26,UNDER急増,3444,943.0,42900,62900,46.6,
week4,2026-08-07,11:01:53,小口売り連続/WATCH,4011,2010.0,,,,5
week4,2026-08-07,11:08:39,UNDER急増,4418,768.0,34400,53100,54.4,
week4,2026-08-07,11:10:35,UNDER急増,3444,946.0,45900,95900,108.9,
week4,2026-08-07,12:13:20,UNDER急増,4418,769.0,700,1800,157.1,
week4,2026-08-07,12:14:51,UNDER急増,4418,769.0,800,1400,75.0,
week4,2026-08-07,12:17:00,UNDER急増,4418,769.0,1900,6800,257.9,
week4,2026-08-07,12:23:35,UNDER急増,4418,769.0,6700,8100,20.9,
week4,2026-08-07,12:25:16,UNDER急増,4418,769.0,8400,11300,34.5,
week4,2026-08-07,12:26:14,UNDER急増,3963,341.0,11400,18700,64.0,
week4,2026-08-07,12:29:43,UNDER急増,4422,539.0,12400,16500,33.1,
week4,2026-08-07,12:30:57,小口売り連続/WATCH,5724,2424.0,,,,5
week4,2026-08-07,12:31:03,UNDER急増,9130,1433.0,33000,40700,23.3,
week4,2026-08-07,12:31:04,UNDER急増,7352,348.0,77400,137600,77.8,
week4,2026-08-07,12:31:11,UNDER急増,4395,676.0,34900,51400,47.3,
week4,2026-08-07,12:32:30,小口売り連続/WATCH,4165,586.0,,,,5
week4,2026-08-07,12:32:37,UNDER急増,4418,760.0,39300,60600,54.2,
week4,2026-08-07,12:32:37,UNDER急増,5599,1072.0,22400,29300,30.8,
week4,2026-08-07,12:38:34,UNDER急増,4011,2017.0,18300,24000,31.1,
week4,2026-08-07,12:38:55,UNDER急増,4075,835.0,10600,14700,38.7,
week4,2026-08-07,12:40:31,小口売り連続/WATCH,3692,5180.0,,,,5
week4,2026-08-07,12:40:31,小口売り連続/WATCH,4165,582.0,,,,5
week4,2026-08-07,12:40:42,UNDER急増,9115,862.0,18100,31500,74.0,
week4,2026-08-07,12:41:08,小口売り連続/WATCH,4813,379.0,,,,5
week4,2026-08-07,12:41:27,UNDER急増,4412,1134.0,13600,19900,46.3,
week4,2026-08-07,12:42:45,小口売り連続/WATCH,9256,1329.0,,,,5
week4,2026-08-07,12:43:15,UNDER急増,5132,1840.0,8700,20000,129.9,
week4,2026-08-07,12:45:24,UNDER急増,9235,497.0,28200,64000,127.0,
week4,2026-08-07,12:45:46,小口売り連続/WATCH,5132,1841.0,,,,5
week4,2026-08-07,12:50:55,UNDER急増,5591,795.0,9900,15100,52.5,
week4,2026-08-07,13:08:54,小口売り連続/WATCH,2998,489.0,,,,5
week4,2026-08-07,13:19:30,UNDER急増,6433,993.0,34500,47100,36.5,
week4,2026-08-07,13:30:32,小口売り連続/WATCH,4165,582.0,,,,5
week4,2026-08-07,13:31:06,小口売り連続/WATCH,4418,757.0,,,,5
week4,2026-08-07,13:31:06,アルゴ買い集め(RSS)/WATCH,4575,736.0,,,,
week4,2026-08-07,13:35:58,アルゴ買い集め(RSS)/WATCH,4579,520.0,,,,
week4,2026-08-07,13:39:28,小口売り連続/STRONG,4165,581.0,,,,10
week4,2026-08-07,13:52:59,UNDER急増,4813,371.0,111700,156700,40.3,
week4,2026-08-07,13:54:28,UNDER急増,4813,371.0,111700,156700,40.3,
week4,2026-08-07,13:55:43,UNDER急増,4813,371.0,111700,156900,40.5,
week4,2026-08-07,13:57:07,UNDER急増,4813,371.0,111700,156900,40.5,
week4,2026-08-07,13:58:19,UNDER急増,4813,371.0,111600,156800,40.5,
week4,2026-08-07,13:59:24,UNDER急増,4813,371.0,111700,156900,40.5,
week4,2026-08-07,14:01:07,UNDER急増,4813,372.0,111900,157100,40.4,
week4,2026-08-07,14:02:50,UNDER急増,6620,651.0,6800,9900,45.6,
week4,2026-08-07,14:05:50,UNDER急増,6620,651.0,7400,13600,83.8,
week4,2026-08-07,14:07:17,UNDER急増,6620,644.0,6700,9800,46.3,
week4,2026-08-07,14:09:48,アルゴ買い集め(RSS)/WATCH,5729,1650.0,,,,
week4,2026-08-07,14:09:54,小口売り連続/WATCH,5817,985.0,,,,5
week4,2026-08-07,14:11:23,UNDER急増,6620,650.0,9500,19200,102.1,
week4,2026-08-07,14:13:55,小口売り連続/WATCH,6047,366.0,,,,5
week4,2026-08-07,14:20:17,小口売り連続/WATCH,4165,581.0,,,,5
week4,2026-08-07,14:21:51,アルゴ買い集め(RSS)/WATCH,5817,1000.0,,,,
week4,2026-08-07,14:22:01,UNDER急増,4813,371.0,111900,157400,40.7,
week4,2026-08-07,14:22:45,小口売り連続/WATCH,5597,1274.0,,,,5
week4,2026-08-07,14:23:03,小口売り連続/WATCH,2998,498.0,,,,5
week4,2026-08-07,14:24:54,UNDER急増,5026,563.0,17100,37800,121.1,
week4,2026-08-07,14:25:35,UNDER急増,4813,371.0,112000,156800,40.0,
week4,2026-08-07,14:26:31,小口売り連続/WATCH,6047,366.0,,,,5
week4,2026-08-07,14:30:50,UNDER急増,4813,371.0,112000,156900,40.1,
week4,2026-08-07,14:39:23,小口売り連続/WATCH,7375,1119.0,,,,5
week4,2026-08-07,14:40:07,小口売り連続/WATCH,6047,367.0,,,,5
week4,2026-08-07,14:40:22,UNDER急増,6620,650.0,10900,14000,28.4,
week4,2026-08-07,14:40:25,小口売り連続/WATCH,5132,1854.0,,,,5
week4,2026-08-07,14:47:01,小口売り連続/WATCH,5026,562.0,,,,5
week4,2026-08-07,14:51:25,小口売り連続/WATCH,4165,581.0,,,,5
week4,2026-08-07,15:15:06,小口売り連続/WATCH,3653,674.0,,,,5
week4,2026-08-07,15:16:13,小口売り連続/WATCH,6433,935.0,,,,5
week4,2026-08-07,15:16:24,アルゴ買い集め(RSS)/WATCH,7373,913.0,,,,
week4,2026-08-07,15:21:20,UNDER急増,5892,2191.0,20900,26900,28.7,
week4,2026-08-07,15:22:07,アルゴ買い集め(RSS)/WATCH,9256,1359.0,,,,
week4,2026-08-07,15:25:02,アルゴ買い集め(RSS)/STRONG,7794,870.0,,,,
week4,2026-08-07,15:26:03,UNDER急増,7373,913.0,11600,17200,48.3,
