kind,level,date,time,symbol,price,v1
UNDER急増,,2026-09-01,09:02:02,5590,704.0,93.3
UNDER急増,,2026-09-01,09:02:04,5034,2344.0,32.2
UNDER急増,,2026-09-01,09:02:13,2998,573.0,56.5
UNDER急増,,2026-09-01,09:02:25,4395,739.0,70.8
UNDER急増,,2026-09-01,09:02:26,4199,832.0,121.2
UNDER急増,,2026-09-01,09:03:00,7794,983.0,20.1
UNDER急増,,2026-09-01,09:03:05,9256,1177.0,31.1
UNDER急増,,2026-09-01,09:03:05,4288,455.0,22.2
UNDER急増,,2026-09-01,09:03:09,4422,626.0,31.5
UNDER急増,,2026-09-01,09:03:15,5034,2344.0,30.9
UNDER急増,,2026-09-01,09:03:28,3803,610.0,25.4
UNDER急増,,2026-09-01,09:03:38,6217,831.0,42.1
小口売り連続,WATCH,2026-09-01,09:04:00,5707,1075.0,5
UNDER急増,,2026-09-01,09:04:48,5034,2320.0,33.3
UNDER急増,,2026-09-01,09:04:59,4288,455.0,24.2
UNDER急増,,2026-09-01,09:05:07,4199,816.0,91.3
UNDER急増,,2026-09-01,09:05:23,6580,918.0,36.6
UNDER急増,,2026-09-01,09:05:41,6433,1140.0,21.3
UNDER急増,,2026-09-01,09:07:16,4288,456.0,22.0
UNDER急増,,2026-09-01,09:07:28,5590,699.0,102.8
UNDER急増,,2026-09-01,09:07:40,9238,395.0,500.0
UNDER急増,,2026-09-01,09:08:31,3963,355.0,100.0
UNDER急増,,2026-09-01,09:08:41,9238,395.0,37.7
UNDER急増,,2026-09-01,09:11:03,3449,3945.0,30.4
UNDER急増,,2026-09-01,09:11:15,4288,455.0,22.2
小口売り連続,WATCH,2026-09-01,09:13:37,5597,1437.0,5
UNDER急増,,2026-09-01,09:14:26,4288,455.0,27.3
小口売り連続,WATCH,2026-09-01,09:14:54,4570,1048.0,5
UNDER急増,,2026-09-01,09:15:23,3803,613.0,25.5
UNDER急増,,2026-09-01,09:15:36,9238,396.0,20.2
UNDER急増,,2026-09-01,09:15:42,4013,677.0,101.5
UNDER急増,,2026-09-01,09:17:06,4889,1278.0,26.1
小口売り連続,WATCH,2026-09-01,09:19:19,6433,1175.0,5
UNDER急増,,2026-09-01,09:19:56,4288,455.0,23.8
小口売り連続,WATCH,2026-09-01,09:21:10,4840,847.0,5
小口売り連続,WATCH,2026-09-01,09:27:49,2998,571.0,5
定期買い集め,WATCH,2026-09-01,09:28:48,4013,,7.8
小口売り連続,WATCH,2026-09-01,09:29:35,6433,1152.0,5
小口売り連続,WATCH,2026-09-01,09:33:51,3692,5710.0,5
小口売り連続,WATCH,2026-09-01,09:36:03,3692,5680.0,5
小口売り連続,WATCH,2026-09-01,09:38:05,4414,1153.0,5
小口売り連続,WATCH,2026-09-01,09:38:06,1885,2136.0,5
小口売り連続,WATCH,2026-09-01,09:38:32,4840,762.0,5
小口売り連続,WATCH,2026-09-01,09:43:50,4840,770.0,5
小口売り連続,WATCH,2026-09-01,09:44:47,6433,1136.0,5
小口売り連続,WATCH,2026-09-01,09:45:05,5034,2311.0,5
UNDER急増,,2026-09-01,09:50:28,9238,390.0,78.1
小口売り連続,WATCH,2026-09-01,09:53:20,5597,1406.0,5
UNDER急増,,2026-09-01,09:58:54,3803,609.0,55.2
小口売り連続,WATCH,2026-09-01,09:59:20,6433,1140.0,5
小口売り連続,WATCH,2026-09-01,10:01:13,5287,875.0,5
小口売り連続,WATCH,2026-09-01,10:02:55,9337,1441.0,5
小口売り連続,WATCH,2026-09-01,10:03:44,4840,769.0,5
UNDER急増,,2026-09-01,10:06:31,4263,451.0,34.0
小口売り連続,WATCH,2026-09-01,10:24:01,5599,1007.0,5
小口売り連続,WATCH,2026-09-01,10:24:28,3449,3985.0,5
UNDER急増,,2026-09-01,10:28:39,6228,490.0,98.9
UNDER急増,,2026-09-01,10:34:34,3449,3940.0,24.6
UNDER急増,,2026-09-01,10:47:05,5591,880.0,24.3
UNDER急増,,2026-09-01,10:47:08,4288,455.0,28.5
UNDER急増,,2026-09-01,10:47:12,5817,1043.0,21.0
小口売り連続,WATCH,2026-09-01,10:49:16,6433,1123.0,5
UNDER急増,,2026-09-01,10:57:55,5599,998.0,48.6
小口売り連続,WATCH,2026-09-01,11:12:01,4840,758.0,5
UNDER急増,,2026-09-01,11:12:02,6217,822.0,80.5
UNDER急増,,2026-09-01,11:22:51,5599,998.0,38.2
小口売り連続,WATCH,2026-09-01,11:30:03,5599,998.0,5
UNDER急増,,2026-09-01,12:25:57,5817,1035.0,41.3
UNDER急増,,2026-09-01,12:26:24,4013,677.0,20.9
小口売り連続,WATCH,2026-09-01,12:30:08,5132,2023.0,5
UNDER急増,,2026-09-01,12:31:14,6228,488.0,68.6
UNDER急増,,2026-09-01,12:32:03,6580,905.0,42.9
UNDER急増,,2026-09-01,12:32:03,3963,353.0,110.8
UNDER急増,,2026-09-01,12:33:25,5599,1000.0,39.4
UNDER急増,,2026-09-01,12:34:50,9256,1146.0,35.7
UNDER急増,,2026-09-01,12:35:59,3930,761.0,147.2
UNDER急増,,2026-09-01,12:47:23,3747,433.0,126.4
UNDER急増,,2026-09-01,12:48:03,6217,821.0,61.0
小口売り連続,WATCH,2026-09-01,12:52:55,4288,458.0,5
小口売り連続,WATCH,2026-09-01,12:55:52,4013,676.0,5
小口売り連続,WATCH,2026-09-01,12:57:06,1514,660.0,5
小口売り連続,WATCH,2026-09-01,13:04:24,4840,777.0,5
小口売り連続,WATCH,2026-09-01,13:09:50,4570,1049.0,5
UNDER急増,,2026-09-01,13:11:52,5034,2326.0,52.0
UNDER急増,,2026-09-01,13:16:42,5034,2304.0,31.4
小口売り連続,WATCH,2026-09-01,13:19:36,4013,673.0,5
小口売り連続,WATCH,2026-09-01,13:24:19,4840,806.0,5
小口売り連続,WATCH,2026-09-01,13:29:05,6433,1094.0,5
小口売り連続,WATCH,2026-09-01,13:29:05,5707,1097.0,5
小口売り連続,WATCH,2026-09-01,13:29:15,4840,834.0,5
小口売り連続,WATCH,2026-09-01,13:33:45,4013,673.0,5
UNDER急増,,2026-09-01,13:42:33,4422,587.0,40.5
小口売り連続,WATCH,2026-09-01,13:44:32,6217,825.0,5
小口売り連続,WATCH,2026-09-01,13:45:06,5262,1157.0,5
小口売り連続,WATCH,2026-09-01,13:45:14,5597,1383.0,5
小口売り連続,WATCH,2026-09-01,13:47:49,4840,782.0,5
UNDER急増,,2026-09-01,13:52:10,3747,434.0,24.9
小口売り連続,WATCH,2026-09-01,13:55:51,4840,801.0,5
小口売り連続,WATCH,2026-09-01,14:00:19,6433,1092.0,5
定期買い集め,STRONG,2026-09-01,14:07:09,4013,,10.1
UNDER急増,,2026-09-01,14:10:20,4013,675.0,102.1
小口売り連続,WATCH,2026-09-01,14:25:49,4840,799.0,5
小口売り連続,WATCH,2026-09-01,14:49:32,4570,1067.0,5
小口売り連続,WATCH,2026-09-01,14:49:56,1514,662.0,5
小口売り連続,WATCH,2026-09-01,14:55:09,9337,1461.0,5
小口売り連続,WATCH,2026-09-01,14:58:52,5707,1106.0,5
小口売り連続,WATCH,2026-09-01,15:05:18,6433,1129.0,5
UNDER急増,,2026-09-01,15:07:37,3963,351.0,126.9
小口売り連続,WATCH,2026-09-01,15:08:47,4013,675.0,5
小口売り連続,WATCH,2026-09-01,15:12:30,6620,704.0,5
小口売り連続,WATCH,2026-09-01,15:17:45,1514,662.0,5
小口売り連続,STRONG,2026-09-01,15:19:16,6620,704.0,10
UNDER急増,,2026-09-01,15:22:01,5034,2284.0,34.1
小口売り連続,WATCH,2026-09-01,15:22:32,6620,704.0,5
UNDER急増,,2026-09-01,15:26:05,5034,2284.0,25.5
小口売り連続,WATCH,2026-09-01,15:30:03,9238,388.0,5
UNDER急増,,2026-09-02,09:02:19,4889,1192.0,20.5
UNDER急増,,2026-09-02,09:02:50,5599,998.0,53.2
UNDER急増,,2026-09-02,09:02:53,4263,434.0,34.5
UNDER急増,,2026-09-02,09:03:02,3803,616.0,170.0
UNDER急増,,2026-09-02,09:03:03,3449,3770.0,33.8
UNDER急増,,2026-09-02,09:03:03,4422,564.0,75.4
UNDER急増,,2026-09-02,09:03:05,6433,1076.0,25.2
UNDER急増,,2026-09-02,09:03:07,4840,785.0,30.9
UNDER急増,,2026-09-02,09:03:12,3803,616.0,30.8
UNDER急増,,2026-09-02,09:03:14,6620,690.0,154.2
UNDER急増,,2026-09-02,09:05:09,5590,696.0,88.5
UNDER急増,,2026-09-02,09:05:13,4840,765.0,30.4
UNDER急増,,2026-09-02,09:05:56,7794,960.0,21.8
UNDER急増,,2026-09-02,09:06:59,2998,568.0,60.3
UNDER急増,,2026-09-02,09:08:04,3803,615.0,24.9
小口売り連続,WATCH,2026-09-02,09:10:29,1885,2128.0,5
UNDER急増,,2026-09-02,09:12:04,5590,697.0,85.5
UNDER急増,,2026-09-02,09:12:49,2998,558.0,73.1
UNDER急増,,2026-09-02,09:13:49,4414,1114.0,33.7
UNDER急増,,2026-09-02,09:13:51,4840,757.0,30.4
UNDER急増,,2026-09-02,09:14:11,5590,698.0,87.2
小口売り連続,WATCH,2026-09-02,09:14:11,5707,1030.0,5
UNDER急増,,2026-09-02,09:14:52,4840,755.0,31.1
UNDER急増,,2026-09-02,09:15:37,3803,611.0,27.2
定期買い集め,STRONG,2026-09-02,09:17:22,4013,,16.2
UNDER急増,,2026-09-02,09:18:41,5590,697.0,59.3
小口売り連続,WATCH,2026-09-02,09:21:08,4889,1189.0,5
小口売り連続,WATCH,2026-09-02,09:25:47,3963,340.0,5
小口売り連続,WATCH,2026-09-02,09:26:08,4840,754.0,5
UNDER急増,,2026-09-02,09:26:17,4395,717.0,70.0
小口売り連続,WATCH,2026-09-02,09:26:42,3449,3770.0,5
小口売り連続,WATCH,2026-09-02,09:27:07,3692,5860.0,5
小口売り連続,WATCH,2026-09-02,09:33:58,6217,806.0,5
小口売り連続,WATCH,2026-09-02,09:40:51,1885,2095.0,5
小口売り連続,WATCH,2026-09-02,09:43:22,4288,465.0,5
小口売り連続,WATCH,2026-09-02,09:44:11,4840,753.0,5
小口売り連続,WATCH,2026-09-02,09:48:34,4075,1919.0,5
小口売り連続,WATCH,2026-09-02,09:50:12,1885,2103.0,5
UNDER急増,,2026-09-02,09:56:26,4414,1099.0,26.2
小口売り連続,WATCH,2026-09-02,09:58:01,3963,340.0,5
小口売り連続,WATCH,2026-09-02,09:58:02,4075,1800.0,5
小口売り連続,WATCH,2026-09-02,10:03:01,4075,1786.0,5
小口売り連続,WATCH,2026-09-02,10:09:52,4395,717.0,5
小口売り連続,WATCH,2026-09-02,10:10:36,4075,1827.0,5
小口売り連続,WATCH,2026-09-02,10:14:45,4840,786.0,5
小口売り連続,WATCH,2026-09-02,10:17:37,4840,786.0,5
小口売り連続,WATCH,2026-09-02,10:19:50,4840,815.0,5
小口売り連続,WATCH,2026-09-02,10:20:01,1885,2087.0,5
小口売り連続,WATCH,2026-09-02,10:22:07,5262,1132.0,5
小口売り連続,WATCH,2026-09-02,10:23:17,4075,1810.0,5
小口売り連続,WATCH,2026-09-02,10:28:04,4889,1173.0,5
UNDER急増,,2026-09-02,10:32:08,5817,1008.0,25.0
UNDER急増,,2026-09-02,10:32:08,7369,356.0,20.8
UNDER急増,,2026-09-02,10:32:10,4288,464.0,49.4
UNDER急増,,2026-09-02,10:32:11,9238,387.0,27.5
小口売り連続,WATCH,2026-09-02,10:35:16,4840,791.0,5
小口売り連続,WATCH,2026-09-02,10:37:34,4075,1780.0,5
小口売り連続,WATCH,2026-09-02,10:39:55,4889,1175.0,5
小口売り連続,WATCH,2026-09-02,10:40:17,4075,1745.0,5
小口売り連続,WATCH,2026-09-02,10:45:07,4075,1706.0,5
UNDER急増,,2026-09-02,10:46:01,5707,1010.0,33.5
小口売り連続,WATCH,2026-09-02,10:46:23,1885,2064.0,5
UNDER急増,,2026-09-02,10:47:24,5707,1010.0,33.2
小口売り連続,WATCH,2026-09-02,10:49:09,4075,1690.0,5
小口売り連続,WATCH,2026-09-02,10:52:28,4075,1615.0,5
小口売り連続,WATCH,2026-09-02,10:53:06,3692,5860.0,5
小口売り連続,WATCH,2026-09-02,10:58:30,3692,5870.0,5
小口売り連続,STRONG,2026-09-02,10:59:13,3692,5870.0,10
小口売り連続,WATCH,2026-09-02,11:00:19,4075,1624.0,5
UNDER急増,,2026-09-02,11:01:11,5590,688.0,63.5
小口売り連続,WATCH,2026-09-02,11:01:57,4075,1600.0,5
UNDER急増,,2026-09-02,11:03:46,3803,604.0,33.6
小口売り連続,WATCH,2026-09-02,11:04:36,4894,5450.0,5
小口売り連続,WATCH,2026-09-02,11:05:12,4075,1592.0,5
小口売り連続,WATCH,2026-09-02,11:09:40,4075,1559.0,5
UNDER急増,,2026-09-02,11:10:23,4263,437.0,38.3
UNDER急増,,2026-09-02,11:10:46,5707,1003.0,34.1
小口売り連続,WATCH,2026-09-02,11:10:50,4840,751.0,5
小口売り連続,WATCH,2026-09-02,11:12:01,4888,357.0,5
小口売り連続,WATCH,2026-09-02,11:13:29,4075,1580.0,5
小口売り連続,STRONG,2026-09-02,11:13:39,4075,1576.0,10
小口売り連続,WATCH,2026-09-02,11:16:25,5597,1343.0,5
UNDER急増,,2026-09-02,12:05:07,6580,895.0,79.3
UNDER急増,,2026-09-02,12:08:33,3747,421.0,24.0
UNDER急増,,2026-09-02,12:26:02,6620,693.0,30.0
UNDER急増,,2026-09-02,12:31:02,5599,999.0,41.4
UNDER急増,,2026-09-02,12:31:29,4013,663.0,118.7
UNDER急増,,2026-09-02,12:31:55,3930,754.0,133.3
小口売り連続,WATCH,2026-09-02,12:32:19,5262,1127.0,5
UNDER急増,,2026-09-02,12:33:56,4395,715.0,92.8
UNDER急増,,2026-09-02,12:35:12,3747,420.0,31.9
UNDER急増,,2026-09-02,12:35:35,5597,1343.0,62.3
UNDER急増,,2026-09-02,12:35:47,6580,892.0,92.7
UNDER急増,,2026-09-02,12:36:46,5597,1350.0,28.1
UNDER急増,,2026-09-02,12:40:15,9238,386.0,700.0
小口売り連続,WATCH,2026-09-02,12:46:11,4075,1697.0,5
小口売り連続,WATCH,2026-09-02,12:46:58,3449,3740.0,5
小口売り連続,WATCH,2026-09-02,12:47:11,4889,1165.0,5
小口売り連続,WATCH,2026-09-02,12:52:51,4075,1666.0,5
小口売り連続,WATCH,2026-09-02,12:57:05,4075,1656.0,5
小口売り連続,WATCH,2026-09-02,12:59:13,4075,1636.0,5
UNDER急増,,2026-09-02,13:00:00,3803,600.0,26.3
小口売り連続,WATCH,2026-09-02,13:02:08,4075,1626.0,5
小口売り連続,WATCH,2026-09-02,13:03:02,4888,356.0,5
小口売り連続,WATCH,2026-09-02,13:05:08,2216,1094.0,5
小口売り連続,WATCH,2026-09-02,13:05:21,3692,5700.0,5
小口売り連続,WATCH,2026-09-02,13:05:22,4075,1600.0,5
小口売り連続,WATCH,2026-09-02,13:05:58,4075,1602.0,5
小口売り連続,WATCH,2026-09-02,13:09:47,4075,1612.0,5
UNDER急増,,2026-09-02,13:11:34,4199,821.0,248.1
小口売り連続,WATCH,2026-09-02,13:32:34,4075,1566.0,5
小口売り連続,WATCH,2026-09-02,13:35:47,1885,2073.0,5
小口売り連続,WATCH,2026-09-02,13:46:27,3692,5740.0,5
小口売り連続,WATCH,2026-09-02,13:47:05,4075,1613.0,5
小口売り連続,WATCH,2026-09-02,13:58:04,1885,2072.0,5
UNDER急増,,2026-09-02,14:00:15,7369,353.0,34.0
定期買い集め,STRONG,2026-09-02,14:03:28,4013,,31.3
小口売り連続,WATCH,2026-09-02,14:04:15,6433,1094.0,5
小口売り連続,WATCH,2026-09-02,14:05:42,2998,548.0,5
小口売り連続,WATCH,2026-09-02,14:09:05,4840,750.0,5
小口売り連続,WATCH,2026-09-02,14:10:49,3692,5690.0,5
小口売り連続,WATCH,2026-09-02,14:14:59,4075,1564.0,5
小口売り連続,WATCH,2026-09-02,14:16:21,4075,1561.0,5
小口売り連続,WATCH,2026-09-02,14:25:08,4075,1506.0,5
小口売り連続,WATCH,2026-09-02,14:25:52,4888,356.0,5
小口売り連続,WATCH,2026-09-02,14:27:20,5707,1013.0,5
小口売り連続,WATCH,2026-09-02,14:28:40,6580,880.0,5
UNDER急増,,2026-09-02,14:38:31,4075,1512.0,21.3
小口売り連続,WATCH,2026-09-02,14:44:04,5262,1129.0,5
小口売り連続,WATCH,2026-09-02,14:45:39,3963,348.0,5
小口売り連続,WATCH,2026-09-02,14:52:58,4840,758.0,5
小口売り連続,WATCH,2026-09-02,14:55:44,1514,653.0,5
小口売り連続,WATCH,2026-09-02,14:57:44,4075,1520.0,5
小口売り連続,WATCH,2026-09-02,14:59:05,1514,654.0,5
小口売り連続,WATCH,2026-09-02,15:02:34,1514,652.0,5
小口売り連続,WATCH,2026-09-02,15:04:24,4840,759.0,5
小口売り連続,WATCH,2026-09-02,15:06:52,3449,3710.0,5
小口売り連続,WATCH,2026-09-02,15:07:36,5597,1357.0,5
小口売り連続,WATCH,2026-09-02,15:14:48,1885,2090.0,5
小口売り連続,WATCH,2026-09-02,15:16:39,3449,3720.0,5
小口売り連続,WATCH,2026-09-02,15:22:29,1514,652.0,5
小口売り連続,WATCH,2026-09-02,15:22:45,4075,1540.0,5
小口売り連続,WATCH,2026-09-02,15:24:18,2998,549.0,5
UNDER急増,,2026-09-02,15:24:29,4414,1082.0,31.4
小口売り連続,WATCH,2026-09-02,15:24:55,5597,1355.0,5
UNDER急増,,2026-09-02,15:29:48,4199,815.0,21.4
UNDER急増,,2026-09-03,09:01:02,4570,1033.0,30.4
UNDER急増,,2026-09-03,09:01:04,4888,356.0,81.5
UNDER急増,,2026-09-03,09:01:07,5132,2000.0,29.2
UNDER急増,,2026-09-03,09:01:16,4889,1158.0,21.7
UNDER急増,,2026-09-03,09:01:19,3449,3720.0,31.4
UNDER急増,,2026-09-03,09:01:39,5707,1032.0,22.3
UNDER急増,,2026-09-03,09:02:05,4013,666.0,185.5
UNDER急増,,2026-09-03,09:02:06,3803,615.0,145.9
UNDER急増,,2026-09-03,09:02:07,9256,1065.0,32.4
UNDER急増,,2026-09-03,09:02:29,5132,2000.0,20.2
小口売り連続,WATCH,2026-09-03,09:02:49,4840,770.0,5
UNDER急増,,2026-09-03,09:02:54,4414,1069.0,33.0
UNDER急増,,2026-09-03,09:03:17,3930,765.0,151.6
UNDER急増,,2026-09-03,09:03:48,5034,2335.0,30.6
UNDER急増,,2026-09-03,09:04:58,5034,2335.0,26.3
UNDER急増,,2026-09-03,09:05:05,5597,1358.0,29.2
小口売り連続,WATCH,2026-09-03,09:05:21,4840,761.0,5
UNDER急増,,2026-09-03,09:05:22,6228,505.0,55.8
UNDER急増,,2026-09-03,09:05:51,5599,1000.0,53.6
UNDER急増,,2026-09-03,09:06:09,5597,1370.0,26.6
UNDER急増,,2026-09-03,09:06:14,6433,1088.0,21.3
UNDER急増,,2026-09-03,09:06:28,5034,2335.0,34.5
UNDER急増,,2026-09-03,09:07:36,5590,697.0,86.6
小口売り連続,WATCH,2026-09-03,09:07:48,5262,1128.0,5
小口売り連続,WATCH,2026-09-03,09:07:48,4889,1143.0,5
小口売り連続,WATCH,2026-09-03,09:08:09,4840,760.0,5
小口売り連続,WATCH,2026-09-03,09:09:27,4422,565.0,5
小口売り連続,WATCH,2026-09-03,09:09:35,3449,3690.0,5
小口売り連続,WATCH,2026-09-03,09:09:36,4840,755.0,5
小口売り連続,WATCH,2026-09-03,09:09:55,4894,5320.0,5
UNDER急増,,2026-09-03,09:10:07,3963,346.0,27.1
UNDER急増,,2026-09-03,09:10:19,9238,388.0,38.8
小口売り連続,WATCH,2026-09-03,09:10:22,6217,812.0,5
UNDER急増,,2026-09-03,09:10:37,5590,692.0,117.4
UNDER急増,,2026-09-03,09:11:11,3963,346.0,24.3
UNDER急増,,2026-09-03,09:11:11,5034,2280.0,29.8
UNDER急増,,2026-09-03,09:11:11,6620,698.0,163.8
UNDER急増,,2026-09-03,09:11:23,7794,964.0,20.8
UNDER急増,,2026-09-03,09:11:41,4199,837.0,74.4
小口売り連続,WATCH,2026-09-03,09:12:26,2216,1086.0,5
UNDER急増,,2026-09-03,09:12:37,5597,1351.0,28.4
UNDER急増,,2026-09-03,09:12:53,4199,837.0,74.4
UNDER急増,,2026-09-03,09:14:02,5597,1338.0,33.5
UNDER急増,,2026-09-03,09:14:16,4199,837.0,74.4
UNDER急増,,2026-09-03,09:14:23,6580,885.0,45.2
小口売り連続,WATCH,2026-09-03,09:14:45,4013,659.0,5
UNDER急増,,2026-09-03,09:14:45,4013,659.0,133.1
UNDER急増,,2026-09-03,09:15:23,4199,837.0,74.4
小口売り連続,WATCH,2026-09-03,09:18:14,4075,1710.0,5
小口売り連続,WATCH,2026-09-03,09:21:27,4570,1026.0,5
UNDER急増,,2026-09-03,09:22:37,4888,352.0,93.3
小口売り連続,WATCH,2026-09-03,09:23:36,5262,1122.0,5
UNDER急増,,2026-09-03,09:25:58,5729,1772.0,54.2
UNDER急増,,2026-09-03,09:27:12,5132,1986.0,47.7
小口売り連続,WATCH,2026-09-03,09:30:54,5262,1121.0,5
小口売り連続,WATCH,2026-09-03,09:30:56,4075,1771.0,5
UNDER急増,,2026-09-03,09:32:27,4199,823.0,63.9
UNDER急増,,2026-09-03,09:34:51,3963,346.0,70.2
小口売り連続,WATCH,2026-09-03,09:35:51,5262,1121.0,5
小口売り連続,WATCH,2026-09-03,09:35:51,4075,1774.0,5
小口売り連続,WATCH,2026-09-03,09:37:29,4888,354.0,5
小口売り連続,WATCH,2026-09-03,09:39:04,4075,1771.0,5
UNDER急増,,2026-09-03,09:39:51,3803,604.0,28.5
小口売り連続,WATCH,2026-09-03,09:41:19,7794,964.0,5
小口売り連続,WATCH,2026-09-03,09:42:08,5262,1121.0,5
UNDER急増,,2026-09-03,09:43:07,4013,652.0,209.4
小口売り連続,STRONG,2026-09-03,09:45:34,5262,1121.0,10
UNDER急増,,2026-09-03,09:45:41,4263,434.0,48.3
小口売り連続,WATCH,2026-09-03,09:48:25,4075,1780.0,5
小口売り連続,WATCH,2026-09-03,09:52:01,4075,1720.0,5
UNDER急増,,2026-09-03,09:54:23,6620,698.0,145.5
小口売り連続,WATCH,2026-09-03,09:55:32,5262,1121.0,5
小口売り連続,STRONG,2026-09-03,09:58:53,5262,1121.0,10
UNDER急増,,2026-09-03,10:01:26,3803,602.0,20.2
UNDER急増,,2026-09-03,10:03:05,5817,998.0,116.3
小口売り連続,WATCH,2026-09-03,10:05:03,4840,775.0,5
UNDER急増,,2026-09-03,10:07:59,3803,603.0,49.5
小口売り連続,WATCH,2026-09-03,10:08:07,4888,353.0,5
小口売り連続,WATCH,2026-09-03,10:09:01,5262,1121.0,5
UNDER急増,,2026-09-03,10:09:24,3803,598.0,138.5
UNDER急増,,2026-09-03,10:11:02,3803,598.0,53.6
UNDER急増,,2026-09-03,10:12:05,3803,585.0,98.1
UNDER急増,,2026-09-03,10:15:23,3803,585.0,27.5
小口売り連続,WATCH,2026-09-03,10:22:35,3449,3750.0,5
UNDER急増,,2026-09-03,10:26:11,3803,589.0,20.0
小口売り連続,WATCH,2026-09-03,10:26:50,5262,1121.0,5
小口売り連続,WATCH,2026-09-03,10:28:05,9556,2231.0,5
UNDER急増,,2026-09-03,10:32:59,3803,585.0,22.6
小口売り連続,WATCH,2026-09-03,10:34:50,5262,1120.0,5
小口売り連続,WATCH,2026-09-03,10:35:56,5817,1009.0,5
小口売り連続,WATCH,2026-09-03,10:36:15,4013,650.0,5
UNDER急増,,2026-09-03,10:37:36,3803,568.0,28.0
小口売り連続,WATCH,2026-09-03,10:39:28,5262,1121.0,5
UNDER急増,,2026-09-03,10:39:34,3803,573.0,663.9
小口売り連続,STRONG,2026-09-03,10:41:39,5262,1119.0,10
小口売り連続,WATCH,2026-09-03,10:42:50,4889,1137.0,5
UNDER急増,,2026-09-03,10:47:07,4199,813.0,29.8
UNDER急増,,2026-09-03,10:47:13,5132,2005.0,25.8
UNDER急増,,2026-09-03,10:54:46,9337,1422.0,20.3
小口売り連続,WATCH,2026-09-03,10:56:49,4570,1041.0,5
小口売り連続,WATCH,2026-09-03,11:08:21,9337,1417.0,5
小口売り連続,WATCH,2026-09-03,11:18:35,9256,1028.0,5
小口売り連続,WATCH,2026-09-03,11:30:02,5262,1131.0,5
UNDER急増,,2026-09-03,12:05:03,4013,650.0,294.0
UNDER急増,,2026-09-03,12:14:30,6620,697.0,27.7
UNDER急増,,2026-09-03,12:19:55,3963,347.0,49.0
UNDER急増,,2026-09-03,12:25:26,4013,650.0,37.2
UNDER急増,,2026-09-03,12:26:13,6620,697.0,27.7
UNDER急増,,2026-09-03,12:26:14,4199,814.0,21.6
UNDER急増,,2026-09-03,12:29:45,4199,814.0,51.0
小口売り連続,WATCH,2026-09-03,12:30:02,7034,343.0,5
UNDER急増,,2026-09-03,12:31:00,4579,551.0,72.5
UNDER急増,,2026-09-03,12:31:02,4013,650.0,132.2
UNDER急増,,2026-09-03,12:31:09,3930,766.0,118.0
UNDER急増,,2026-09-03,12:31:38,7794,955.0,22.0
UNDER急増,,2026-09-03,12:31:43,4263,428.0,46.7
UNDER急増,,2026-09-03,12:32:02,3963,347.0,99.7
UNDER急増,,2026-09-03,12:32:26,6620,700.0,148.5
UNDER急増,,2026-09-03,12:32:43,4263,426.0,46.5
UNDER急増,,2026-09-03,12:36:27,6620,700.0,136.1
小口売り連続,WATCH,2026-09-03,12:41:15,5262,1129.0,5
小口売り連続,WATCH,2026-09-03,12:43:07,9256,1027.0,5
UNDER急増,,2026-09-03,12:44:22,4288,468.0,22.9
UNDER急増,,2026-09-03,12:44:28,6580,883.0,75.8
UNDER急増,,2026-09-03,12:47:52,6217,797.0,27.6
小口売り連続,WATCH,2026-09-03,12:48:36,4840,812.0,5
小口売り連続,WATCH,2026-09-03,12:58:08,4888,356.0,5
UNDER急増,,2026-09-03,13:01:13,7369,360.0,51.9
小口売り連続,WATCH,2026-09-03,13:02:50,3692,5680.0,5
UNDER急増,,2026-09-04,09:01:02,4013,648.0,178.9
UNDER急増,,2026-09-04,09:01:03,6217,787.0,21.8
UNDER急増,,2026-09-04,09:01:08,5132,2021.0,22.2
UNDER急増,,2026-09-04,09:01:08,9256,1032.0,31.5
UNDER急増,,2026-09-04,09:01:09,5590,710.0,93.0
UNDER急増,,2026-09-04,09:01:22,2998,545.0,58.9
UNDER急増,,2026-09-04,09:01:30,3963,341.0,132.7
UNDER急増,,2026-09-04,09:01:45,4570,1051.0,37.0
UNDER急増,,2026-09-04,09:01:50,5729,1763.0,53.6
UNDER急増,,2026-09-04,09:01:52,3449,3770.0,24.7
UNDER急増,,2026-09-04,09:01:53,9238,384.0,91.8
UNDER急増,,2026-09-04,09:02:10,5132,2021.0,45.6
UNDER急増,,2026-09-04,09:02:42,6433,1102.0,20.1
UNDER急増,,2026-09-04,09:02:44,9337,1450.0,57.1
UNDER急増,,2026-09-04,09:02:53,6217,794.0,53.3
UNDER急増,,2026-09-04,09:04:00,6217,788.0,59.0
小口売り連続,WATCH,2026-09-04,09:04:28,1885,2094.0,5
UNDER急増,,2026-09-04,09:05:42,6228,538.0,66.2
UNDER急増,,2026-09-04,09:06:55,7034,340.0,21.3
UNDER急増,,2026-09-04,09:08:56,5597,1376.0,33.1
UNDER急増,,2026-09-04,09:14:09,3449,3750.0,22.0
小口売り連続,WATCH,2026-09-04,09:15:07,6433,1082.0,5
定期買い集め,STRONG,2026-09-04,09:15:25,5817,,10.2
小口売り連続,WATCH,2026-09-04,09:16:11,6228,523.0,5
UNDER急増,,2026-09-04,09:16:14,6217,787.0,67.6
UNDER急増,,2026-09-04,09:17:16,3803,580.0,245.1
UNDER急増,,2026-09-04,09:17:16,6580,873.0,22.2
UNDER急増,,2026-09-04,09:17:17,5132,2021.0,25.3
UNDER急増,,2026-09-04,09:20:18,4414,1078.0,30.9
UNDER急増,,2026-09-04,09:20:45,3930,764.0,149.1
UNDER急増,,2026-09-04,09:22:35,4840,779.0,36.2
UNDER急増,,2026-09-04,09:23:38,5591,854.0,28.6
小口売り連続,WATCH,2026-09-04,09:23:42,1885,2078.0,5
小口売り連続,WATCH,2026-09-04,09:24:27,1514,676.0,5
小口売り連続,WATCH,2026-09-04,09:25:45,4075,1500.0,5
UNDER急増,,2026-09-04,09:31:33,3747,414.0,126.8
小口売り連続,WATCH,2026-09-04,09:32:34,4075,1553.0,5
小口売り連続,WATCH,2026-09-04,09:33:53,4840,791.0,5
小口売り連続,WATCH,2026-09-04,09:35:27,5034,2365.0,5
UNDER急増,,2026-09-04,09:41:06,6217,787.0,52.8
小口売り連続,WATCH,2026-09-04,09:46:43,4075,1576.0,5
小口売り連続,WATCH,2026-09-04,09:49:00,4075,1578.0,5
小口売り連続,WATCH,2026-09-04,09:51:10,4075,1569.0,5
定期買い集め,STRONG,2026-09-04,09:53:16,4013,,21.0
UNDER急増,,2026-09-04,10:02:10,4840,779.0,20.0
UNDER急増,,2026-09-04,10:13:04,6217,774.0,55.6
UNDER急増,,2026-09-04,10:18:42,3803,581.0,22.6
小口売り連続,WATCH,2026-09-04,10:18:52,4075,1550.0,5
定期買い集め,WATCH,2026-09-04,10:18:55,4889,,6.0
小口売り連続,STRONG,2026-09-04,10:20:14,4075,1551.0,10
小口売り連続,WATCH,2026-09-04,10:22:03,1885,2067.0,5
UNDER急増,,2026-09-04,10:25:51,3803,581.0,22.6
UNDER急増,,2026-09-04,10:29:12,4888,358.0,22.4
小口売り連続,WATCH,2026-09-04,10:37:09,3747,414.0,5
小口売り連続,WATCH,2026-09-04,10:42:22,1514,669.0,5
UNDER急増,,2026-09-04,10:43:45,6620,702.0,113.7
小口売り連続,STRONG,2026-09-04,10:44:49,1514,669.0,10
小口売り連続,WATCH,2026-09-04,10:48:19,1514,670.0,5
UNDER急増,,2026-09-04,10:53:12,4263,426.0,51.4
小口売り連続,WATCH,2026-09-04,10:55:43,3449,3880.0,5
小口売り連続,WATCH,2026-09-04,11:08:13,1514,670.0,5
小口売り連続,WATCH,2026-09-04,11:08:16,6433,1091.0,5
小口売り連続,WATCH,2026-09-04,11:19:36,4075,1521.0,5
小口売り連続,WATCH,2026-09-04,11:21:58,4840,825.0,5
小口売り連続,WATCH,2026-09-04,11:27:32,7034,345.0,5
小口売り連続,WATCH,2026-09-04,11:29:11,4889,1172.0,5
小口売り連続,WATCH,2026-09-04,11:29:27,4075,1522.0,5
小口売り連続,WATCH,2026-09-04,12:30:02,4013,658.0,5
UNDER急増,,2026-09-04,12:32:37,5729,1732.0,41.2
UNDER急増,,2026-09-04,12:38:22,5599,1016.0,51.9
小口売り連続,WATCH,2026-09-04,12:41:04,5590,721.0,5
小口売り連続,WATCH,2026-09-04,12:41:58,4395,723.0,5
小口売り連続,WATCH,2026-09-04,12:49:05,4422,587.0,5
UNDER急増,,2026-09-04,12:49:23,6217,776.0,53.2
UNDER急増,,2026-09-04,12:50:34,6620,705.0,113.7
小口売り連続,WATCH,2026-09-04,13:00:34,4075,1411.0,5
小口売り連続,WATCH,2026-09-04,13:03:07,6433,1091.0,5
小口売り連続,WATCH,2026-09-04,13:05:19,4075,1455.0,5
小口売り連続,WATCH,2026-09-04,13:08:41,9256,1047.0,5
小口売り連続,WATCH,2026-09-04,13:15:51,4075,1451.0,5
小口売り連続,WATCH,2026-09-04,13:18:08,4075,1433.0,5
小口売り連続,WATCH,2026-09-04,13:30:19,1514,673.0,5
小口売り連続,WATCH,2026-09-04,13:30:42,4840,841.0,5
UNDER急増,,2026-09-04,13:54:05,4263,426.0,51.9
小口売り連続,WATCH,2026-09-04,13:55:43,1514,671.0,5
UNDER急増,,2026-09-04,13:56:24,4263,426.0,52.6
小口売り連続,WATCH,2026-09-04,14:03:18,4075,1402.0,5
小口売り連続,WATCH,2026-09-04,14:12:46,4075,1400.0,5
UNDER急増,,2026-09-04,14:19:22,6217,776.0,27.0
小口売り連続,WATCH,2026-09-04,14:20:44,2998,557.0,5
小口売り連続,WATCH,2026-09-04,14:21:03,5590,720.0,5
小口売り連続,WATCH,2026-09-04,14:25:31,2998,555.0,5
小口売り連続,STRONG,2026-09-04,14:25:58,2998,553.0,10
小口売り連続,WATCH,2026-09-04,14:27:04,2998,552.0,5
小口売り連続,WATCH,2026-09-04,14:27:45,4075,1422.0,5
小口売り連続,WATCH,2026-09-04,14:27:52,2998,551.0,5
小口売り連続,WATCH,2026-09-04,14:28:15,1514,672.0,5
小口売り連続,WATCH,2026-09-04,14:28:42,2998,553.0,5
小口売り連続,WATCH,2026-09-04,14:29:27,2998,551.0,5
小口売り連続,WATCH,2026-09-04,14:30:59,2998,552.0,5
小口売り連続,STRONG,2026-09-04,14:31:13,4075,1422.0,10
小口売り連続,WATCH,2026-09-04,14:36:01,2998,552.0,5
小口売り連続,STRONG,2026-09-04,14:36:27,2998,551.0,10
小口売り連続,WATCH,2026-09-04,14:37:45,2998,550.0,5
小口売り連続,WATCH,2026-09-04,14:39:43,2998,549.0,5
小口売り連続,WATCH,2026-09-04,14:39:48,3449,3915.0,5
小口売り連続,WATCH,2026-09-04,14:40:04,4075,1408.0,5
小口売り連続,WATCH,2026-09-04,14:41:12,2998,549.0,5
小口売り連続,WATCH,2026-09-04,14:50:54,4075,1385.0,5
小口売り連続,WATCH,2026-09-04,14:54:52,1514,673.0,5
小口売り連続,WATCH,2026-09-04,14:56:20,5817,1068.0,5
小口売り連続,WATCH,2026-09-04,15:03:10,3449,3915.0,5
UNDER急増,,2026-09-04,15:03:42,4075,1393.0,97.4
小口売り連続,WATCH,2026-09-04,15:08:29,6433,1086.0,5
小口売り連続,WATCH,2026-09-04,15:10:01,7794,1000.0,5
小口売り連続,WATCH,2026-09-04,15:14:47,1514,672.0,5
小口売り連続,WATCH,2026-09-04,15:22:20,4395,717.0,5
UNDER急増,,2026-09-07,09:01:01,2998,555.0,56.2
UNDER急増,,2026-09-07,09:01:13,4570,1066.0,41.1
UNDER急増,,2026-09-07,09:01:23,5132,2116.0,20.5
小口売り連続,WATCH,2026-09-07,09:01:31,3692,6160.0,5
UNDER急増,,2026-09-07,09:01:43,9256,1062.0,42.0
UNDER急増,,2026-09-07,09:01:45,4579,545.0,67.7
UNDER急増,,2026-09-07,09:01:48,4888,364.0,87.3
小口売り連続,WATCH,2026-09-07,09:02:03,4075,1316.0,5
UNDER急増,,2026-09-07,09:02:27,6433,1094.0,28.2
UNDER急増,,2026-09-07,09:03:00,4840,781.0,22.5
UNDER急増,,2026-09-07,09:03:04,3449,4000.0,26.6
UNDER急増,,2026-09-07,09:03:04,5132,2100.0,51.2
UNDER急増,,2026-09-07,09:03:38,4422,595.0,51.5
UNDER急増,,2026-09-07,09:04:20,5590,726.0,96.2
定期買い集め,WATCH,2026-09-07,09:04:39,7794,,7.3
定期買い集め,WATCH,2026-09-07,09:05:14,1885,,5.2
小口売り連続,WATCH,2026-09-07,09:06:00,4075,1318.0,5
小口売り連続,WATCH,2026-09-07,09:06:14,4422,595.0,5
UNDER急増,,2026-09-07,09:06:23,5599,1012.0,46.2
小口売り連続,WATCH,2026-09-07,09:06:42,4075,1306.0,5
小口売り連続,WATCH,2026-09-07,09:07:08,4075,1301.0,5
UNDER急増,,2026-09-07,09:07:10,4840,756.0,43.4
小口売り連続,WATCH,2026-09-07,09:07:44,1885,2149.0,5
小口売り連続,WATCH,2026-09-07,09:08:19,4075,1300.0,5
小口売り連続,WATCH,2026-09-07,09:08:23,7794,1016.0,5
UNDER急増,,2026-09-07,09:08:24,4263,411.0,73.3
UNDER急増,,2026-09-07,09:09:26,3803,609.0,47.3
UNDER急増,,2026-09-07,09:09:40,4013,654.0,248.2
小口売り連続,WATCH,2026-09-07,09:09:55,1885,2148.0,5
UNDER急増,,2026-09-07,09:10:51,3963,339.0,149.4
UNDER急増,,2026-09-07,09:11:48,9337,1441.0,58.5
UNDER急増,,2026-09-07,09:12:32,3692,6030.0,20.7
小口売り連続,WATCH,2026-09-07,09:13:21,1885,2115.0,5
小口売り連続,WATCH,2026-09-07,09:13:24,6217,788.0,5
定期買い集め,STRONG,2026-09-07,09:20:06,4570,,16.5
UNDER急増,,2026-09-07,09:22:13,4288,473.0,45.8
UNDER急増,,2026-09-07,09:23:55,4199,807.0,85.9
小口売り連続,WATCH,2026-09-07,09:26:10,1885,2123.0,5
小口売り連続,WATCH,2026-09-07,09:28:42,3449,4010.0,5
小口売り連続,WATCH,2026-09-07,09:32:32,1885,2122.0,5
小口売り連続,WATCH,2026-09-07,09:32:51,5590,731.0,5
UNDER急増,,2026-09-07,09:35:20,4288,463.0,33.3
UNDER急増,,2026-09-07,09:39:27,4288,463.0,22.9
小口売り連続,WATCH,2026-09-07,09:40:06,4013,654.0,5
小口売り連続,WATCH,2026-09-07,09:40:52,6620,732.0,5
小口売り連続,STRONG,2026-09-07,09:41:40,4013,654.0,10
小口売り連続,WATCH,2026-09-07,09:44:30,4075,1404.0,5
小口売り連続,WATCH,2026-09-07,09:46:32,4075,1389.0,5
小口売り連続,WATCH,2026-09-07,09:47:24,4013,654.0,5
小口売り連続,WATCH,2026-09-07,09:48:17,4075,1373.0,5
小口売り連続,WATCH,2026-09-07,09:51:08,1885,2125.0,5
小口売り連続,WATCH,2026-09-07,09:52:16,4075,1381.0,5
小口売り連続,WATCH,2026-09-07,09:53:38,5262,1157.0,5
小口売り連続,WATCH,2026-09-07,09:56:37,4894,5410.0,5
UNDER急増,,2026-09-07,09:56:54,4840,737.0,39.8
UNDER急増,,2026-09-07,09:59:21,4013,659.0,117.6
小口売り連続,WATCH,2026-09-07,10:00:01,4075,1379.0,5
小口売り連続,WATCH,2026-09-07,10:01:55,9337,1432.0,5
小口売り連続,WATCH,2026-09-07,10:02:16,4075,1373.0,5
小口売り連続,WATCH,2026-09-07,10:09:34,4075,1353.0,5
UNDER急増,,2026-09-07,10:10:21,4288,454.0,33.3
定期買い集め,WATCH,2026-09-07,10:11:15,4013,,5.6
UNDER急増,,2026-09-07,10:11:58,4288,454.0,22.9
小口売り連続,WATCH,2026-09-07,10:17:02,4889,1190.0,5
小口売り連続,WATCH,2026-09-07,10:19:20,6620,726.0,5
小口売り連続,WATCH,2026-09-07,10:24:11,1885,2132.0,5
小口売り連続,WATCH,2026-09-07,10:27:37,1885,2127.0,5
UNDER急増,,2026-09-07,10:27:46,4013,652.0,172.4
小口売り連続,WATCH,2026-09-07,10:39:10,1885,2126.0,5
小口売り連続,WATCH,2026-09-07,10:42:17,1885,2126.0,5
UNDER急増,,2026-09-07,10:50:03,5287,852.0,144.9
小口売り連続,WATCH,2026-09-07,10:58:10,4075,1380.0,5
UNDER急増,,2026-09-07,10:58:29,4288,456.0,22.9
小口売り連続,WATCH,2026-09-07,10:59:46,7369,383.0,5
小口売り連続,WATCH,2026-09-07,11:01:34,4075,1363.0,5
小口売り連続,WATCH,2026-09-07,11:02:20,7034,341.0,5
小口売り連続,WATCH,2026-09-07,11:07:06,1885,2123.0,5
小口売り連続,WATCH,2026-09-07,11:19:36,5262,1161.0,5
小口売り連続,WATCH,2026-09-07,11:20:17,7369,382.0,5
小口売り連続,WATCH,2026-09-07,11:20:33,1885,2126.0,5
小口売り連続,WATCH,2026-09-07,11:20:47,4422,601.0,5
小口売り連続,WATCH,2026-09-07,11:21:00,3692,6230.0,5
小口売り連続,WATCH,2026-09-07,11:27:28,4840,735.0,5
UNDER急増,,2026-09-07,12:10:35,3963,338.0,37.8
UNDER急増,,2026-09-07,12:26:01,3963,338.0,37.8
UNDER急増,,2026-09-07,12:26:13,4199,805.0,44.0
小口売り連続,WATCH,2026-09-07,12:30:00,4013,654.0,5
小口売り連続,WATCH,2026-09-07,12:30:52,4075,1330.0,5
小口売り連続,WATCH,2026-09-07,12:30:59,7794,992.0,5
UNDER急増,,2026-09-07,12:31:00,6620,725.0,97.2
UNDER急増,,2026-09-07,12:31:00,6217,786.0,39.7
UNDER急増,,2026-09-07,12:31:01,5034,2292.0,20.5
UNDER急増,,2026-09-07,12:31:03,6580,875.0,42.5
UNDER急増,,2026-09-07,12:31:39,6228,535.0,80.6
UNDER急増,,2026-09-07,12:32:50,4378,532.0,21.6
小口売り連続,WATCH,2026-09-07,12:33:21,4889,1191.0,5
小口売り連続,WATCH,2026-09-07,12:34:00,4840,731.0,5
UNDER急増,,2026-09-07,12:34:01,5729,1757.0,56.4
UNDER急増,,2026-09-07,12:34:11,3930,776.0,139.7
UNDER急増,,2026-09-07,12:34:37,9256,1031.0,78.9
UNDER急増,,2026-09-07,12:34:47,5599,1020.0,41.4
小口売り連続,WATCH,2026-09-07,12:36:40,1885,2126.0,5
小口売り連続,WATCH,2026-09-07,12:37:29,3692,6350.0,5
小口売り連続,WATCH,2026-09-07,12:38:36,1885,2123.0,5
小口売り連続,WATCH,2026-09-07,12:41:49,5262,1156.0,5
小口売り連続,WATCH,2026-09-07,12:44:33,5707,1002.0,5
UNDER急増,,2026-09-07,12:44:42,4840,734.0,44.3
小口売り連続,WATCH,2026-09-07,12:44:59,6433,1112.0,5
小口売り連続,WATCH,2026-09-07,12:49:48,4075,1335.0,5
小口売り連続,WATCH,2026-09-07,12:54:27,2998,554.0,5
UNDER急増,,2026-09-07,12:55:14,3803,609.0,36.0
小口売り連続,WATCH,2026-09-07,12:56:09,1885,2120.0,5
小口売り連続,WATCH,2026-09-07,13:06:52,4075,1332.0,5
小口売り連続,WATCH,2026-09-07,13:15:06,3449,4130.0,5
小口売り連続,WATCH,2026-09-07,13:20:15,5590,739.0,5
小口売り連続,WATCH,2026-09-07,13:24:23,4075,1319.0,5
小口売り連続,WATCH,2026-09-07,13:30:43,4013,654.0,5
定期買い集め,STRONG,2026-09-07,13:32:30,4395,,96.4
UNDER急増,,2026-09-07,13:40:21,6217,780.0,64.4
小口売り連続,WATCH,2026-09-07,13:54:42,4840,730.0,5
小口売り連続,WATCH,2026-09-07,14:06:12,6433,1107.0,5
小口売り連続,WATCH,2026-09-07,14:12:47,4263,405.0,5
小口売り連続,WATCH,2026-09-07,14:23:43,5597,1458.0,5
小口売り連続,WATCH,2026-09-07,14:35:45,5132,2174.0,5
小口売り連続,WATCH,2026-09-07,14:48:24,5597,1449.0,5
小口売り連続,WATCH,2026-09-07,15:01:31,4263,404.0,5
小口売り連続,WATCH,2026-09-07,15:11:11,4263,404.0,5
小口売り連続,WATCH,2026-09-07,15:11:38,9337,1457.0,5
UNDER急増,,2026-09-07,15:14:38,4840,692.0,66.5
小口売り連続,WATCH,2026-09-07,15:16:49,5707,1011.0,5
UNDER急増,,2026-09-07,15:19:04,6217,780.0,27.8
小口売り連続,WATCH,2026-09-07,15:21:09,5034,2301.0,5
UNDER急増,,2026-09-07,15:23:55,4840,681.0,23.9
小口売り連続,WATCH,2026-09-07,15:24:12,4013,654.0,5
UNDER急増,,2026-09-07,15:28:38,6620,713.0,106.4
UNDER急増,,2026-09-07,15:29:29,5034,2300.0,22.7
UNDER急増,,2026-09-07,15:30:00,6620,713.0,24.3
小口売り連続,WATCH,2026-09-08,09:00:58,7369,401.0,5
UNDER急増,,2026-09-08,09:01:07,5599,1012.0,49.5
小口売り連続,WATCH,2026-09-08,09:01:14,2998,559.0,5
UNDER急増,,2026-09-08,09:01:23,4579,549.0,126.6
UNDER急増,,2026-09-08,09:01:33,4414,1071.0,35.2
UNDER急増,,2026-09-08,09:01:34,2998,557.0,64.6
UNDER急増,,2026-09-08,09:01:36,2216,1087.0,24.9
UNDER急増,,2026-09-08,09:01:40,4570,1127.0,29.0
UNDER急増,,2026-09-08,09:01:41,3449,4080.0,24.2
UNDER急増,,2026-09-08,09:01:42,4418,1061.0,51.0
UNDER急増,,2026-09-08,09:01:44,5262,1157.0,20.1
UNDER急増,,2026-09-08,09:01:46,3930,777.0,143.2
UNDER急増,,2026-09-08,09:01:52,6228,536.0,112.1
UNDER急増,,2026-09-08,09:01:55,3963,323.0,173.2
UNDER急増,,2026-09-08,09:01:59,4888,366.0,65.3
UNDER急増,,2026-09-08,09:02:19,4013,651.0,184.7
UNDER急増,,2026-09-08,09:02:20,9238,384.0,23.3
UNDER急増,,2026-09-08,09:02:41,4422,604.0,71.0
UNDER急増,,2026-09-08,09:02:41,3449,4085.0,24.7
UNDER急増,,2026-09-08,09:03:13,9556,2386.0,30.0
UNDER急増,,2026-09-08,09:03:26,4013,656.0,152.3
小口売り連続,WATCH,2026-09-08,09:03:31,1885,2121.0,5
UNDER急増,,2026-09-08,09:03:59,6228,541.0,92.9
UNDER急増,,2026-09-08,09:04:18,4288,463.0,22.7
UNDER急増,,2026-09-08,09:04:37,4840,669.0,26.8
UNDER急増,,2026-09-08,09:05:46,4199,815.0,57.7
UNDER急増,,2026-09-08,09:06:47,4199,815.0,32.0
UNDER急増,,2026-09-08,09:10:21,4013,657.0,128.3
小口売り連続,WATCH,2026-09-08,09:12:09,5597,1480.0,5
UNDER急増,,2026-09-08,09:14:40,3803,628.0,70.9
UNDER急増,,2026-09-08,09:16:44,9238,381.0,29.4
UNDER急増,,2026-09-08,09:17:16,3449,4005.0,25.4
UNDER急増,,2026-09-08,09:17:34,4288,467.0,22.7
UNDER急増,,2026-09-08,09:23:51,3803,621.0,27.4
小口売り連続,WATCH,2026-09-08,09:28:35,4840,693.0,5
小口売り連続,WATCH,2026-09-08,09:28:55,4013,654.0,5
小口売り連続,STRONG,2026-09-08,09:29:53,4840,693.0,10
小口売り連続,WATCH,2026-09-08,09:30:07,2998,563.0,5
UNDER急増,,2026-09-08,09:33:00,3803,621.0,27.9
小口売り連続,WATCH,2026-09-08,09:33:14,4840,690.0,5
小口売り連続,WATCH,2026-09-08,09:33:39,3692,6210.0,5
小口売り連続,WATCH,2026-09-08,09:36:16,1885,2147.0,5
定期買い集め,WATCH,2026-09-08,09:36:49,4013,,7.3
UNDER急増,,2026-09-08,09:37:40,6217,778.0,27.5
小口売り連続,WATCH,2026-09-08,09:37:47,7369,418.0,5
UNDER急増,,2026-09-08,09:42:00,3963,323.0,132.9
定期買い集め,STRONG,2026-09-08,09:44:19,4013,,10.1
小口売り連続,WATCH,2026-09-08,09:45:36,7369,408.0,5
小口売り連続,WATCH,2026-09-08,09:46:31,4422,610.0,5
小口売り連続,WATCH,2026-09-08,09:46:33,7369,407.0,5
小口売り連続,WATCH,2026-09-08,09:51:24,7369,404.0,5
UNDER急増,,2026-09-08,09:52:42,6217,772.0,28.4
小口売り連続,WATCH,2026-09-08,09:53:36,4894,5400.0,5
小口売り連続,WATCH,2026-09-08,09:58:52,6433,1135.0,5
UNDER急増,,2026-09-08,10:01:50,3692,6150.0,21.3
UNDER急増,,2026-09-08,10:06:14,4840,662.0,28.9
小口売り連続,WATCH,2026-09-08,10:06:56,4263,414.0,5
UNDER急増,,2026-09-08,10:08:18,4840,658.0,28.6
UNDER急増,,2026-09-08,10:09:18,4840,662.0,22.9
小口売り連続,WATCH,2026-09-08,10:10:01,4889,1208.0,5
UNDER急増,,2026-09-08,10:13:38,6217,776.0,73.3
小口売り連続,WATCH,2026-09-08,10:16:54,6228,536.0,5
UNDER急増,,2026-09-08,10:23:44,4199,820.0,42.2
小口売り連続,WATCH,2026-09-08,10:32:57,5590,743.0,5
UNDER急増,,2026-09-08,10:33:07,4075,1265.0,26.9
小口売り連続,WATCH,2026-09-08,10:37:27,4840,681.0,5
小口売り連続,WATCH,2026-09-08,10:38:51,2216,1093.0,5
小口売り連続,WATCH,2026-09-08,10:59:30,4570,1177.0,5
UNDER急増,,2026-09-08,11:07:17,5591,884.0,22.3
小口売り連続,WATCH,2026-09-08,11:08:44,4075,1262.0,5
小口売り連続,WATCH,2026-09-08,11:10:46,4579,556.0,5
小口売り連続,WATCH,2026-09-08,11:21:24,4570,1177.0,5
小口売り連続,WATCH,2026-09-08,11:29:21,4414,1090.0,5
UNDER急増,,2026-09-08,12:31:36,6217,776.0,27.9
UNDER急増,,2026-09-08,12:32:07,5599,1003.0,59.1
小口売り連続,WATCH,2026-09-08,12:34:15,4570,1180.0,5
小口売り連続,WATCH,2026-09-08,12:42:02,3692,6160.0,5
小口売り連続,WATCH,2026-09-08,12:42:17,4840,681.0,5
小口売り連続,WATCH,2026-09-08,12:50:20,7369,423.0,5
小口売り連続,WATCH,2026-09-08,12:52:33,4075,1247.0,5
小口売り連続,WATCH,2026-09-08,12:53:39,4075,1242.0,5
小口売り連続,WATCH,2026-09-08,12:53:59,1514,670.0,5
小口売り連続,WATCH,2026-09-08,13:06:51,9256,1033.0,5
UNDER急増,,2026-09-08,13:07:21,9238,374.0,52.9
小口売り連続,WATCH,2026-09-08,13:07:29,5729,1751.0,5
UNDER急増,,2026-09-08,13:18:54,9238,370.0,27.3
小口売り連続,WATCH,2026-09-08,13:23:21,5287,876.0,5
小口売り連続,WATCH,2026-09-08,13:32:11,9238,367.0,5
UNDER急増,,2026-09-08,13:32:15,9238,367.0,55.6
UNDER急増,,2026-09-08,13:42:00,5132,2142.0,37.9
小口売り連続,WATCH,2026-09-08,13:46:28,1514,671.0,5
小口売り連続,WATCH,2026-09-08,14:08:16,7794,1082.0,5
小口売り連続,WATCH,2026-09-08,14:09:07,9256,1022.0,5
小口売り連続,WATCH,2026-09-08,14:09:32,2998,566.0,5
小口売り連続,WATCH,2026-09-08,14:10:42,7369,388.0,5
UNDER急増,,2026-09-08,14:15:32,3803,615.0,23.1
UNDER急増,,2026-09-08,14:31:20,3803,615.0,23.1
小口売り連続,WATCH,2026-09-08,14:32:22,1885,2122.0,5
小口売り連続,WATCH,2026-09-08,14:41:18,1885,2119.0,5
小口売り連続,WATCH,2026-09-08,14:44:40,4013,654.0,5
小口売り連続,WATCH,2026-09-08,14:46:24,5597,1436.0,5
小口売り連続,WATCH,2026-09-08,14:46:39,9556,2457.0,5
小口売り連続,WATCH,2026-09-08,14:58:44,5597,1423.0,5
小口売り連続,WATCH,2026-09-08,14:58:48,9337,1450.0,5
小口売り連続,WATCH,2026-09-08,15:04:08,9556,2456.0,5
小口売り連続,WATCH,2026-09-08,15:06:05,4263,408.0,5
小口売り連続,WATCH,2026-09-08,15:06:32,3692,6010.0,5
小口売り連続,WATCH,2026-09-08,15:07:05,6433,1113.0,5
小口売り連続,WATCH,2026-09-08,15:12:08,1885,2107.0,5
UNDER急増,,2026-09-08,15:12:42,4422,598.0,69.3
小口売り連続,WATCH,2026-09-08,15:19:20,4013,654.0,5
UNDER急増,,2026-09-08,15:19:34,5707,997.0,31.0
小口売り連続,WATCH,2026-09-08,15:20:39,4889,1202.0,5
UNDER急増,,2026-09-08,15:23:08,4013,650.0,169.6
小口売り連続,WATCH,2026-09-08,15:23:12,1885,2105.0,5
小口売り連続,WATCH,2026-09-08,15:23:21,4579,550.0,5
小口売り連続,WATCH,2026-09-08,15:23:44,1885,2104.0,5
UNDER急増,,2026-09-08,15:24:07,5707,1001.0,30.6
小口売り連続,WATCH,2026-09-08,15:24:28,5262,1146.0,5
小口売り連続,WATCH,2026-09-08,15:24:32,1514,662.0,5
小口売り連続,WATCH,2026-09-08,15:24:32,6217,768.0,5
小口売り連続,WATCH,2026-09-08,15:24:45,9256,987.0,5
小口売り連続,WATCH,2026-09-08,15:24:50,6433,1105.0,5
UNDER急増,,2026-09-08,15:25:05,4013,650.0,54.0
UNDER急増,,2026-09-08,15:29:14,3747,422.0,22.7
UNDER急増,,2026-09-09,09:01:01,6217,766.0,62.1
UNDER急増,,2026-09-09,09:01:20,3963,312.0,25.7
UNDER急増,,2026-09-09,09:01:28,5132,2094.0,48.3
UNDER急増,,2026-09-09,09:01:31,4579,544.0,117.3
UNDER急増,,2026-09-09,09:01:35,5729,1715.0,92.5
UNDER急増,,2026-09-09,09:01:41,6433,1120.0,24.1
UNDER急増,,2026-09-09,09:01:43,4263,406.0,40.4
UNDER急増,,2026-09-09,09:01:46,4570,1160.0,26.8
UNDER急増,,2026-09-09,09:01:48,5590,733.0,109.5
UNDER急増,,2026-09-09,09:01:50,6620,695.0,234.5
UNDER急増,,2026-09-09,09:01:53,2998,558.0,60.2
UNDER急増,,2026-09-09,09:02:39,5132,2081.0,44.8
UNDER急増,,2026-09-09,09:02:44,6228,535.0,82.8
UNDER急増,,2026-09-09,09:02:47,4288,465.0,20.0
UNDER急増,,2026-09-09,09:02:50,3963,313.0,276.4
UNDER急増,,2026-09-09,09:02:52,6620,696.0,190.2
UNDER急増,,2026-09-09,09:03:24,4199,810.0,108.5
UNDER急増,,2026-09-09,09:04:08,4288,465.0,33.3
UNDER急増,,2026-09-09,09:05:46,4840,677.0,49.0
UNDER急増,,2026-09-09,09:06:31,4263,406.0,44.3
UNDER急増,,2026-09-09,09:07:27,4888,379.0,88.5
UNDER急増,,2026-09-09,09:07:28,4422,600.0,40.6
小口売り連続,WATCH,2026-09-09,09:09:00,4075,1290.0,5
UNDER急増,,2026-09-09,09:09:10,4888,377.0,96.9
UNDER急増,,2026-09-09,09:10:15,5132,2079.0,43.6
UNDER急増,,2026-09-09,09:11:41,4013,640.0,160.2
UNDER急増,,2026-09-09,09:13:08,5034,2266.0,24.5
小口売り連続,WATCH,2026-09-09,09:13:45,6433,1136.0,5
UNDER急増,,2026-09-09,09:15:43,9238,372.0,24.4
UNDER急増,,2026-09-09,09:16:45,3930,784.0,128.2
小口売り連続,STRONG,2026-09-09,09:18:33,6433,1132.0,10
UNDER急増,,2026-09-09,09:21:28,9256,995.0,30.1
UNDER急増,,2026-09-09,09:21:39,9238,372.0,45.1
小口売り連続,WATCH,2026-09-09,09:21:43,1514,668.0,5
小口売り連続,WATCH,2026-09-09,09:25:55,7794,1057.0,5
小口売り連続,WATCH,2026-09-09,09:28:38,4888,386.0,5
小口売り連続,WATCH,2026-09-09,09:28:47,7794,1050.0,5
小口売り連続,WATCH,2026-09-09,09:29:23,7369,385.0,5
小口売り連続,WATCH,2026-09-09,09:32:36,4888,384.0,5
UNDER急増,,2026-09-09,09:33:24,5034,2222.0,20.7
UNDER急増,,2026-09-09,09:34:31,5034,2240.0,23.8
UNDER急増,,2026-09-09,09:35:11,4288,465.0,33.3
小口売り連続,WATCH,2026-09-09,09:35:43,3692,5980.0,5
小口売り連続,WATCH,2026-09-09,09:36:19,4888,382.0,5
小口売り連続,WATCH,2026-09-09,09:38:46,3449,4065.0,5
定期買い集め,STRONG,2026-09-09,09:39:45,4013,,12.9
UNDER急増,,2026-09-09,09:40:46,4288,465.0,20.4
UNDER急増,,2026-09-09,09:41:18,4840,670.0,40.3
小口売り連続,WATCH,2026-09-09,09:42:23,4075,1277.0,5
小口売り連続,WATCH,2026-09-09,09:49:04,1514,671.0,5
小口売り連続,WATCH,2026-09-09,09:59:53,1885,2143.0,5
小口売り連続,WATCH,2026-09-09,10:00:03,7034,340.0,5
UNDER急増,,2026-09-09,10:06:41,4263,404.0,47.1
小口売り連続,WATCH,2026-09-09,10:07:15,1514,671.0,5
小口売り連続,STRONG,2026-09-09,10:11:09,1514,671.0,10
小口売り連続,WATCH,2026-09-09,10:14:07,4418,1047.0,5
小口売り連続,WATCH,2026-09-09,10:16:28,7794,1051.0,5
UNDER急増,,2026-09-09,10:16:50,4288,461.0,21.3
小口売り連続,WATCH,2026-09-09,10:16:53,4894,5360.0,5
UNDER急増,,2026-09-09,10:18:11,6580,862.0,44.7
UNDER急増,,2026-09-09,10:21:10,4288,465.0,21.3
小口売り連続,WATCH,2026-09-09,10:26:13,6433,1135.0,5
小口売り連続,WATCH,2026-09-09,10:30:43,1885,2126.0,5
UNDER急増,,2026-09-09,10:32:06,3803,616.0,181.5
UNDER急増,,2026-09-09,10:32:07,5132,2085.0,22.3
小口売り連続,WATCH,2026-09-09,10:37:27,4075,1303.0,5
小口売り連続,WATCH,2026-09-09,10:38:27,2998,562.0,5
小口売り連続,WATCH,2026-09-09,10:43:22,4570,1141.0,5
UNDER急増,,2026-09-09,10:48:52,4288,463.0,20.5
小口売り連続,WATCH,2026-09-09,10:50:04,5287,927.0,5
小口売り連続,STRONG,2026-09-09,10:51:49,2998,562.0,10
定期買い集め,STRONG,2026-09-09,10:54:21,6580,,22.3
小口売り連続,WATCH,2026-09-09,11:01:41,4889,1199.0,5
小口売り連続,WATCH,2026-09-09,11:21:32,5287,972.0,5
小口売り連続,WATCH,2026-09-09,11:22:34,3449,4055.0,5
小口売り連続,WATCH,2026-09-09,11:25:54,2998,561.0,5
UNDER急増,,2026-09-09,11:27:54,3803,621.0,24.5
UNDER急増,,2026-09-09,11:29:37,3803,621.0,35.7
UNDER急増,,2026-09-09,12:25:57,4199,810.0,30.6
UNDER急増,,2026-09-09,12:26:36,6620,693.0,26.5
UNDER急増,,2026-09-09,12:31:03,5729,1716.0,71.1
UNDER急増,,2026-09-09,12:31:11,6620,694.0,180.1
UNDER急増,,2026-09-09,12:31:37,5132,2080.0,27.1
UNDER急増,,2026-09-09,12:31:48,5590,719.0,128.9
小口売り連続,WATCH,2026-09-09,12:31:59,5817,1074.0,5
UNDER急増,,2026-09-09,12:32:10,3747,419.0,20.9
小口売り連続,WATCH,2026-09-09,12:33:34,7794,1029.0,5
UNDER急増,,2026-09-09,12:35:58,6580,854.0,45.3
小口売り連続,WATCH,2026-09-09,12:39:07,4418,1054.0,5
UNDER急増,,2026-09-09,12:43:53,4395,687.0,78.0
小口売り連続,WATCH,2026-09-09,12:44:11,7794,1023.0,5
小口売り連続,WATCH,2026-09-09,12:45:20,1885,2131.0,5
小口売り連続,WATCH,2026-09-09,12:47:18,4418,1051.0,5
小口売り連続,WATCH,2026-09-09,12:47:37,5262,1147.0,5
UNDER急増,,2026-09-09,12:47:55,4395,671.0,61.0
UNDER急増,,2026-09-09,12:48:56,4395,662.0,71.9
UNDER急増,,2026-09-09,12:49:57,4395,646.0,82.5
UNDER急増,,2026-09-09,12:50:57,4395,635.0,114.5
小口売り連続,WATCH,2026-09-09,12:51:04,5287,940.0,5
小口売り連続,WATCH,2026-09-09,12:51:54,7794,1018.0,5
UNDER急増,,2026-09-09,12:51:57,4395,629.0,107.2
小口売り連続,WATCH,2026-09-09,12:53:29,5597,1416.0,5
UNDER急増,,2026-09-09,12:53:50,4395,624.0,35.1
UNDER急増,,2026-09-09,12:54:49,4288,455.0,60.9
UNDER急増,,2026-09-09,12:56:01,3747,420.0,21.0
小口売り連続,WATCH,2026-09-09,12:56:07,4395,615.0,5
UNDER急増,,2026-09-09,12:59:12,4288,456.0,29.4
UNDER急増,,2026-09-09,12:59:51,3803,620.0,219.6
UNDER急増,,2026-09-09,13:00:42,6580,855.0,42.7
UNDER急増,,2026-09-09,13:03:28,6217,770.0,22.5
小口売り連続,WATCH,2026-09-09,13:07:53,5287,961.0,5
小口売り連続,WATCH,2026-09-09,13:09:11,4075,1260.0,5
小口売り連続,WATCH,2026-09-09,13:09:11,9556,2531.0,5
小口売り連続,WATCH,2026-09-09,13:11:15,5287,951.0,5
UNDER急増,,2026-09-09,13:14:31,2216,1087.0,24.1
小口売り連続,WATCH,2026-09-09,13:15:10,3747,418.0,5
小口売り連続,WATCH,2026-09-09,13:17:13,4422,578.0,5
小口売り連続,WATCH,2026-09-09,13:17:51,1514,667.0,5
小口売り連続,WATCH,2026-09-09,13:21:28,9556,2530.0,5
小口売り連続,WATCH,2026-09-09,13:24:37,6433,1145.0,5
小口売り連続,WATCH,2026-09-09,13:25:17,5597,1430.0,5
UNDER急増,,2026-09-09,13:26:33,6217,771.0,21.7
小口売り連続,WATCH,2026-09-09,13:40:58,5287,968.0,5
小口売り連続,WATCH,2026-09-09,13:45:42,5597,1415.0,5
UNDER急増,,2026-09-09,14:02:58,3803,622.0,22.5
UNDER急増,,2026-09-09,14:04:04,4378,528.0,31.2
小口売り連続,WATCH,2026-09-09,14:09:25,9556,2519.0,5
小口売り連続,WATCH,2026-09-09,14:18:53,2216,1088.0,5
小口売り連続,WATCH,2026-09-09,14:21:04,4263,404.0,5
小口売り連続,WATCH,2026-09-09,14:23:06,4013,635.0,5
小口売り連続,WATCH,2026-09-09,14:29:24,5287,1002.0,5
定期買い集め,STRONG,2026-09-09,14:30:07,2998,,13.4
小口売り連続,WATCH,2026-09-09,14:38:05,4263,404.0,5
小口売り連続,WATCH,2026-09-09,14:39:07,4894,5320.0,5
小口売り連続,WATCH,2026-09-09,14:42:37,5817,1075.0,5
小口売り連続,WATCH,2026-09-09,14:45:00,9556,2510.0,5
小口売り連続,WATCH,2026-09-09,14:47:43,9556,2501.0,5
小口売り連続,WATCH,2026-09-09,14:54:02,9556,2496.0,5
小口売り連続,WATCH,2026-09-09,14:54:43,5729,1718.0,5
小口売り連続,WATCH,2026-09-09,15:02:03,6433,1161.0,5
小口売り連続,WATCH,2026-09-09,15:02:30,1514,668.0,5
UNDER急増,,2026-09-09,15:04:29,9256,995.0,30.7
小口売り連続,WATCH,2026-09-09,15:04:58,5262,1160.0,5
UNDER急増,,2026-09-09,15:05:29,9256,996.0,30.1
小口売り連続,WATCH,2026-09-09,15:05:48,4263,404.0,5
小口売り連続,WATCH,2026-09-09,15:06:21,5597,1392.0,5
小口売り連続,WATCH,2026-09-09,15:09:42,9256,996.0,5
小口売り連続,WATCH,2026-09-09,15:09:59,9556,2485.0,5
小口売り連続,STRONG,2026-09-09,15:11:40,4263,404.0,10
小口売り連続,STRONG,2026-09-09,15:13:11,5729,1712.0,10
UNDER急増,,2026-09-09,15:14:03,6580,853.0,38.9
小口売り連続,STRONG,2026-09-09,15:14:05,9256,996.0,10
小口売り連続,WATCH,2026-09-09,15:15:09,9556,2470.0,5
小口売り連続,WATCH,2026-09-09,15:17:32,9556,2468.0,5
小口売り連続,WATCH,2026-09-09,15:21:51,4263,404.0,5
UNDER急増,,2026-09-09,15:23:42,9256,997.0,30.7
小口売り連続,WATCH,2026-09-09,15:23:45,6620,690.0,5
小口売り連続,WATCH,2026-09-09,15:24:30,5262,1158.0,5
小口売り連続,WATCH,2026-09-09,15:24:52,9256,996.0,5
小口売り連続,WATCH,2026-09-09,15:24:55,6620,688.0,5
小口売り連続,WATCH,2026-09-09,15:24:58,6433,1153.0,5
UNDER急増,,2026-09-09,15:29:52,6620,688.0,22.9
UNDER急増,,2026-09-09,15:30:01,4894,5330.0,39.4
UNDER急増,,2026-09-09,15:30:01,5132,2010.0,44.8
UNDER急増,,2026-09-10,09:01:05,6580,847.0,64.4
UNDER急増,,2026-09-10,09:01:08,5729,1711.0,84.0
UNDER急増,,2026-09-10,09:01:12,6620,685.0,259.6
UNDER急増,,2026-09-10,09:01:16,3803,611.0,25.7
UNDER急増,,2026-09-10,09:01:28,2998,556.0,64.2
UNDER急増,,2026-09-10,09:01:28,4263,399.0,44.2
UNDER急増,,2026-09-10,09:01:40,1514,665.0,37.2
UNDER急増,,2026-09-10,09:01:42,4075,1211.0,31.7
UNDER急増,,2026-09-10,09:01:44,3963,313.0,146.9
UNDER急増,,2026-09-10,09:01:44,5597,1389.0,20.9
UNDER急増,,2026-09-10,09:01:46,5590,707.0,123.0
UNDER急増,,2026-09-10,09:02:01,3449,4055.0,25.8
UNDER急増,,2026-09-10,09:02:41,2998,546.0,69.0
定期買い集め,WATCH,2026-09-10,09:02:50,4075,,5.5
UNDER急増,,2026-09-10,09:03:24,3449,4015.0,22.2
UNDER急増,,2026-09-10,09:03:48,6217,768.0,45.8
UNDER急増,,2026-09-10,09:04:25,3449,4020.0,21.3
UNDER急増,,2026-09-10,09:06:04,9238,370.0,46.0
UNDER急増,,2026-09-10,09:07:22,3803,611.0,28.2
UNDER急増,,2026-09-10,09:08:11,5599,1002.0,57.4
小口売り連続,WATCH,2026-09-10,09:10:41,4889,1188.0,5
小口売り連続,WATCH,2026-09-10,09:12:07,4888,384.0,5
小口売り連続,WATCH,2026-09-10,09:12:20,5287,1016.0,5
UNDER急増,,2026-09-10,09:12:54,3930,778.0,145.5
小口売り連続,WATCH,2026-09-10,09:15:55,4888,385.0,5
UNDER急増,,2026-09-10,09:16:02,4199,809.0,35.3
UNDER急増,,2026-09-10,09:16:17,9238,370.0,46.0
UNDER急増,,2026-09-10,09:21:17,7034,330.0,27.6
UNDER急増,,2026-09-10,09:21:28,9256,996.0,25.7
小口売り連続,WATCH,2026-09-10,09:22:34,5707,1014.0,5
UNDER急増,,2026-09-10,09:26:06,4888,380.0,80.1
小口売り連続,WATCH,2026-09-10,09:26:33,3747,411.0,5
小口売り連続,WATCH,2026-09-10,09:27:32,2998,542.0,5
小口売り連続,WATCH,2026-09-10,09:28:03,4840,656.0,5
小口売り連続,WATCH,2026-09-10,09:29:40,4888,379.0,5
小口売り連続,WATCH,2026-09-10,09:31:15,6433,1163.0,5
小口売り連続,WATCH,2026-09-10,09:31:53,4888,379.0,5
小口売り連続,WATCH,2026-09-10,09:32:01,5590,707.0,5
小口売り連続,WATCH,2026-09-10,09:32:55,2998,542.0,5
UNDER急増,,2026-09-10,09:33:24,3803,610.0,43.3
UNDER急増,,2026-09-10,09:33:45,4888,376.0,84.5
小口売り連続,WATCH,2026-09-10,09:36:34,5287,1017.0,5
小口売り連続,STRONG,2026-09-10,09:36:47,5287,1017.0,10
UNDER急増,,2026-09-10,09:37:03,4199,809.0,35.3
UNDER急増,,2026-09-10,09:39:03,4199,809.0,35.3
小口売り連続,WATCH,2026-09-10,09:39:45,4889,1197.0,5
UNDER急増,,2026-09-10,09:40:38,4422,548.0,20.2
UNDER急増,,2026-09-10,09:40:55,4288,455.0,42.9
小口売り連続,WATCH,2026-09-10,09:42:02,4422,547.0,5
UNDER急増,,2026-09-10,09:43:36,4288,457.0,42.9
小口売り連続,WATCH,2026-09-10,09:43:47,5597,1382.0,5
小口売り連続,WATCH,2026-09-10,09:44:57,5132,1931.0,5
UNDER急増,,2026-09-10,09:47:32,7034,329.0,22.3
UNDER急増,,2026-09-10,09:48:40,7034,329.0,22.3
小口売り連続,WATCH,2026-09-10,09:48:43,5287,1091.0,5
小口売り連続,WATCH,2026-09-10,09:49:39,5287,1083.0,5
小口売り連続,WATCH,2026-09-10,09:50:17,4889,1200.0,5
UNDER急増,,2026-09-10,09:55:26,7034,330.0,21.1
UNDER急増,,2026-09-10,09:55:27,6217,758.0,55.2
小口売り連続,WATCH,2026-09-10,09:56:00,5287,1111.0,5
小口売り連続,WATCH,2026-09-10,09:57:33,2998,540.0,5
小口売り連続,WATCH,2026-09-10,10:01:13,5287,1033.0,5
UNDER急増,,2026-09-10,10:01:24,4199,814.0,39.7
小口売り連続,WATCH,2026-09-10,10:03:30,4888,375.0,5
UNDER急増,,2026-09-10,10:05:01,6217,752.0,27.8
小口売り連続,WATCH,2026-09-10,10:05:22,4418,1035.0,5
小口売り連続,WATCH,2026-09-10,10:06:22,5132,1915.0,5
小口売り連続,WATCH,2026-09-10,10:07:21,6433,1161.0,5
UNDER急増,,2026-09-10,10:08:53,9256,997.0,24.4
定期買い集め,WATCH,2026-09-10,10:09:15,4422,,6.2
UNDER急増,,2026-09-10,10:11:47,6217,752.0,22.0
小口売り連続,WATCH,2026-09-10,10:18:29,2998,538.0,5
定期買い集め,WATCH,2026-09-10,10:21:22,4013,,5.3
小口売り連続,STRONG,2026-09-10,10:25:00,2998,538.0,10
UNDER急増,,2026-09-10,10:32:29,9256,998.0,27.1
小口売り連続,WATCH,2026-09-10,10:33:41,3692,6160.0,5
小口売り連続,WATCH,2026-09-10,10:35:46,5132,1867.0,5
小口売り連続,WATCH,2026-09-10,10:35:56,4889,1196.0,5
UNDER急増,,2026-09-10,10:36:16,5729,1677.0,123.5
UNDER急増,,2026-09-10,10:37:32,6580,855.0,58.9
小口売り連続,WATCH,2026-09-10,10:39:04,5287,1015.0,5
小口売り連続,WATCH,2026-09-10,10:39:37,3692,6080.0,5
UNDER急増,,2026-09-10,10:42:20,6217,750.0,26.5
小口売り連続,WATCH,2026-09-10,10:47:58,5287,1011.0,5
UNDER急増,,2026-09-10,10:57:49,5132,1861.0,33.9
UNDER急増,,2026-09-10,10:58:00,9256,997.0,27.7
小口売り連続,WATCH,2026-09-10,11:03:11,4889,1198.0,5
小口売り連続,WATCH,2026-09-10,11:05:59,9556,2552.0,5
UNDER急増,,2026-09-10,11:08:45,4199,810.0,31.6
小口売り連続,WATCH,2026-09-10,11:09:46,4395,563.0,5
小口売り連続,WATCH,2026-09-10,11:13:05,5287,1016.0,5
小口売り連続,WATCH,2026-09-10,11:20:16,4288,457.0,5
UNDER急増,,2026-09-10,11:22:07,3803,604.0,24.0
小口売り連続,WATCH,2026-09-10,11:24:42,2998,537.0,5
UNDER急増,,2026-09-10,11:29:45,3803,606.0,44.4
UNDER急増,,2026-09-10,11:29:49,7034,329.0,25.2
UNDER急増,,2026-09-10,12:09:36,7034,329.0,34.4
UNDER急増,,2026-09-10,12:12:16,4894,5240.0,28.9
UNDER急増,,2026-09-10,12:31:41,5132,1851.0,26.2
UNDER急増,,2026-09-10,12:31:54,5599,1000.0,46.4
小口売り連続,WATCH,2026-09-10,12:32:20,4889,1199.0,5
小口売り連続,WATCH,2026-09-10,12:37:05,5287,949.0,5
UNDER急増,,2026-09-10,12:40:31,5707,998.0,28.5
UNDER急増,,2026-09-10,12:48:18,5707,1001.0,24.0
小口売り連続,WATCH,2026-09-10,12:48:28,4414,1084.0,5
小口売り連続,WATCH,2026-09-10,12:48:46,2998,538.0,5
小口売り連続,WATCH,2026-09-10,12:56:37,5287,949.0,5
小口売り連続,WATCH,2026-09-10,12:57:43,2998,538.0,5
小口売り連続,WATCH,2026-09-10,12:58:48,7034,328.0,5
小口売り連続,WATCH,2026-09-10,13:03:52,5287,939.0,5
定期買い集め,STRONG,2026-09-10,13:07:05,6620,,36.5
小口売り連続,WATCH,2026-09-10,13:09:04,5287,934.0,5
UNDER急増,,2026-09-10,13:09:12,6217,751.0,65.8
小口売り連続,WATCH,2026-09-10,13:14:00,5132,1844.0,5
小口売り連続,WATCH,2026-09-10,13:14:20,2998,536.0,5
小口売り連続,WATCH,2026-09-10,13:15:17,4570,1139.0,5
小口売り連続,WATCH,2026-09-10,13:20:02,5287,915.0,5
小口売り連続,WATCH,2026-09-10,13:24:50,3692,6270.0,5
小口売り連続,STRONG,2026-09-10,13:26:39,2998,536.0,10
小口売り連続,WATCH,2026-09-10,13:27:37,4888,403.0,5
小口売り連続,WATCH,2026-09-10,13:32:58,3692,6260.0,5
UNDER急増,,2026-09-10,13:35:01,5707,1000.0,26.7
UNDER急増,,2026-09-10,13:40:42,3803,604.0,42.0
小口売り連続,WATCH,2026-09-10,13:45:13,1514,640.0,5
小口売り連続,WATCH,2026-09-10,13:46:05,4570,1139.0,5
UNDER急増,,2026-09-10,13:50:30,6217,752.0,65.8
UNDER急増,,2026-09-10,13:50:31,3803,604.0,41.0
小口売り連続,WATCH,2026-09-10,13:53:47,3692,6310.0,5
定期買い集め,WATCH,2026-09-10,13:57:54,4840,,7.8
小口売り連続,WATCH,2026-09-10,14:04:21,9556,2558.0,5
定期買い集め,STRONG,2026-09-10,14:05:51,4013,,10.1
小口売り連続,WATCH,2026-09-10,14:07:28,5287,928.0,5
小口売り連続,WATCH,2026-09-10,14:07:45,2998,534.0,5
UNDER急増,,2026-09-10,14:10:26,3803,607.0,30.5
小口売り連続,WATCH,2026-09-10,14:12:11,4570,1135.0,5
小口売り連続,STRONG,2026-09-10,14:13:53,2998,534.0,10
小口売り連続,WATCH,2026-09-10,14:14:25,5287,930.0,5
小口売り連続,WATCH,2026-09-10,14:23:51,5287,945.0,5
小口売り連続,WATCH,2026-09-10,14:27:38,5287,950.0,5
小口売り連続,WATCH,2026-09-10,14:29:43,1514,639.0,5
UNDER急増,,2026-09-10,14:30:28,4199,811.0,24.8
小口売り連続,WATCH,2026-09-10,14:32:11,5287,962.0,5
小口売り連続,STRONG,2026-09-10,14:32:22,5287,960.0,10
UNDER急増,,2026-09-10,14:32:49,3803,607.0,26.6
UNDER急増,,2026-09-10,14:34:31,3803,606.0,32.8
小口売り連続,WATCH,2026-09-10,14:40:21,3692,6370.0,5
UNDER急増,,2026-09-10,14:40:23,3803,606.0,26.6
小口売り連続,WATCH,2026-09-10,14:40:32,3449,4065.0,5
小口売り連続,WATCH,2026-09-10,14:43:09,4570,1136.0,5
小口売り連続,WATCH,2026-09-10,14:43:32,6433,1165.0,5
小口売り連続,WATCH,2026-09-10,14:44:01,5287,948.0,5
小口売り連続,WATCH,2026-09-10,14:45:16,1514,641.0,5
UNDER急増,,2026-09-10,14:45:38,9256,996.0,24.1
UNDER急増,,2026-09-10,14:46:42,9256,995.0,23.9
UNDER急増,,2026-09-10,14:55:05,3803,600.0,25.3
小口売り連続,WATCH,2026-09-10,15:00:03,3449,4065.0,5
小口売り連続,WATCH,2026-09-10,15:04:53,2998,532.0,5
小口売り連続,WATCH,2026-09-10,15:09:39,5287,970.0,5
UNDER急増,,2026-09-10,15:10:29,9256,998.0,24.5
小口売り連続,WATCH,2026-09-10,15:11:38,9337,1429.0,5
小口売り連続,WATCH,2026-09-10,15:13:50,1514,645.0,5
小口売り連続,WATCH,2026-09-10,15:17:19,4840,677.0,5
小口売り連続,WATCH,2026-09-10,15:20:05,3692,6380.0,5
小口売り連続,WATCH,2026-09-10,15:20:39,1514,645.0,5
小口売り連続,STRONG,2026-09-10,15:22:00,1514,645.0,10
小口売り連続,WATCH,2026-09-10,15:22:11,5262,1136.0,5
小口売り連続,WATCH,2026-09-10,15:23:31,6433,1162.0,5
小口売り連続,WATCH,2026-09-10,15:24:04,9556,2542.0,5
UNDER急増,,2026-09-10,15:26:26,4199,810.0,61.2
UNDER急増,,2026-09-10,15:29:44,6433,1160.0,28.8
UNDER急増,,2026-09-11,09:01:02,9337,1418.0,25.7
UNDER急増,,2026-09-11,09:01:16,7794,976.0,23.3
UNDER急増,,2026-09-11,09:01:19,4199,810.0,30.4
UNDER急増,,2026-09-11,09:01:31,5729,1693.0,55.2
UNDER急増,,2026-09-11,09:01:35,4013,633.0,151.6
UNDER急増,,2026-09-11,09:01:39,4263,393.0,57.8
UNDER急増,,2026-09-11,09:01:42,6433,1124.0,50.0
UNDER急増,,2026-09-11,09:01:42,2998,520.0,92.2
UNDER急増,,2026-09-11,09:01:47,4414,1060.0,34.4
UNDER急増,,2026-09-11,09:01:48,6228,522.0,87.4
UNDER急増,,2026-09-11,09:01:49,2216,1070.0,28.5
UNDER急増,,2026-09-11,09:02:06,3963,310.0,272.5
UNDER急増,,2026-09-11,09:02:16,7794,971.0,22.9
UNDER急増,,2026-09-11,09:02:37,5729,1677.0,71.0
UNDER急増,,2026-09-11,09:02:59,6217,752.0,43.5
UNDER急増,,2026-09-11,09:03:01,5132,1755.0,28.3
UNDER急増,,2026-09-11,09:03:01,5817,1039.0,23.3
UNDER急増,,2026-09-11,09:03:01,3449,3945.0,20.3
UNDER急増,,2026-09-11,09:03:01,6620,669.0,24.4
UNDER急増,,2026-09-11,09:03:04,4894,5150.0,22.2
UNDER急増,,2026-09-11,09:03:07,4579,542.0,147.2
UNDER急増,,2026-09-11,09:03:08,5597,1353.0,25.7
UNDER急増,,2026-09-11,09:03:09,4889,1178.0,58.4
UNDER急増,,2026-09-11,09:03:09,4888,399.0,45.4
UNDER急増,,2026-09-11,09:03:49,5034,2172.0,33.8
UNDER急増,,2026-09-11,09:03:51,5707,954.0,27.5
UNDER急増,,2026-09-11,09:04:02,5591,858.0,21.1
UNDER急増,,2026-09-11,09:04:09,5597,1362.0,25.1
UNDER急増,,2026-09-11,09:04:10,4889,1179.0,38.3
UNDER急増,,2026-09-11,09:04:15,6620,667.0,288.9
UNDER急増,,2026-09-11,09:04:25,4894,5190.0,22.0
UNDER急増,,2026-09-11,09:04:58,5590,705.0,125.6
小口売り連続,WATCH,2026-09-11,09:05:05,5132,1770.0,5
UNDER急増,,2026-09-11,09:05:11,3449,3875.0,31.4
UNDER急増,,2026-09-11,09:05:46,5599,1010.0,41.2
UNDER急増,,2026-09-11,09:06:01,4840,657.0,62.6
UNDER急増,,2026-09-11,09:06:56,5707,958.0,27.2
UNDER急増,,2026-09-11,09:06:57,3747,401.0,23.1
UNDER急増,,2026-09-11,09:07:05,4894,5180.0,24.9
UNDER急増,,2026-09-11,09:08:03,1514,635.0,45.6
UNDER急増,,2026-09-11,09:08:40,3747,402.0,35.6
UNDER急増,,2026-09-11,09:12:32,5817,1023.0,54.4
定期買い集め,WATCH,2026-09-11,09:13:48,2998,,5.8
小口売り連続,WATCH,2026-09-11,09:15:05,5262,1131.0,5
UNDER急増,,2026-09-11,09:15:11,6580,896.0,48.3
UNDER急増,,2026-09-11,09:15:32,4013,633.0,134.0
小口売り連続,WATCH,2026-09-11,09:15:51,4263,395.0,5
小口売り連続,WATCH,2026-09-11,09:16:17,4013,633.0,5
定期買い集め,STRONG,2026-09-11,09:18:15,4075,,12.8
UNDER急増,,2026-09-11,09:20:24,4378,512.0,43.2
UNDER急増,,2026-09-11,09:20:29,3747,401.0,22.8
小口売り連続,WATCH,2026-09-11,09:21:15,4894,5180.0,5
小口売り連続,WATCH,2026-09-11,09:22:07,5707,935.0,5
UNDER急増,,2026-09-11,09:23:50,9238,374.0,50.0
UNDER急増,,2026-09-11,09:24:33,6217,737.0,29.9
UNDER急増,,2026-09-11,09:31:32,9337,1420.0,75.4
小口売り連続,WATCH,2026-09-11,09:33:16,5817,1028.0,5
UNDER急増,,2026-09-11,09:33:41,4378,513.0,21.5
UNDER急増,,2026-09-11,09:37:29,6217,739.0,41.9
UNDER急増,,2026-09-11,09:39:20,4894,5180.0,26.3
UNDER急増,,2026-09-11,09:40:54,4199,800.0,30.0
UNDER急増,,2026-09-11,09:40:58,6580,864.0,52.2
小口売り連続,WATCH,2026-09-11,09:41:58,4422,493.0,5
UNDER急増,,2026-09-11,09:42:44,6580,864.0,54.7
UNDER急増,,2026-09-11,09:43:23,4422,490.0,64.1
小口売り連続,WATCH,2026-09-11,09:43:58,4395,596.0,5
小口売り連続,WATCH,2026-09-11,09:45:06,6217,736.0,5
UNDER急増,,2026-09-11,09:45:12,4422,490.0,63.5
UNDER急増,,2026-09-11,09:47:17,4894,5180.0,25.2
UNDER急増,,2026-09-11,09:49:40,4894,5200.0,25.6
UNDER急増,,2026-09-11,09:51:04,4894,5200.0,25.6
定期買い集め,STRONG,2026-09-11,09:51:21,4013,,13.8
小口売り連続,WATCH,2026-09-11,09:53:20,6433,1136.0,5
UNDER急増,,2026-09-11,09:54:56,9238,374.0,26.3
小口売り連続,WATCH,2026-09-11,10:02:14,4570,1114.0,5
UNDER急増,,2026-09-11,10:04:13,3747,401.0,23.1
UNDER急増,,2026-09-11,10:14:55,4422,490.0,47.0
UNDER急増,,2026-09-11,10:19:38,3747,403.0,33.2
小口売り連続,WATCH,2026-09-11,10:26:11,4894,5190.0,5
小口売り連続,WATCH,2026-09-11,10:30:03,4570,1114.0,5
UNDER急増,,2026-09-11,10:30:46,3747,403.0,34.0
小口売り連続,WATCH,2026-09-11,10:37:24,5132,1821.0,5
小口売り連続,WATCH,2026-09-11,10:37:30,2998,520.0,5
UNDER急増,,2026-09-11,10:38:51,3747,403.0,34.3
小口売り連続,WATCH,2026-09-11,10:42:15,5287,923.0,5
小口売り連続,STRONG,2026-09-11,10:43:10,5287,921.0,10
小口売り連続,WATCH,2026-09-11,10:45:58,6580,862.0,5
UNDER急増,,2026-09-11,10:46:39,4894,5200.0,23.0
小口売り連続,WATCH,2026-09-11,10:48:14,4075,1211.0,5
小口売り連続,WATCH,2026-09-11,10:49:17,4888,428.0,5
UNDER急増,,2026-09-11,10:50:15,3747,403.0,34.3
小口売り連続,WATCH,2026-09-11,10:50:32,3449,3910.0,5
小口売り連続,WATCH,2026-09-11,10:52:30,4888,428.0,5
小口売り連続,WATCH,2026-09-11,10:53:14,9556,2494.0,5
小口売り連続,WATCH,2026-09-11,10:56:11,5287,922.0,5
UNDER急増,,2026-09-11,11:02:47,4894,5200.0,23.3
小口売り連続,WATCH,2026-09-11,11:11:55,4894,5200.0,5
UNDER急増,,2026-09-11,11:12:35,4894,5200.0,27.6
小口売り連続,WATCH,2026-09-11,11:13:48,4570,1114.0,5
UNDER急増,,2026-09-11,11:15:12,4894,5200.0,26.6
小口売り連続,WATCH,2026-09-11,11:16:20,4075,1242.0,5
小口売り連続,WATCH,2026-09-11,11:17:51,4888,425.0,5
小口売り連続,WATCH,2026-09-11,11:20:13,5287,922.0,5
定期買い集め,WATCH,2026-09-11,11:20:33,5707,,5.0
小口売り連続,WATCH,2026-09-11,11:24:59,4422,502.0,5
小口売り連続,WATCH,2026-09-11,11:25:57,6228,535.0,5
UNDER急増,,2026-09-11,11:27:32,4894,5200.0,31.4
小口売り連続,WATCH,2026-09-11,11:27:36,4075,1211.0,5
UNDER急増,,2026-09-11,11:28:59,4894,5200.0,31.4
UNDER急増,,2026-09-11,11:29:27,6217,742.0,96.2
小口売り連続,WATCH,2026-09-11,11:30:01,4013,638.0,5
UNDER急増,,2026-09-11,12:05:02,9238,374.0,25.6
UNDER急増,,2026-09-11,12:25:48,4199,800.0,22.6
小口売り連続,WATCH,2026-09-11,12:30:01,6217,746.0,5
小口売り連続,WATCH,2026-09-11,12:32:01,3692,6190.0,5
小口売り連続,WATCH,2026-09-11,12:32:42,3449,3885.0,5
UNDER急増,,2026-09-11,12:33:15,5599,1000.0,36.7
小口売り連続,WATCH,2026-09-11,12:41:39,4075,1205.0,5
UNDER急増,,2026-09-11,12:42:06,4894,5190.0,22.8
UNDER急増,,2026-09-11,12:45:46,6217,739.0,27.7
UNDER急増,,2026-09-11,12:45:50,6580,864.0,41.5
小口売り連続,WATCH,2026-09-11,12:48:35,6580,862.0,5
UNDER急増,,2026-09-11,12:48:49,4894,5200.0,26.8
小口売り連続,WATCH,2026-09-11,12:51:33,4888,419.0,5
小口売り連続,WATCH,2026-09-11,12:56:00,6433,1130.0,5
小口売り連続,WATCH,2026-09-11,12:58:01,4422,501.0,5
小口売り連続,WATCH,2026-09-11,12:58:16,5287,961.0,5
小口売り連続,WATCH,2026-09-11,12:58:49,9556,2129.0,5
UNDER急増,,2026-09-11,13:14:10,9556,2060.0,26.4
小口売り連続,WATCH,2026-09-11,13:14:41,9556,2061.0,5
小口売り連続,WATCH,2026-09-11,13:16:09,5287,926.0,5
小口売り連続,WATCH,2026-09-11,13:19:59,4888,415.0,5
小口売り連続,WATCH,2026-09-11,13:23:07,4894,5220.0,5
UNDER急増,,2026-09-11,13:39:23,6580,863.0,50.3
小口売り連続,WATCH,2026-09-11,13:42:58,4570,1107.0,5
小口売り連続,WATCH,2026-09-11,13:44:04,7034,321.0,5
小口売り連続,WATCH,2026-09-11,13:46:04,4888,419.0,5
小口売り連続,STRONG,2026-09-11,13:46:46,4888,419.0,10
小口売り連続,WATCH,2026-09-11,13:51:52,9556,2059.0,5
小口売り連続,WATCH,2026-09-11,13:54:36,4888,420.0,5
小口売り連続,WATCH,2026-09-11,13:59:15,4888,421.0,5
小口売り連続,WATCH,2026-09-11,14:02:39,4888,421.0,5
小口売り連続,WATCH,2026-09-11,14:05:15,5262,1137.0,5
小口売り連続,WATCH,2026-09-11,14:08:24,9556,2045.0,5
小口売り連続,WATCH,2026-09-11,14:12:54,1885,2066.0,5
小口売り連続,WATCH,2026-09-11,14:13:29,1514,635.0,5
小口売り連続,WATCH,2026-09-11,14:15:00,4075,1191.0,5
小口売り連続,WATCH,2026-09-11,14:15:14,5287,931.0,5
小口売り連続,WATCH,2026-09-11,14:16:52,1885,2065.0,5
小口売り連続,WATCH,2026-09-11,14:25:04,7034,320.0,5
小口売り連続,WATCH,2026-09-11,14:25:21,4894,5240.0,5
小口売り連続,WATCH,2026-09-11,14:30:39,5287,932.0,5
小口売り連続,WATCH,2026-09-11,14:33:37,2216,1070.0,5
UNDER急増,,2026-09-11,14:42:28,3747,401.0,36.7
小口売り連続,WATCH,2026-09-11,14:42:31,3449,3955.0,5
小口売り連続,WATCH,2026-09-11,14:46:37,5287,922.0,5
UNDER急増,,2026-09-11,14:47:05,5599,1000.0,40.9
UNDER急増,,2026-09-11,14:48:40,9556,2060.0,51.4
UNDER急増,,2026-09-11,14:49:41,9556,2060.0,29.7
小口売り連続,WATCH,2026-09-11,14:50:20,1514,635.0,5
小口売り連続,WATCH,2026-09-11,15:06:28,4889,1153.0,5
小口売り連続,WATCH,2026-09-11,15:06:58,5262,1135.0,5
小口売り連続,WATCH,2026-09-11,15:07:34,5599,993.0,5
小口売り連続,WATCH,2026-09-11,15:08:46,4075,1209.0,5
小口売り連続,WATCH,2026-09-11,15:10:16,9556,2103.0,5
小口売り連続,STRONG,2026-09-11,15:12:04,9556,2100.0,10
小口売り連続,WATCH,2026-09-11,15:13:07,4888,415.0,5
小口売り連続,WATCH,2026-09-11,15:14:48,5262,1136.0,5
小口売り連続,WATCH,2026-09-11,15:16:05,4889,1147.0,5
UNDER急増,,2026-09-11,15:19:08,9556,2058.0,51.4
小口売り連続,WATCH,2026-09-11,15:20:13,5287,919.0,5
UNDER急増,,2026-09-11,15:20:33,9556,2059.0,47.4
小口売り連続,WATCH,2026-09-11,15:21:00,4889,1146.0,5
UNDER急増,,2026-09-11,15:21:05,4570,1107.0,36.8
小口売り連続,WATCH,2026-09-11,15:21:22,1885,2062.0,5
小口売り連続,STRONG,2026-09-11,15:22:01,1885,2062.0,10
小口売り連続,WATCH,2026-09-11,15:23:34,9556,2050.0,5
小口売り連続,WATCH,2026-09-11,15:24:28,4889,1145.0,5
小口売り連続,WATCH,2026-09-11,15:24:34,5287,920.0,5
小口売り連続,WATCH,2026-09-11,15:30:01,7369,376.0,5
UNDER急増,,2026-09-14,09:01:04,5817,1030.0,23.1
UNDER急増,,2026-09-14,09:01:53,6217,725.0,21.9
UNDER急増,,2026-09-14,09:02:08,3803,614.0,24.7
UNDER急増,,2026-09-14,09:03:00,4378,492.0,22.8
UNDER急増,,2026-09-14,09:04:33,4378,471.0,45.3
UNDER急増,,2026-09-14,09:06:13,3803,611.0,23.3
小口売り連続,WATCH,2026-09-14,09:06:59,4422,492.0,5
UNDER急増,,2026-09-14,09:08:08,5817,1028.0,20.7
UNDER急増,,2026-09-14,09:08:37,3963,326.0,133.0
UNDER急増,,2026-09-14,09:08:43,4889,1157.0,40.8
UNDER急増,,2026-09-14,09:08:49,5597,1340.0,26.2
UNDER急増,,2026-09-14,09:08:50,4579,541.0,101.5
UNDER急増,,2026-09-14,09:08:50,7794,947.0,27.8
UNDER急増,,2026-09-14,09:08:53,2998,524.0,66.2
UNDER急増,,2026-09-14,09:08:54,4422,489.0,71.9
UNDER急増,,2026-09-14,09:08:56,5132,1818.0,35.2
UNDER急増,,2026-09-14,09:08:57,1514,632.0,42.9
UNDER急増,,2026-09-14,09:09:00,4075,1097.0,35.2
UNDER急増,,2026-09-14,09:09:05,6217,730.0,68.2
UNDER急増,,2026-09-14,09:09:07,2216,1082.0,23.2
UNDER急増,,2026-09-14,09:09:08,4263,402.0,72.1
UNDER急増,,2026-09-14,09:09:14,6620,670.0,163.2
UNDER急増,,2026-09-14,09:09:14,5599,995.0,46.2
UNDER急増,,2026-09-14,09:09:14,5287,876.0,64.2
UNDER急増,,2026-09-14,09:09:34,5590,709.0,140.5
UNDER急増,,2026-09-14,09:09:34,5729,1677.0,91.4
定期買い集め,STRONG,2026-09-14,09:09:44,2998,,13.1
UNDER急増,,2026-09-14,09:09:53,3449,3885.0,35.4
UNDER急増,,2026-09-14,09:10:00,4075,1098.0,27.6
定期買い集め,WATCH,2026-09-14,09:10:05,4894,,7.2
UNDER急増,,2026-09-14,09:10:08,6228,528.0,89.8
UNDER急増,,2026-09-14,09:10:17,5287,882.0,49.3
UNDER急増,,2026-09-14,09:16:09,3930,789.0,185.7
小口売り連続,WATCH,2026-09-14,09:16:16,5817,1030.0,5
小口売り連続,WATCH,2026-09-14,09:16:22,9556,2209.0,5
UNDER急増,,2026-09-14,09:17:08,4414,1061.0,74.7
小口売り連続,WATCH,2026-09-14,09:17:22,7794,950.0,5
小口売り連続,WATCH,2026-09-14,09:18:08,1885,2102.0,5
定期買い集め,STRONG,2026-09-14,09:18:16,4889,,87.9
UNDER急増,,2026-09-14,09:19:56,5590,711.0,125.4
UNDER急増,,2026-09-14,09:21:10,4422,487.0,79.2
小口売り連続,WATCH,2026-09-14,09:25:52,5132,1837.0,5
UNDER急増,,2026-09-14,09:26:44,3930,794.0,184.4
小口売り連続,WATCH,2026-09-14,09:28:31,4570,1103.0,5
UNDER急増,,2026-09-14,09:31:28,4075,1053.0,24.1
小口売り連続,WATCH,2026-09-14,09:31:37,3692,7080.0,5
小口売り連続,WATCH,2026-09-14,09:31:54,7369,376.0,5
小口売り連続,WATCH,2026-09-14,09:32:11,1885,2108.0,5
小口売り連続,WATCH,2026-09-14,09:35:12,3692,7020.0,5
UNDER急増,,2026-09-14,09:35:30,3803,610.0,23.4
小口売り連続,WATCH,2026-09-14,09:36:18,6433,1153.0,5
UNDER急増,,2026-09-14,09:36:37,3803,610.0,41.2
小口売り連続,WATCH,2026-09-14,09:38:55,5597,1340.0,5
小口売り連続,WATCH,2026-09-14,09:40:16,4579,539.0,5
小口売り連続,WATCH,2026-09-14,09:40:41,3692,7010.0,5
UNDER急増,,2026-09-14,09:45:06,3803,601.0,59.0
UNDER急増,,2026-09-14,09:45:34,3930,786.0,182.1
定期買い集め,STRONG,2026-09-14,09:46:13,4418,,11.2
UNDER急増,,2026-09-14,09:46:28,3803,601.0,23.3
小口売り連続,WATCH,2026-09-14,09:46:32,3449,3920.0,5
小口売り連続,WATCH,2026-09-14,09:46:40,3692,7060.0,5
小口売り連続,WATCH,2026-09-14,09:46:53,3692,7040.0,5
UNDER急増,,2026-09-14,09:47:16,4199,801.0,60.0
UNDER急増,,2026-09-14,09:47:30,3803,601.0,23.1
UNDER急増,,2026-09-14,09:50:05,3930,783.0,179.5
UNDER急増,,2026-09-14,09:50:40,3803,601.0,127.7
定期買い集め,STRONG,2026-09-14,09:55:03,4013,,13.0
小口売り連続,WATCH,2026-09-14,09:59:11,4570,1102.0,5
UNDER急増,,2026-09-14,09:59:45,3803,601.0,23.8
小口売り連続,WATCH,2026-09-14,10:04:48,3692,6920.0,5
小口売り連続,WATCH,2026-09-14,10:09:33,5590,710.0,5
UNDER急増,,2026-09-14,10:14:20,3930,780.0,161.4
小口売り連続,WATCH,2026-09-14,10:14:39,4894,5420.0,5
UNDER急増,,2026-09-14,10:18:57,4199,804.0,20.0
小口売り連続,WATCH,2026-09-14,10:20:34,3692,6960.0,5
UNDER急増,,2026-09-14,10:20:36,3803,603.0,30.9
小口売り連続,WATCH,2026-09-14,10:22:08,3449,3840.0,5
UNDER急増,,2026-09-14,10:29:19,4888,398.0,105.0
小口売り連続,WATCH,2026-09-14,10:30:32,9556,2153.0,5
小口売り連続,WATCH,2026-09-14,10:35:02,6217,727.0,5
小口売り連続,WATCH,2026-09-14,10:38:23,3449,3840.0,5
小口売り連続,WATCH,2026-09-14,10:42:35,4889,1110.0,5
小口売り連続,WATCH,2026-09-14,10:43:23,6433,1182.0,5
小口売り連続,WATCH,2026-09-14,10:45:50,4422,482.0,5
小口売り連続,WATCH,2026-09-14,10:47:48,9556,2129.0,5
UNDER急増,,2026-09-14,11:01:07,4199,796.0,23.1
UNDER急増,,2026-09-14,11:06:46,4288,457.0,39.5
小口売り連続,WATCH,2026-09-14,11:07:35,4889,1129.0,5
UNDER急増,,2026-09-14,11:09:42,4288,457.0,39.5
UNDER急増,,2026-09-14,11:15:27,3803,605.0,31.0
小口売り連続,WATCH,2026-09-14,11:22:30,3692,7050.0,5
小口売り連続,WATCH,2026-09-14,11:26:38,5707,969.0,5
UNDER急増,,2026-09-14,12:26:16,5817,1028.0,31.6
UNDER急増,,2026-09-14,12:31:14,4422,482.0,75.4
UNDER急増,,2026-09-14,12:35:56,9238,371.0,71.9
UNDER急増,,2026-09-14,12:36:01,6217,730.0,48.8
UNDER急増,,2026-09-14,12:37:01,9238,371.0,71.9
UNDER急増,,2026-09-14,12:39:01,4288,456.0,21.6
小口売り連続,WATCH,2026-09-14,12:42:08,3692,6960.0,5
小口売り連続,WATCH,2026-09-14,12:46:35,4422,475.0,5
定期買い集め,WATCH,2026-09-14,12:48:46,4422,,6.1
小口売り連続,WATCH,2026-09-14,12:51:22,3692,7040.0,5
UNDER急増,,2026-09-14,12:54:56,3747,402.0,196.1
UNDER急増,,2026-09-14,12:56:30,3803,607.0,58.0
UNDER急増,,2026-09-14,12:58:27,3803,607.0,58.0
UNDER急増,,2026-09-14,13:01:12,3803,607.0,58.0
UNDER急増,,2026-09-14,13:05:00,3803,607.0,58.0
UNDER急増,,2026-09-14,13:09:13,4288,455.0,21.6
UNDER急増,,2026-09-14,13:11:08,3803,607.0,58.0
小口売り連続,WATCH,2026-09-14,13:11:46,6433,1191.0,5
UNDER急増,,2026-09-14,13:12:32,3803,607.0,58.0
UNDER急増,,2026-09-14,13:13:56,3803,607.0,58.0
UNDER急増,,2026-09-14,13:15:22,3803,607.0,58.0
小口売り連続,WATCH,2026-09-14,13:16:34,5287,913.0,5
UNDER急増,,2026-09-14,13:16:53,3803,607.0,58.0
UNDER急増,,2026-09-14,13:17:55,4288,455.0,22.2
UNDER急増,,2026-09-14,13:18:27,3803,607.0,58.0
UNDER急増,,2026-09-14,13:18:36,6217,730.0,23.8
UNDER急増,,2026-09-14,13:18:40,4414,1066.0,71.6
UNDER急増,,2026-09-14,13:20:03,3803,607.0,58.0
UNDER急増,,2026-09-14,13:21:04,3803,607.0,58.0
UNDER急増,,2026-09-14,13:22:45,3803,607.0,58.0
UNDER急増,,2026-09-14,13:24:15,3803,607.0,58.0
UNDER急増,,2026-09-14,13:30:47,3803,607.0,58.0
UNDER急増,,2026-09-14,13:31:51,3803,607.0,58.0
UNDER急増,,2026-09-14,13:33:32,3803,607.0,58.0
UNDER急増,,2026-09-14,13:35:08,3803,607.0,58.0
UNDER急増,,2026-09-14,13:36:23,3803,607.0,58.0
UNDER急増,,2026-09-14,13:37:58,3803,607.0,58.0
UNDER急増,,2026-09-14,13:39:14,3803,607.0,58.0
UNDER急増,,2026-09-14,13:40:26,3803,607.0,58.0
UNDER急増,,2026-09-14,13:41:28,3803,607.0,58.0
UNDER急増,,2026-09-14,13:42:59,3803,607.0,58.0
UNDER急増,,2026-09-14,13:44:23,3803,607.0,58.0
UNDER急増,,2026-09-14,13:48:10,3803,607.0,58.0
小口売り連続,WATCH,2026-09-14,13:51:22,3449,3845.0,5
UNDER急増,,2026-09-14,13:54:49,4378,460.0,21.6
小口売り連続,WATCH,2026-09-14,13:55:00,1514,629.0,5
小口売り連続,WATCH,2026-09-14,13:58:18,5817,1058.0,5
小口売り連続,WATCH,2026-09-14,13:59:36,3692,7070.0,5
小口売り連続,WATCH,2026-09-14,14:07:30,3692,7030.0,5
UNDER急増,,2026-09-14,14:10:32,4288,457.0,47.6
小口売り連続,WATCH,2026-09-14,14:10:33,4888,409.0,5
小口売り連続,WATCH,2026-09-14,14:21:16,3692,7010.0,5
小口売り連続,WATCH,2026-09-14,14:24:37,6433,1291.0,5
小口売り連続,WATCH,2026-09-14,14:27:01,9556,2188.0,5
小口売り連続,WATCH,2026-09-14,14:27:18,5597,1336.0,5
小口売り連続,WATCH,2026-09-14,14:28:02,6433,1268.0,5
小口売り連続,WATCH,2026-09-14,14:33:00,6433,1231.0,5
小口売り連続,WATCH,2026-09-14,14:40:33,6433,1213.0,5
小口売り連続,WATCH,2026-09-14,14:42:29,7794,955.0,5
UNDER急増,,2026-09-14,14:47:33,9238,370.0,74.2
UNDER急増,,2026-09-14,14:48:36,9238,370.0,74.2
小口売り連続,WATCH,2026-09-14,14:48:45,5597,1331.0,5
小口売り連続,WATCH,2026-09-14,14:48:49,6433,1186.0,5
小口売り連続,WATCH,2026-09-14,14:58:15,5817,1058.0,5
小口売り連続,WATCH,2026-09-14,14:59:34,6433,1175.0,5
UNDER急増,,2026-09-14,15:00:28,4288,457.0,43.5
小口売り連続,WATCH,2026-09-14,15:04:55,3449,3860.0,5
小口売り連続,WATCH,2026-09-14,15:14:11,6433,1177.0,5
小口売り連続,WATCH,2026-09-14,15:14:58,5599,1043.0,5
小口売り連続,WATCH,2026-09-14,15:20:52,3692,7000.0,5
小口売り連続,WATCH,2026-09-14,15:22:44,5287,900.0,5
UNDER急増,,2026-09-14,15:23:06,3747,401.0,34.7
小口売り連続,WATCH,2026-09-14,15:24:03,1514,633.0,5
UNDER急増,,2026-09-14,15:24:20,3747,401.0,34.7
小口売り連続,WATCH,2026-09-14,15:24:38,5590,719.0,5
小口売り連続,WATCH,2026-09-14,15:24:52,3692,6970.0,5
小口売り連続,WATCH,2026-09-14,15:24:56,5599,1026.0,5
UNDER急増,,2026-09-15,09:02:54,4570,1135.0,35.1
UNDER急増,,2026-09-15,09:03:08,5817,1051.0,58.7
UNDER急増,,2026-09-15,09:03:16,4579,560.0,71.5
UNDER急増,,2026-09-15,09:03:18,6620,673.0,196.9
UNDER急増,,2026-09-15,09:03:20,3803,616.0,51.3
UNDER急増,,2026-09-15,09:03:22,4840,707.0,46.3
UNDER急増,,2026-09-15,09:03:22,4288,461.0,68.4
小口売り連続,WATCH,2026-09-15,09:03:51,4894,5700.0,5
UNDER急増,,2026-09-15,09:04:09,5707,937.0,21.3
UNDER急増,,2026-09-15,09:04:24,3803,616.0,38.5
UNDER急増,,2026-09-15,09:04:30,4414,1075.0,38.2
小口売り連続,WATCH,2026-09-15,09:04:33,1885,2105.0,5
UNDER急増,,2026-09-15,09:04:40,5591,859.0,20.1
UNDER急増,,2026-09-15,09:05:14,4888,404.0,89.1
UNDER急増,,2026-09-15,09:05:29,3803,616.0,32.0
UNDER急増,,2026-09-15,09:06:18,5132,1917.0,60.7
定期買い集め,STRONG,2026-09-15,09:07:18,4894,,16.5
UNDER急増,,2026-09-15,09:07:30,4840,706.0,42.5
UNDER急増,,2026-09-15,09:08:56,9337,1450.0,48.4
UNDER急増,,2026-09-15,09:12:04,4570,1139.0,32.7
UNDER急増,,2026-09-15,09:12:04,5590,721.0,109.1
UNDER急増,,2026-09-15,09:12:35,4418,1058.0,51.2
小口売り連続,WATCH,2026-09-15,09:15:06,4075,1358.0,5
UNDER急増,,2026-09-15,09:16:12,3803,616.0,61.5
UNDER急増,,2026-09-15,09:18:08,9238,365.0,33.3
小口売り連続,WATCH,2026-09-15,09:18:13,4075,1330.0,5
小口売り連続,WATCH,2026-09-15,09:19:15,3692,7530.0,5
小口売り連続,WATCH,2026-09-15,09:20:13,3692,7510.0,5
小口売り連続,WATCH,2026-09-15,09:20:52,3692,7510.0,5
小口売り連続,WATCH,2026-09-15,09:21:08,3692,7490.0,5
小口売り連続,WATCH,2026-09-15,09:23:21,5132,1901.0,5
UNDER急増,,2026-09-15,09:24:02,4840,707.0,59.4
UNDER急増,,2026-09-15,09:24:49,5034,2271.0,30.3
UNDER急増,,2026-09-15,09:25:11,4013,643.0,102.2
UNDER急増,,2026-09-15,09:25:40,3930,770.0,135.5
UNDER急増,,2026-09-15,09:26:08,5034,2271.0,28.5
小口売り連続,WATCH,2026-09-15,09:27:35,4422,506.0,5
UNDER急増,,2026-09-15,09:27:58,5034,2271.0,38.8
UNDER急増,,2026-09-15,09:29:15,5034,2262.0,25.7
小口売り連続,WATCH,2026-09-15,09:33:09,3692,7420.0,5
UNDER急増,,2026-09-15,09:33:32,4840,698.0,59.7
UNDER急増,,2026-09-15,09:34:18,4013,643.0,100.5
小口売り連続,WATCH,2026-09-15,09:34:57,4075,1381.0,5
UNDER急増,,2026-09-15,09:39:54,3747,406.0,30.2
UNDER急増,,2026-09-15,09:41:14,6580,876.0,52.2
UNDER急増,,2026-09-15,09:42:39,3803,611.0,22.1
小口売り連続,WATCH,2026-09-15,09:42:40,4075,1376.0,5
小口売り連続,WATCH,2026-09-15,09:43:55,3692,7440.0,5
小口売り連続,WATCH,2026-09-15,09:44:18,4422,502.0,5
小口売り連続,WATCH,2026-09-15,09:45:20,3692,7420.0,5
UNDER急増,,2026-09-15,09:46:01,3803,607.0,35.4
小口売り連続,WATCH,2026-09-15,09:46:14,4075,1420.0,5
UNDER急増,,2026-09-15,09:46:17,3747,406.0,69.9
小口売り連続,WATCH,2026-09-15,09:47:18,5707,947.0,5
小口売り連続,WATCH,2026-09-15,09:49:23,3692,7370.0,5
小口売り連続,WATCH,2026-09-15,09:57:25,4075,1379.0,5
UNDER急増,,2026-09-15,09:57:58,3803,603.0,26.8
小口売り連続,WATCH,2026-09-15,09:58:50,3692,7380.0,5
小口売り連続,WATCH,2026-09-15,09:59:37,3692,7360.0,5
UNDER急増,,2026-09-15,09:59:47,6580,881.0,61.4
小口売り連続,WATCH,2026-09-15,10:00:35,5597,1298.0,5
小口売り連続,WATCH,2026-09-15,10:01:05,4075,1377.0,5
UNDER急増,,2026-09-15,10:04:43,4840,697.0,58.2
小口売り連続,WATCH,2026-09-15,10:05:23,4570,1136.0,5
UNDER急増,,2026-09-15,10:05:45,4840,699.0,58.2
小口売り連続,WATCH,2026-09-15,10:06:22,4075,1368.0,5
小口売り連続,WATCH,2026-09-15,10:06:33,4075,1366.0,5
小口売り連続,WATCH,2026-09-15,10:09:40,4075,1371.0,5
小口売り連続,WATCH,2026-09-15,10:10:10,4075,1368.0,5
小口売り連続,STRONG,2026-09-15,10:10:50,4075,1366.0,10
UNDER急増,,2026-09-15,10:12:03,3803,602.0,26.5
小口売り連続,WATCH,2026-09-15,10:12:06,3692,7540.0,5
小口売り連続,WATCH,2026-09-15,10:17:47,4075,1380.0,5
小口売り連続,WATCH,2026-09-15,10:18:35,7034,317.0,5
UNDER急増,,2026-09-15,10:20:21,3803,602.0,21.1
定期買い集め,WATCH,2026-09-15,10:23:30,4418,,5.1
小口売り連続,WATCH,2026-09-15,10:23:52,4075,1455.0,5
定期買い集め,STRONG,2026-09-15,10:37:09,4378,,10.3
小口売り連続,WATCH,2026-09-15,10:46:55,3692,7540.0,5
小口売り連続,WATCH,2026-09-15,10:52:37,3692,7480.0,5
小口売り連続,WATCH,2026-09-15,10:53:19,4570,1149.0,5
小口売り連続,WATCH,2026-09-15,11:08:29,9556,2271.0,5
UNDER急増,,2026-09-15,11:15:40,3803,602.0,20.4
小口売り連続,WATCH,2026-09-15,11:21:51,4418,1081.0,5
小口売り連続,WATCH,2026-09-15,11:23:01,3692,7440.0,5
UNDER急増,,2026-09-15,11:29:49,3803,604.0,54.1
小口売り連続,WATCH,2026-09-15,11:30:01,6217,778.0,5
小口売り連続,WATCH,2026-09-15,12:30:02,4013,640.0,5
小口売り連続,WATCH,2026-09-15,12:30:05,4075,1455.0,5
小口売り連続,WATCH,2026-09-15,12:30:56,3692,7310.0,5
UNDER急増,,2026-09-15,12:31:26,5817,1055.0,58.4
UNDER急増,,2026-09-15,12:31:29,4013,639.0,121.4
UNDER急増,,2026-09-15,12:31:33,3930,770.0,103.3
小口売り連続,WATCH,2026-09-15,12:32:29,3692,7300.0,5
UNDER急増,,2026-09-15,12:32:33,4013,635.0,117.6
UNDER急増,,2026-09-15,12:34:04,4199,796.0,26.2
小口売り連続,WATCH,2026-09-15,12:34:37,3692,7220.0,5
UNDER急増,,2026-09-15,12:36:13,3803,601.0,29.4
小口売り連続,WATCH,2026-09-15,12:36:22,1514,634.0,5
小口売り連続,WATCH,2026-09-15,12:39:35,3692,7200.0,5
UNDER急増,,2026-09-15,12:41:01,3803,601.0,27.4
小口売り連続,WATCH,2026-09-15,12:46:51,1885,2117.0,5
小口売り連続,WATCH,2026-09-15,12:47:24,3692,7180.0,5
小口売り連続,WATCH,2026-09-15,12:48:01,3692,7180.0,5
UNDER急増,,2026-09-15,12:48:45,3803,592.0,30.7
小口売り連続,WATCH,2026-09-15,12:49:56,3692,7120.0,5
小口売り連続,WATCH,2026-09-15,12:50:13,3692,7120.0,5
UNDER急増,,2026-09-15,12:50:48,3803,592.0,24.9
小口売り連続,WATCH,2026-09-15,12:52:15,1885,2118.0,5
小口売り連続,WATCH,2026-09-15,12:52:50,3692,7080.0,5
小口売り連続,WATCH,2026-09-15,12:56:08,1885,2116.0,5
小口売り連続,WATCH,2026-09-15,12:56:23,3692,7060.0,5
小口売り連続,WATCH,2026-09-15,12:59:02,1885,2114.0,5
小口売り連続,WATCH,2026-09-15,13:00:46,5707,952.0,5
小口売り連続,WATCH,2026-09-15,13:07:55,1885,2115.0,5
小口売り連続,WATCH,2026-09-15,13:09:29,9556,2262.0,5
小口売り連続,WATCH,2026-09-15,13:12:41,4579,560.0,5
小口売り連続,WATCH,2026-09-15,13:15:24,1885,2111.0,5
小口売り連続,WATCH,2026-09-15,13:19:54,4888,398.0,5
小口売り連続,WATCH,2026-09-15,13:20:09,3692,7070.0,5
小口売り連続,WATCH,2026-09-15,13:22:21,7794,956.0,5
小口売り連続,WATCH,2026-09-15,13:22:53,1885,2107.0,5
小口売り連続,WATCH,2026-09-15,13:23:44,3692,7030.0,5
小口売り連続,STRONG,2026-09-15,13:24:07,3692,7030.0,10
小口売り連続,WATCH,2026-09-15,13:26:07,5132,1948.0,5
小口売り連続,WATCH,2026-09-15,13:26:39,1885,2105.0,5
UNDER急増,,2026-09-15,13:26:48,5729,1670.0,77.2
UNDER急増,,2026-09-15,13:28:37,4288,460.0,25.0
小口売り連続,STRONG,2026-09-15,13:29:02,1885,2102.0,10
UNDER急増,,2026-09-15,13:30:49,6580,861.0,61.8
小口売り連続,WATCH,2026-09-15,13:33:07,5287,900.0,5
小口売り連続,WATCH,2026-09-15,13:43:07,5597,1307.0,5
小口売り連続,WATCH,2026-09-15,13:52:14,3692,7110.0,5
小口売り連続,STRONG,2026-09-15,13:53:05,3692,7080.0,10
小口売り連続,WATCH,2026-09-15,13:57:29,4418,1088.0,5
小口売り連続,WATCH,2026-09-15,14:02:00,3692,7050.0,5
小口売り連続,WATCH,2026-09-15,14:11:31,4422,498.0,5
小口売り連続,WATCH,2026-09-15,14:22:43,4418,1083.0,5
小口売り連続,WATCH,2026-09-15,14:28:04,9556,2229.0,5
UNDER急増,,2026-09-15,14:30:54,4288,458.0,25.0
UNDER急増,,2026-09-15,14:46:35,6580,863.0,59.0
小口売り連続,WATCH,2026-09-15,15:00:24,5262,1150.0,5
UNDER急増,,2026-09-15,15:07:33,3692,7090.0,29.8
小口売り連続,WATCH,2026-09-15,15:09:31,4414,1081.0,5
小口売り連続,WATCH,2026-09-15,15:11:59,4075,1428.0,5
定期買い集め,WATCH,2026-09-15,15:13:28,4013,,5.2
小口売り連続,WATCH,2026-09-15,15:15:20,4013,637.0,5
小口売り連続,WATCH,2026-09-15,15:17:43,2998,538.0,5
小口売り連続,WATCH,2026-09-15,15:20:12,3963,328.0,5
小口売り連続,WATCH,2026-09-15,15:20:19,3692,7100.0,5
小口売り連続,WATCH,2026-09-15,15:21:19,3692,7090.0,5
UNDER急増,,2026-09-15,15:22:08,3747,406.0,45.1
小口売り連続,STRONG,2026-09-15,15:23:29,3963,328.0,10
小口売り連続,WATCH,2026-09-15,15:24:12,4075,1393.0,5
小口売り連続,WATCH,2026-09-15,15:24:27,7034,313.0,5
小口売り連続,WATCH,2026-09-15,15:24:31,6620,685.0,5
UNDER急増,,2026-09-15,15:27:20,4013,636.0,23.5
UNDER急増,,2026-09-16,09:01:00,4888,404.0,102.8
UNDER急増,,2026-09-16,09:01:05,2216,1096.0,23.3
UNDER急増,,2026-09-16,09:01:06,7794,959.0,20.0
UNDER急増,,2026-09-16,09:01:08,5132,1925.0,21.9
UNDER急増,,2026-09-16,09:01:11,3803,588.0,28.7
UNDER急増,,2026-09-16,09:01:14,4263,420.0,69.9
UNDER急増,,2026-09-16,09:01:28,5599,1049.0,44.4
UNDER急増,,2026-09-16,09:01:32,4570,1170.0,39.5
UNDER急増,,2026-09-16,09:01:41,4889,1139.0,51.4
UNDER急増,,2026-09-16,09:01:46,6580,858.0,68.6
UNDER急増,,2026-09-16,09:01:48,3449,3885.0,39.7
UNDER急増,,2026-09-16,09:02:20,6620,676.0,168.1
UNDER急増,,2026-09-16,09:02:33,4570,1160.0,44.5
UNDER急増,,2026-09-16,09:02:45,4889,1133.0,49.9
UNDER急増,,2026-09-16,09:02:45,3803,589.0,51.0
UNDER急増,,2026-09-16,09:03:05,6228,520.0,88.6
UNDER急増,,2026-09-16,09:03:06,5132,1932.0,37.6
UNDER急増,,2026-09-16,09:03:18,3449,3895.0,38.3
小口売り連続,WATCH,2026-09-16,09:03:32,3692,7060.0,5
UNDER急増,,2026-09-16,09:03:34,4570,1166.0,39.8
UNDER急増,,2026-09-16,09:04:02,9337,1440.0,60.3
UNDER急増,,2026-09-16,09:05:28,4579,579.0,35.3
UNDER急増,,2026-09-16,09:05:42,7034,309.0,26.6
小口売り連続,WATCH,2026-09-16,09:05:58,4075,1284.0,5
UNDER急増,,2026-09-16,09:06:34,5729,1690.0,22.9
UNDER急増,,2026-09-16,09:06:46,2998,536.0,63.1
小口売り連続,WATCH,2026-09-16,09:07:03,1885,2177.0,5
UNDER急増,,2026-09-16,09:07:22,3803,589.0,51.0
小口売り連続,WATCH,2026-09-16,09:08:06,4422,519.0,5
UNDER急増,,2026-09-16,09:08:23,3803,589.0,20.2
UNDER急増,,2026-09-16,09:09:27,3803,589.0,20.5
小口売り連続,WATCH,2026-09-16,09:09:51,2998,536.0,5
小口売り連続,STRONG,2026-09-16,09:10:22,2998,535.0,10
小口売り連続,WATCH,2026-09-16,09:11:04,2998,533.0,5
UNDER急増,,2026-09-16,09:19:10,6217,771.0,68.9
定期買い集め,STRONG,2026-09-16,09:19:27,4889,,12.3
UNDER急増,,2026-09-16,09:20:28,6620,682.0,112.0
UNDER急増,,2026-09-16,09:21:43,3963,329.0,146.5
小口売り連続,WATCH,2026-09-16,09:22:05,7794,951.0,5
UNDER急増,,2026-09-16,09:24:34,4840,841.0,21.3
定期買い集め,WATCH,2026-09-16,09:24:36,4894,,6.7
小口売り連続,WATCH,2026-09-16,09:25:31,4075,1410.0,5
小口売り連続,WATCH,2026-09-16,09:26:34,1885,2172.0,5
UNDER急増,,2026-09-16,09:29:35,3803,589.0,28.4
UNDER急増,,2026-09-16,09:31:24,3803,589.0,28.4
UNDER急増,,2026-09-16,09:33:08,9556,2181.0,31.4
UNDER急増,,2026-09-16,09:33:34,4840,825.0,35.0
UNDER急増,,2026-09-16,09:34:11,9556,2180.0,31.6
小口売り連続,WATCH,2026-09-16,09:37:19,2998,532.0,5
小口売り連続,WATCH,2026-09-16,09:39:08,4422,518.0,5
UNDER急増,,2026-09-16,09:40:01,4288,456.0,102.9
UNDER急増,,2026-09-16,09:42:24,6217,770.0,22.8
小口売り連続,WATCH,2026-09-16,09:43:49,4570,1144.0,5
UNDER急増,,2026-09-16,09:45:16,9556,2148.0,36.8
UNDER急増,,2026-09-16,09:45:26,4288,456.0,102.9
小口売り連続,WATCH,2026-09-16,09:47:15,4075,1584.0,5
UNDER急増,,2026-09-16,09:52:54,4888,404.0,85.9
小口売り連続,WATCH,2026-09-16,09:56:02,5597,1309.0,5
UNDER急増,,2026-09-16,09:59:50,4288,456.0,102.9
小口売り連続,WATCH,2026-09-16,10:00:10,4075,1586.0,5
小口売り連続,WATCH,2026-09-16,10:02:11,4075,1580.0,5
小口売り連続,WATCH,2026-09-16,10:07:45,4570,1137.0,5
小口売り連続,WATCH,2026-09-16,10:08:47,4075,1578.0,5
UNDER急増,,2026-09-16,10:08:48,4888,397.0,43.4
小口売り連続,WATCH,2026-09-16,10:09:59,4075,1554.0,5
小口売り連続,WATCH,2026-09-16,10:10:20,4075,1547.0,5
小口売り連続,WATCH,2026-09-16,10:11:42,9556,2151.0,5
UNDER急増,,2026-09-16,10:12:25,4888,394.0,121.7
小口売り連続,WATCH,2026-09-16,10:12:35,4075,1585.0,5
小口売り連続,WATCH,2026-09-16,10:15:23,6217,763.0,5
小口売り連続,WATCH,2026-09-16,10:16:28,4075,1545.0,5
小口売り連続,WATCH,2026-09-16,10:17:13,4075,1533.0,5
小口売り連続,WATCH,2026-09-16,10:18:05,4288,453.0,5
小口売り連続,WATCH,2026-09-16,10:18:17,4422,516.0,5
小口売り連続,WATCH,2026-09-16,10:18:22,3692,7080.0,5
小口売り連続,WATCH,2026-09-16,10:23:55,4075,1557.0,5
定期買い集め,WATCH,2026-09-16,10:32:10,4013,,8.9
小口売り連続,WATCH,2026-09-16,10:34:02,4075,1579.0,5
UNDER急増,,2026-09-16,10:34:09,3803,577.0,21.1
UNDER急増,,2026-09-16,10:36:50,3803,578.0,27.3
小口売り連続,WATCH,2026-09-16,10:37:02,4075,1566.0,5
UNDER急増,,2026-09-16,10:40:05,3803,573.0,28.7
小口売り連続,WATCH,2026-09-16,10:44:41,5597,1303.0,5
小口売り連続,WATCH,2026-09-16,10:45:41,4075,1534.0,5
小口売り連続,WATCH,2026-09-16,10:46:45,4075,1535.0,5
小口売り連続,WATCH,2026-09-16,10:49:08,4075,1535.0,5
小口売り連続,WATCH,2026-09-16,10:51:13,4075,1524.0,5
小口売り連続,WATCH,2026-09-16,10:52:56,4075,1515.0,5
小口売り連続,WATCH,2026-09-16,10:53:11,3449,3885.0,5
小口売り連続,WATCH,2026-09-16,10:55:17,4075,1470.0,5
小口売り連続,WATCH,2026-09-16,10:58:06,7034,311.0,5
小口売り連続,WATCH,2026-09-16,10:58:09,3692,7100.0,5
小口売り連続,WATCH,2026-09-16,11:01:19,4075,1505.0,5
小口売り連続,WATCH,2026-09-16,11:01:43,4075,1501.0,5
小口売り連続,WATCH,2026-09-16,11:03:55,4075,1509.0,5
UNDER急増,,2026-09-16,11:07:27,6217,753.0,25.2
小口売り連続,WATCH,2026-09-16,11:11:54,4840,745.0,5
小口売り連続,WATCH,2026-09-16,11:12:31,4570,1134.0,5
小口売り連続,WATCH,2026-09-16,11:13:46,4075,1530.0,5
UNDER急増,,2026-09-16,11:18:56,5707,946.0,29.2
小口売り連続,STRONG,2026-09-16,11:20:05,7034,311.0,10
小口売り連続,WATCH,2026-09-16,11:21:40,2998,524.0,5
小口売り連続,WATCH,2026-09-16,11:21:51,4075,1478.0,5
小口売り連続,STRONG,2026-09-16,11:28:00,2998,524.0,10
小口売り連続,WATCH,2026-09-16,11:29:12,4075,1481.0,5
UNDER急増,,2026-09-16,12:05:06,5132,1896.0,26.8
UNDER急増,,2026-09-16,12:05:07,7034,311.0,81.1
UNDER急増,,2026-09-16,12:26:06,5132,1896.0,33.3
UNDER急増,,2026-09-16,12:26:39,6620,678.0,20.0
UNDER急増,,2026-09-16,12:26:56,9337,1440.0,27.3
定期買い集め,STRONG,2026-09-16,12:30:38,4013,,10.6
UNDER急増,,2026-09-16,12:31:08,4013,642.0,99.5
小口売り連続,WATCH,2026-09-16,12:31:14,6433,1155.0,5
UNDER急増,,2026-09-16,12:31:17,4414,1067.0,43.5
UNDER急増,,2026-09-16,12:31:53,5591,862.0,40.9
UNDER急増,,2026-09-16,12:32:00,6228,520.0,121.0
小口売り連続,WATCH,2026-09-16,12:32:12,4840,780.0,5
小口売り連続,WATCH,2026-09-16,12:32:51,3803,590.0,5
小口売り連続,WATCH,2026-09-16,12:38:46,4840,785.0,5
小口売り連続,WATCH,2026-09-16,12:39:05,3692,7160.0,5
UNDER急増,,2026-09-16,12:40:40,6217,755.0,33.9
小口売り連続,WATCH,2026-09-16,12:41:20,4840,768.0,5
小口売り連続,WATCH,2026-09-16,12:44:42,4075,1506.0,5
小口売り連続,WATCH,2026-09-16,12:45:57,4075,1505.0,5
UNDER急増,,2026-09-16,12:47:42,7034,311.0,67.5
小口売り連続,WATCH,2026-09-16,12:50:07,3692,7370.0,5
小口売り連続,WATCH,2026-09-16,12:50:53,4840,791.0,5
定期買い集め,WATCH,2026-09-16,12:57:35,3449,,7.7
小口売り連続,WATCH,2026-09-16,12:59:02,4075,1508.0,5
小口売り連続,WATCH,2026-09-16,12:59:40,2216,1095.0,5
小口売り連続,WATCH,2026-09-16,13:02:48,4075,1516.0,5
小口売り連続,WATCH,2026-09-16,13:06:02,1885,2169.0,5
小口売り連続,WATCH,2026-09-16,13:10:55,4075,1500.0,5
小口売り連続,WATCH,2026-09-16,13:16:28,4840,796.0,5
小口売り連続,WATCH,2026-09-16,13:17:23,4840,791.0,5
小口売り連続,WATCH,2026-09-16,13:19:57,3692,7360.0,5
小口売り連続,WATCH,2026-09-16,13:21:33,3692,7300.0,5
小口売り連続,WATCH,2026-09-16,13:31:27,4075,1486.0,5
小口売り連続,WATCH,2026-09-16,13:33:43,4840,772.0,5
小口売り連続,WATCH,2026-09-16,13:36:22,5597,1308.0,5
小口売り連続,WATCH,2026-09-16,13:45:00,4075,1469.0,5
小口売り連続,WATCH,2026-09-16,13:46:38,4075,1443.0,5
小口売り連続,WATCH,2026-09-16,13:49:59,5287,915.0,5
小口売り連続,WATCH,2026-09-16,13:52:50,4075,1455.0,5
小口売り連続,WATCH,2026-09-16,13:53:22,3747,394.0,5
小口売り連続,WATCH,2026-09-16,13:54:48,4414,1061.0,5
小口売り連続,WATCH,2026-09-16,13:58:24,4840,787.0,5
小口売り連続,WATCH,2026-09-16,14:10:40,4075,1421.0,5
小口売り連続,WATCH,2026-09-16,14:15:44,4075,1402.0,5
UNDER急増,,2026-09-16,14:19:39,7034,311.0,63.8
小口売り連続,WATCH,2026-09-16,14:20:44,3692,7480.0,5
小口売り連続,WATCH,2026-09-16,14:32:16,4840,802.0,5
小口売り連続,WATCH,2026-09-16,14:39:32,4075,1491.0,5
小口売り連続,WATCH,2026-09-16,14:43:37,4570,1156.0,5
小口売り連続,WATCH,2026-09-16,14:48:00,4579,559.0,5
小口売り連続,WATCH,2026-09-16,14:51:32,4840,803.0,5
小口売り連続,WATCH,2026-09-16,14:54:13,6620,674.0,5
小口売り連続,WATCH,2026-09-16,14:54:57,9556,2149.0,5
小口売り連続,WATCH,2026-09-16,14:55:27,4418,1091.0,5
小口売り連続,WATCH,2026-09-16,14:56:37,3692,7440.0,5
小口売り連続,WATCH,2026-09-16,14:56:53,4075,1435.0,5
小口売り連続,WATCH,2026-09-16,14:57:32,4840,790.0,5
小口売り連続,STRONG,2026-09-16,14:57:34,3692,7420.0,10
小口売り連続,STRONG,2026-09-16,14:57:43,4840,790.0,10
小口売り連続,WATCH,2026-09-16,15:02:56,4840,801.0,5
小口売り連続,STRONG,2026-09-16,15:03:19,4840,800.0,10
小口売り連続,WATCH,2026-09-16,15:05:45,6433,1206.0,5
小口売り連続,WATCH,2026-09-16,15:08:22,4418,1086.0,5
小口売り連続,WATCH,2026-09-16,15:14:42,2998,527.0,5
小口売り連続,WATCH,2026-09-16,15:20:59,4570,1156.0,5
小口売り連続,WATCH,2026-09-16,15:21:12,4579,559.0,5
小口売り連続,WATCH,2026-09-16,15:21:20,4075,1460.0,5
小口売り連続,WATCH,2026-09-16,15:24:14,4579,557.0,5
UNDER急増,,2026-09-16,15:28:25,4894,5650.0,93.9
UNDER急増,,2026-09-16,15:29:55,4894,5650.0,94.1
UNDER急増,,2026-09-16,15:29:57,4395,560.0,23.4
UNDER急増,,2026-09-17,09:06:11,5707,972.0,28.2
小口売り連続,WATCH,2026-09-17,09:06:38,3692,7330.0,5
小口売り連続,WATCH,2026-09-17,09:07:21,4075,1514.0,5
UNDER急増,,2026-09-17,09:08:00,5707,959.0,35.4
UNDER急増,,2026-09-17,09:09:35,3449,4160.0,24.6
小口売り連続,WATCH,2026-09-17,09:10:11,7794,947.0,5
UNDER急増,,2026-09-17,09:11:54,6580,858.0,69.4
小口売り連続,WATCH,2026-09-17,09:12:48,4075,1446.0,5
UNDER急増,,2026-09-17,09:13:32,4840,763.0,33.1
小口売り連続,WATCH,2026-09-17,09:13:51,3692,7340.0,5
UNDER急増,,2026-09-17,09:14:24,3963,333.0,154.1
UNDER急増,,2026-09-17,09:15:06,4263,434.0,39.5
小口売り連続,WATCH,2026-09-17,09:15:55,5287,900.0,5
UNDER急増,,2026-09-17,09:16:06,4263,429.0,44.2
UNDER急増,,2026-09-17,09:16:29,2998,532.0,51.2
UNDER急増,,2026-09-17,09:16:43,5287,900.0,54.0
小口売り連続,WATCH,2026-09-17,09:16:58,4013,638.0,5
UNDER急増,,2026-09-17,09:18:15,4888,411.0,78.0
小口売り連続,WATCH,2026-09-17,09:19:18,6433,1256.0,5
小口売り連続,WATCH,2026-09-17,09:22:06,4075,1441.0,5
小口売り連続,WATCH,2026-09-17,09:22:29,4075,1435.0,5
小口売り連続,WATCH,2026-09-17,09:22:31,1885,2197.0,5
UNDER急増,,2026-09-17,09:23:01,6580,864.0,72.9
小口売り連続,WATCH,2026-09-17,09:23:51,4075,1432.0,5
小口売り連続,WATCH,2026-09-17,09:23:56,1885,2198.0,5
UNDER急増,,2026-09-17,09:26:27,5599,1070.0,43.3
小口売り連続,WATCH,2026-09-17,09:27:11,4840,755.0,5
小口売り連続,WATCH,2026-09-17,09:30:09,4075,1420.0,5
小口売り連続,WATCH,2026-09-17,09:30:44,4075,1410.0,5
小口売り連続,WATCH,2026-09-17,09:31:02,4075,1405.0,5
小口売り連続,WATCH,2026-09-17,09:31:16,4075,1383.0,5
UNDER急増,,2026-09-17,09:32:27,4414,1082.0,43.9
小口売り連続,WATCH,2026-09-17,09:34:12,4075,1392.0,5
小口売り連続,WATCH,2026-09-17,09:37:10,4889,1165.0,5
小口売り連続,WATCH,2026-09-17,09:37:26,4075,1380.0,5
小口売り連続,STRONG,2026-09-17,09:37:39,4075,1378.0,10
UNDER急増,,2026-09-17,09:38:18,4263,421.0,49.5
定期買い集め,STRONG,2026-09-17,09:41:49,4013,,16.2
UNDER急増,,2026-09-17,09:41:51,4263,422.0,22.0
小口売り連続,WATCH,2026-09-17,09:45:07,6433,1322.0,5
小口売り連続,WATCH,2026-09-17,09:50:20,4840,745.0,5
小口売り連続,WATCH,2026-09-17,09:51:54,4889,1159.0,5
UNDER急増,,2026-09-17,09:52:52,4263,422.0,22.0
小口売り連続,WATCH,2026-09-17,09:55:25,3747,400.0,5
小口売り連続,WATCH,2026-09-17,09:55:30,1885,2183.0,5
UNDER急増,,2026-09-17,10:03:40,4889,1161.0,36.0
UNDER急増,,2026-09-17,10:04:41,4889,1157.0,39.3
小口売り連続,WATCH,2026-09-17,10:05:04,1514,646.0,5
小口売り連続,WATCH,2026-09-17,10:08:04,4075,1371.0,5
定期買い集め,WATCH,2026-09-17,10:08:25,6217,,7.3
小口売り連続,WATCH,2026-09-17,10:09:38,6433,1355.0,5
小口売り連続,WATCH,2026-09-17,10:10:47,4075,1365.0,5
小口売り連続,WATCH,2026-09-17,10:11:47,4075,1355.0,5
UNDER急増,,2026-09-17,10:16:43,6580,861.0,54.0
小口売り連続,WATCH,2026-09-17,10:18:54,3692,7610.0,5
小口売り連続,WATCH,2026-09-17,10:20:35,6217,803.0,5
UNDER急増,,2026-09-17,10:25:12,4263,422.0,21.9
小口売り連続,WATCH,2026-09-17,10:29:01,2998,530.0,5
小口売り連続,WATCH,2026-09-17,10:32:44,1885,2193.0,5
小口売り連続,WATCH,2026-09-17,10:34:58,6433,1376.0,5
小口売り連続,WATCH,2026-09-17,10:39:07,3692,7730.0,5
UNDER急増,,2026-09-17,10:45:00,3803,590.0,33.9
小口売り連続,WATCH,2026-09-17,10:46:05,7794,970.0,5
UNDER急増,,2026-09-17,10:48:41,3803,589.0,33.9
UNDER急増,,2026-09-17,10:50:24,6580,860.0,56.6
UNDER急増,,2026-09-17,10:51:03,4199,809.0,46.2
小口売り連続,WATCH,2026-09-17,10:52:27,6217,800.0,5
小口売り連続,WATCH,2026-09-17,10:55:29,6433,1381.0,5
小口売り連続,WATCH,2026-09-17,10:56:30,6433,1371.0,5
小口売り連続,WATCH,2026-09-17,11:01:41,4570,1176.0,5
小口売り連続,WATCH,2026-09-17,11:05:46,6433,1364.0,5
小口売り連続,WATCH,2026-09-17,11:06:41,2998,528.0,5
小口売り連続,WATCH,2026-09-17,11:07:31,4075,1351.0,5
小口売り連続,WATCH,2026-09-17,11:08:42,6433,1331.0,5
小口売り連続,STRONG,2026-09-17,11:16:30,2998,528.0,10
小口売り連続,WATCH,2026-09-17,11:17:46,4570,1167.0,5
小口売り連続,WATCH,2026-09-17,11:18:54,6433,1357.0,5
小口売り連続,WATCH,2026-09-17,11:19:47,1885,2182.0,5
小口売り連続,WATCH,2026-09-17,11:22:30,4075,1335.0,5
小口売り連続,WATCH,2026-09-17,11:23:19,6433,1364.0,5
小口売り連続,WATCH,2026-09-17,11:24:07,4894,5710.0,5
小口売り連続,WATCH,2026-09-17,11:24:42,5729,1666.0,5
UNDER急増,,2026-09-17,12:05:00,4263,421.0,39.8
UNDER急増,,2026-09-17,12:05:12,4579,564.0,49.2
UNDER急増,,2026-09-17,12:28:27,4263,421.0,37.6
UNDER急増,,2026-09-17,12:31:03,5287,900.0,41.9
小口売り連続,WATCH,2026-09-17,12:34:00,1885,2191.0,5
小口売り連続,WATCH,2026-09-17,12:38:22,6433,1349.0,5
小口売り連続,WATCH,2026-09-17,12:39:34,7034,308.0,5
UNDER急増,,2026-09-17,12:41:41,4288,451.0,70.6
小口売り連続,WATCH,2026-09-17,12:44:06,3692,7630.0,5
UNDER急増,,2026-09-17,12:46:47,6580,863.0,54.2
小口売り連続,WATCH,2026-09-17,12:51:45,5287,903.0,5
小口売り連続,STRONG,2026-09-17,12:53:47,7034,308.0,10
小口売り連続,WATCH,2026-09-17,12:55:00,6433,1366.0,5
小口売り連続,WATCH,2026-09-17,12:55:58,2998,530.0,5
小口売り連続,WATCH,2026-09-17,12:57:13,3692,7690.0,5
小口売り連続,WATCH,2026-09-17,12:58:21,2216,1098.0,5
小口売り連続,WATCH,2026-09-17,13:00:30,6433,1375.0,5
小口売り連続,WATCH,2026-09-17,13:01:00,4418,1147.0,5
UNDER急増,,2026-09-17,13:05:01,4263,421.0,21.1
小口売り連続,WATCH,2026-09-17,13:05:10,6433,1365.0,5
小口売り連続,WATCH,2026-09-17,13:05:34,4075,1319.0,5
UNDER急増,,2026-09-17,13:07:06,4263,422.0,21.6
小口売り連続,WATCH,2026-09-17,13:08:17,6433,1364.0,5
小口売り連続,WATCH,2026-09-17,13:10:45,4075,1319.0,5
小口売り連続,WATCH,2026-09-17,13:12:10,2998,530.0,5
小口売り連続,WATCH,2026-09-17,13:12:31,6433,1358.0,5
小口売り連続,WATCH,2026-09-17,13:12:51,3692,7620.0,5
小口売り連続,WATCH,2026-09-17,13:15:41,3692,7600.0,5
小口売り連続,WATCH,2026-09-17,13:19:22,6433,1353.0,5
小口売り連続,WATCH,2026-09-17,13:19:53,1514,648.0,5
小口売り連続,WATCH,2026-09-17,13:20:22,4422,503.0,5
小口売り連続,WATCH,2026-09-17,13:23:28,7369,372.0,5
小口売り連続,WATCH,2026-09-17,13:23:40,4889,1157.0,5
小口売り連続,WATCH,2026-09-17,13:30:37,3692,7650.0,5
小口売り連続,WATCH,2026-09-17,13:34:28,7794,969.0,5
小口売り連続,WATCH,2026-09-17,13:34:29,1885,2194.0,5
UNDER急増,,2026-09-17,13:37:12,6580,862.0,62.4
UNDER急増,,2026-09-17,13:37:33,4570,1151.0,35.1
小口売り連続,WATCH,2026-09-17,13:38:34,3692,7650.0,5
小口売り連続,WATCH,2026-09-17,13:42:01,4889,1150.0,5
小口売り連続,STRONG,2026-09-17,13:45:20,4889,1148.0,10
小口売り連続,WATCH,2026-09-17,13:46:59,4075,1319.0,5
UNDER急増,,2026-09-17,13:48:20,4288,449.0,70.6
UNDER急増,,2026-09-17,13:54:32,4263,422.0,21.7
UNDER急増,,2026-09-17,13:55:58,4288,448.0,70.6
小口売り連続,WATCH,2026-09-17,13:56:30,2998,530.0,5
UNDER急増,,2026-09-17,13:57:17,4263,422.0,21.6
小口売り連続,WATCH,2026-09-17,13:58:04,3692,7700.0,5
UNDER急増,,2026-09-17,14:02:34,4263,422.0,21.0
UNDER急増,,2026-09-17,14:03:25,4288,448.0,70.6
小口売り連続,WATCH,2026-09-17,14:03:48,3692,7670.0,5
UNDER急増,,2026-09-17,14:05:59,4263,422.0,20.6
小口売り連続,WATCH,2026-09-17,14:11:22,3963,330.0,5
UNDER急増,,2026-09-17,14:12:00,4263,422.0,21.2
小口売り連続,WATCH,2026-09-17,14:18:27,4075,1334.0,5
小口売り連続,WATCH,2026-09-17,14:18:59,7034,308.0,5
UNDER急増,,2026-09-17,14:19:08,4263,422.0,21.7
小口売り連続,WATCH,2026-09-17,14:24:05,4075,1331.0,5
小口売り連続,WATCH,2026-09-17,14:27:12,4075,1322.0,5
小口売り連続,WATCH,2026-09-17,14:30:36,5287,890.0,5
UNDER急増,,2026-09-17,14:35:11,4263,422.0,21.2
小口売り連続,WATCH,2026-09-17,14:37:49,9337,1453.0,5
小口売り連続,WATCH,2026-09-17,14:39:39,4075,1320.0,5
小口売り連続,WATCH,2026-09-17,14:40:07,6433,1363.0,5
小口売り連続,WATCH,2026-09-17,14:42:34,5817,1101.0,5
UNDER急増,,2026-09-17,14:44:42,4263,422.0,21.7
小口売り連続,WATCH,2026-09-17,14:44:59,6620,678.0,5
小口売り連続,WATCH,2026-09-17,14:50:56,2998,529.0,5
小口売り連続,WATCH,2026-09-17,14:53:42,3692,7830.0,5
小口売り連続,STRONG,2026-09-17,14:57:12,2998,528.0,10
小口売り連続,WATCH,2026-09-17,14:57:30,4075,1303.0,5
小口売り連続,WATCH,2026-09-17,14:58:23,3692,7770.0,5
小口売り連続,WATCH,2026-09-17,15:08:11,2998,528.0,5
小口売り連続,WATCH,2026-09-17,15:11:12,7034,308.0,5
小口売り連続,WATCH,2026-09-17,15:11:48,4889,1152.0,5
小口売り連続,WATCH,2026-09-17,15:12:54,3692,7700.0,5
UNDER急増,,2026-09-17,15:14:11,4263,422.0,21.4
UNDER急増,,2026-09-17,15:15:49,4263,422.0,21.4
小口売り連続,WATCH,2026-09-17,15:16:01,1514,646.0,5
小口売り連続,WATCH,2026-09-17,15:16:30,3963,329.0,5
小口売り連続,WATCH,2026-09-17,15:17:16,5590,730.0,5
小口売り連続,WATCH,2026-09-17,15:17:20,5262,1133.0,5
小口売り連続,WATCH,2026-09-17,15:18:07,4075,1300.0,5
小口売り連続,WATCH,2026-09-17,15:19:34,4075,1298.0,5
小口売り連続,WATCH,2026-09-17,15:19:42,9556,2338.0,5
小口売り連続,STRONG,2026-09-17,15:19:56,3963,329.0,10
小口売り連続,WATCH,2026-09-17,15:21:04,4075,1292.0,5
UNDER急増,,2026-09-17,15:21:23,4263,422.0,21.5
小口売り連続,WATCH,2026-09-17,15:21:58,6433,1336.0,5
小口売り連続,WATCH,2026-09-17,15:23:57,4395,551.0,5
UNDER急増,,2026-09-17,15:25:22,4840,739.0,46.0
UNDER急増,,2026-09-17,15:27:51,4840,739.0,25.9
UNDER急増,,2026-09-18,09:13:03,9238,350.0,40.0
UNDER急増,,2026-09-18,09:14:47,9238,350.0,26.7
UNDER急増,,2026-09-18,09:14:51,4840,723.0,47.4
小口売り連続,WATCH,2026-09-18,09:16:12,5262,1134.0,5
UNDER急増,,2026-09-18,09:21:35,3803,587.0,20.6
UNDER急増,,2026-09-18,09:24:03,9238,350.0,29.2
小口売り連続,WATCH,2026-09-18,09:25:20,7034,308.0,5
小口売り連続,WATCH,2026-09-18,09:26:11,3692,7760.0,5
小口売り連続,WATCH,2026-09-18,09:26:16,6433,1274.0,5
UNDER急増,,2026-09-18,09:26:32,6217,809.0,58.8
小口売り連続,WATCH,2026-09-18,09:27:25,6433,1268.0,5
小口売り連続,WATCH,2026-09-18,09:28:38,2998,526.0,5
小口売り連続,WATCH,2026-09-18,09:30:04,6433,1268.0,5
UNDER急増,,2026-09-18,09:32:09,6217,797.0,54.4
UNDER急増,,2026-09-18,09:33:18,4199,816.0,30.9
小口売り連続,WATCH,2026-09-18,09:33:30,2998,526.0,5
UNDER急増,,2026-09-18,09:35:05,5599,1070.0,46.1
UNDER急増,,2026-09-18,09:38:26,4888,421.0,70.2
小口売り連続,STRONG,2026-09-18,09:38:39,2998,526.0,10
UNDER急増,,2026-09-18,09:41:12,4888,417.0,78.9
小口売り連続,WATCH,2026-09-18,09:43:16,5707,976.0,5
UNDER急増,,2026-09-18,09:44:45,5034,2358.0,20.5
定期買い集め,STRONG,2026-09-18,09:45:08,4013,,20.2
小口売り連続,WATCH,2026-09-18,10:02:20,4075,1564.0,5
小口売り連続,WATCH,2026-09-18,10:02:28,6433,1350.0,5
小口売り連続,WATCH,2026-09-18,10:03:22,6433,1347.0,5
小口売り連続,WATCH,2026-09-18,10:07:14,6433,1346.0,5
小口売り連続,WATCH,2026-09-18,10:09:17,6433,1340.0,5
小口売り連続,WATCH,2026-09-18,10:10:36,4570,1154.0,5
小口売り連続,WATCH,2026-09-18,10:17:45,5707,983.0,5
小口売り連続,WATCH,2026-09-18,10:19:32,6433,1352.0,5
小口売り連続,WATCH,2026-09-18,10:25:14,6433,1354.0,5
小口売り連続,WATCH,2026-09-18,10:26:53,3692,7870.0,5
小口売り連続,WATCH,2026-09-18,10:30:22,1885,2190.0,5
UNDER急増,,2026-09-18,10:31:02,5590,731.0,105.5
小口売り連続,WATCH,2026-09-18,10:31:55,5287,896.0,5
小口売り連続,WATCH,2026-09-18,10:32:52,3692,7820.0,5
小口売り連続,WATCH,2026-09-18,10:33:46,2998,527.0,5
小口売り連続,WATCH,2026-09-18,10:38:02,3692,7810.0,5
小口売り連続,WATCH,2026-09-18,10:38:49,6433,1348.0,5
小口売り連続,STRONG,2026-09-18,10:38:52,3692,7780.0,10
UNDER急増,,2026-09-18,10:40:13,7034,311.0,50.2
小口売り連続,WATCH,2026-09-18,10:42:44,3747,402.0,5
小口売り連続,WATCH,2026-09-18,10:44:29,4013,647.0,5
小口売り連続,WATCH,2026-09-18,10:47:45,5262,1130.0,5
小口売り連続,WATCH,2026-09-18,10:50:16,4075,1591.0,5
小口売り連続,WATCH,2026-09-18,10:53:35,4840,734.0,5
小口売り連続,WATCH,2026-09-18,11:05:04,6433,1343.0,5
小口売り連続,WATCH,2026-09-18,11:06:34,1885,2185.0,5
UNDER急増,,2026-09-18,11:12:03,4288,441.0,35.7
小口売り連続,WATCH,2026-09-18,11:22:47,3692,7810.0,5
小口売り連続,WATCH,2026-09-18,11:26:30,2998,525.0,5
小口売り連続,WATCH,2026-09-18,11:29:24,4199,810.0,5
小口売り連続,WATCH,2026-09-18,11:29:41,4422,505.0,5
小口売り連続,WATCH,2026-09-18,11:29:49,1885,2188.0,5
UNDER急増,,2026-09-18,12:27:46,1885,2188.0,26.3
UNDER急増,,2026-09-18,12:31:37,5034,2361.0,26.6
小口売り連続,WATCH,2026-09-18,12:31:54,6433,1372.0,5
小口売り連続,WATCH,2026-09-18,12:33:10,1885,2190.0,5
小口売り連続,WATCH,2026-09-18,12:38:17,2998,524.0,5
小口売り連続,WATCH,2026-09-18,12:51:19,4840,725.0,5
UNDER急増,,2026-09-18,13:00:37,4378,476.0,21.3
小口売り連続,WATCH,2026-09-18,13:04:02,9556,2375.0,5
小口売り連続,WATCH,2026-09-18,13:07:31,3692,7790.0,5
小口売り連続,WATCH,2026-09-18,13:08:47,3692,7770.0,5
小口売り連続,WATCH,2026-09-18,13:11:17,5707,983.0,5
小口売り連続,WATCH,2026-09-18,13:14:55,4075,1590.0,5
UNDER急増,,2026-09-18,13:26:20,6620,669.0,25.4
小口売り連続,WATCH,2026-09-18,13:27:36,5132,1914.0,5
小口売り連続,WATCH,2026-09-18,13:34:52,4840,713.0,5
小口売り連続,WATCH,2026-09-18,13:37:12,2998,526.0,5
小口売り連続,WATCH,2026-09-18,13:39:30,4840,710.0,5
小口売り連続,WATCH,2026-09-18,13:42:17,6433,1342.0,5
小口売り連続,WATCH,2026-09-18,13:45:52,9256,1006.0,5
小口売り連続,WATCH,2026-09-18,13:48:54,6433,1338.0,5
小口売り連続,WATCH,2026-09-18,13:56:09,3692,7750.0,5
小口売り連続,WATCH,2026-09-18,13:58:01,6433,1340.0,5
小口売り連続,WATCH,2026-09-18,14:00:50,6433,1331.0,5
小口売り連続,WATCH,2026-09-18,14:12:31,5262,1125.0,5
小口売り連続,WATCH,2026-09-18,14:12:45,5287,918.0,5
小口売り連続,WATCH,2026-09-18,14:16:55,2998,528.0,5
小口売り連続,WATCH,2026-09-18,14:17:16,4075,1591.0,5
UNDER急増,,2026-09-18,14:20:53,4378,476.0,21.3
UNDER急増,,2026-09-18,14:25:02,4378,475.0,21.3
小口売り連続,WATCH,2026-09-18,14:28:00,5287,917.0,5
UNDER急増,,2026-09-18,14:33:15,4378,474.0,21.3
小口売り連続,WATCH,2026-09-18,14:35:42,9337,1456.0,5
定期買い集め,WATCH,2026-09-18,14:39:41,5287,,5.3
小口売り連続,WATCH,2026-09-18,14:47:39,2216,1093.0,5
UNDER急増,,2026-09-18,14:53:32,4378,474.0,21.3
小口売り連続,WATCH,2026-09-18,15:03:21,4579,590.0,5
小口売り連続,WATCH,2026-09-18,15:05:50,3692,7740.0,5
小口売り連続,WATCH,2026-09-18,15:07:32,2216,1091.0,5
小口売り連続,WATCH,2026-09-18,15:12:42,4013,646.0,5
小口売り連続,WATCH,2026-09-18,15:16:37,6433,1311.0,5
小口売り連続,WATCH,2026-09-18,15:18:33,2998,524.0,5
小口売り連続,WATCH,2026-09-18,15:20:06,4422,497.0,5
小口売り連続,STRONG,2026-09-18,15:21:20,2998,524.0,10
小口売り連続,STRONG,2026-09-18,15:23:25,4422,497.0,10
小口売り連続,WATCH,2026-09-18,15:23:48,5597,1403.0,5
小口売り連続,WATCH,2026-09-18,15:24:31,4889,1195.0,5
定期買い集め,STRONG,2026-09-18,15:24:48,6580,,11.7
小口売り連続,WATCH,2026-09-18,15:24:52,5590,729.0,5
UNDER急増,,2026-09-18,15:26:06,5262,1122.0,35.6
UNDER急増,,2026-09-18,15:27:43,4840,711.0,52.3
UNDER急増,,2026-09-24,09:01:05,5597,1410.0,26.0
小口売り連続,WATCH,2026-09-24,09:01:23,5287,948.0,5
UNDER急増,,2026-09-24,09:01:23,6217,800.0,58.0
小口売り連続,WATCH,2026-09-24,09:01:28,4075,1571.0,5
UNDER急増,,2026-09-24,09:01:28,5707,964.0,24.2
UNDER急増,,2026-09-24,09:01:30,6620,672.0,53.1
UNDER急増,,2026-09-24,09:01:37,6433,1318.0,25.6
UNDER急増,,2026-09-24,09:01:46,4579,592.0,86.9
UNDER急増,,2026-09-24,09:01:53,9556,2390.0,35.6
UNDER急増,,2026-09-24,09:02:07,5597,1420.0,25.6
UNDER急増,,2026-09-24,09:02:18,4013,647.0,103.0
UNDER急増,,2026-09-24,09:02:24,4570,1197.0,35.4
UNDER急増,,2026-09-24,09:02:28,5707,956.0,40.3
UNDER急増,,2026-09-24,09:02:30,4288,432.0,46.5
UNDER急増,,2026-09-24,09:02:36,5599,1102.0,37.8
UNDER急増,,2026-09-24,09:02:47,4579,591.0,82.3
UNDER急増,,2026-09-24,09:02:48,6620,671.0,64.7
UNDER急増,,2026-09-24,09:02:59,3963,330.0,120.7
UNDER急増,,2026-09-24,09:03:13,5287,929.0,37.5
UNDER急増,,2026-09-24,09:03:25,5132,1872.0,33.0
UNDER急増,,2026-09-24,09:03:30,5707,953.0,29.4
UNDER急増,,2026-09-24,09:03:32,5034,2400.0,27.0
UNDER急増,,2026-09-24,09:04:00,6620,671.0,27.2
UNDER急増,,2026-09-24,09:04:17,4288,430.0,46.5
UNDER急増,,2026-09-24,09:04:30,5707,959.0,24.3
UNDER急増,,2026-09-24,09:05:04,4414,1120.0,54.2
UNDER急増,,2026-09-24,09:05:49,3747,410.0,30.2
UNDER急増,,2026-09-24,09:06:01,4889,1189.0,26.2
小口売り連続,WATCH,2026-09-24,09:06:04,7794,1028.0,5
UNDER急増,,2026-09-24,09:06:23,6228,551.0,100.0
UNDER急増,,2026-09-24,09:06:29,4422,497.0,98.4
UNDER急増,,2026-09-24,09:07:01,3449,4610.0,20.0
UNDER急増,,2026-09-24,09:07:10,2998,528.0,88.5
UNDER急増,,2026-09-24,09:08:04,6228,551.0,106.0
小口売り連続,WATCH,2026-09-24,09:08:47,6433,1303.0,5
UNDER急増,,2026-09-24,09:09:03,3449,4485.0,24.2
UNDER急増,,2026-09-24,09:09:12,5707,959.0,24.4
UNDER急増,,2026-09-24,09:09:36,6228,551.0,106.2
UNDER急増,,2026-09-24,09:10:03,5287,920.0,38.4
UNDER急増,,2026-09-24,09:10:04,3449,4490.0,25.0
小口売り連続,WATCH,2026-09-24,09:11:01,5707,952.0,5
小口売り連続,WATCH,2026-09-24,09:11:29,4840,717.0,5
定期買い集め,WATCH,2026-09-24,09:11:32,1514,,5.4
UNDER急増,,2026-09-24,09:12:37,6228,551.0,98.2
UNDER急増,,2026-09-24,09:12:43,6217,797.0,61.5
UNDER急増,,2026-09-24,09:14:16,5707,954.0,28.1
小口売り連続,WATCH,2026-09-24,09:14:27,4894,5850.0,5
UNDER急増,,2026-09-24,09:16:01,6228,551.0,88.8
小口売り連続,WATCH,2026-09-24,09:16:38,7034,317.0,5
UNDER急増,,2026-09-24,09:17:15,6228,551.0,91.5
小口売り連続,WATCH,2026-09-24,09:20:43,6433,1413.0,5
定期買い集め,WATCH,2026-09-24,09:25:13,2998,,5.1
小口売り連続,WATCH,2026-09-24,09:27:25,7794,1030.0,5
小口売り連続,WATCH,2026-09-24,09:32:45,3692,7600.0,5
小口売り連続,WATCH,2026-09-24,09:44:26,4418,1186.0,5
小口売り連続,WATCH,2026-09-24,09:44:44,7034,316.0,5
小口売り連続,WATCH,2026-09-24,09:44:52,4894,5870.0,5
小口売り連続,WATCH,2026-09-24,09:46:06,5262,1120.0,5
小口売り連続,WATCH,2026-09-24,09:46:15,4075,1658.0,5
小口売り連続,WATCH,2026-09-24,09:46:34,3692,7620.0,5
小口売り連続,WATCH,2026-09-24,09:49:32,4075,1650.0,5
小口売り連続,WATCH,2026-09-24,09:53:18,3692,7570.0,5
定期買い集め,WATCH,2026-09-24,09:55:34,4013,,6.5
小口売り連続,WATCH,2026-09-24,09:55:43,4075,1630.0,5
小口売り連続,WATCH,2026-09-24,09:56:11,5817,1136.0,5
小口売り連続,WATCH,2026-09-24,09:58:29,6433,1372.0,5
小口売り連続,WATCH,2026-09-24,10:05:43,5597,1428.0,5
小口売り連続,WATCH,2026-09-24,10:06:09,4418,1180.0,5
小口売り連続,WATCH,2026-09-24,10:06:11,4263,437.0,5
小口売り連続,WATCH,2026-09-24,10:09:36,7034,317.0,5
小口売り連続,WATCH,2026-09-24,10:10:09,4075,1587.0,5
小口売り連続,WATCH,2026-09-24,10:12:52,4075,1580.0,5
小口売り連続,WATCH,2026-09-24,10:17:47,4263,435.0,5
定期買い集め,STRONG,2026-09-24,10:18:55,4013,,13.3
小口売り連続,WATCH,2026-09-24,10:19:34,6433,1367.0,5
小口売り連続,WATCH,2026-09-24,10:21:30,3930,766.0,5
小口売り連続,WATCH,2026-09-24,10:27:25,3692,7450.0,5
小口売り連続,WATCH,2026-09-24,10:31:30,3692,7460.0,5
小口売り連続,WATCH,2026-09-24,10:35:41,5287,928.0,5
小口売り連続,WATCH,2026-09-24,10:43:23,5132,1887.0,5
小口売り連続,WATCH,2026-09-24,10:43:46,1885,2194.0,5
小口売り連続,WATCH,2026-09-24,10:44:16,4075,1540.0,5
小口売り連続,WATCH,2026-09-24,10:49:41,5729,1695.0,5
UNDER急増,,2026-09-24,10:50:15,5599,1100.0,36.6
小口売り連続,WATCH,2026-09-24,10:55:21,4894,5860.0,5
小口売り連続,WATCH,2026-09-24,10:57:35,4263,438.0,5
小口売り連続,WATCH,2026-09-24,10:59:35,4075,1528.0,5
小口売り連続,WATCH,2026-09-24,11:03:58,4075,1522.0,5
小口売り連続,WATCH,2026-09-24,11:05:38,4422,496.0,5
UNDER急増,,2026-09-24,11:10:12,5729,1700.0,20.0
小口売り連続,WATCH,2026-09-24,11:12:08,4263,437.0,5
小口売り連続,WATCH,2026-09-24,11:13:52,3692,7450.0,5
小口売り連続,WATCH,2026-09-24,11:20:59,4075,1526.0,5
小口売り連続,WATCH,2026-09-24,11:27:37,4263,436.0,5
小口売り連続,WATCH,2026-09-24,12:30:01,4395,575.0,5
UNDER急増,,2026-09-24,12:31:00,5287,923.0,31.7
UNDER急増,,2026-09-24,12:31:11,4414,1121.0,50.0
UNDER急増,,2026-09-24,12:32:02,5287,918.0,32.1
UNDER急増,,2026-09-24,12:36:04,3747,408.0,72.1
UNDER急増,,2026-09-24,12:40:03,6228,546.0,89.2
小口売り連続,WATCH,2026-09-24,12:41:40,5262,1128.0,5
小口売り連続,WATCH,2026-09-24,12:43:09,1885,2179.0,5
小口売り連続,WATCH,2026-09-24,12:43:29,6433,1382.0,5
UNDER急増,,2026-09-24,12:43:44,4288,423.0,25.0
小口売り連続,WATCH,2026-09-24,12:45:21,4075,1560.0,5
小口売り連続,WATCH,2026-09-24,12:46:34,6228,546.0,5
小口売り連続,WATCH,2026-09-24,12:49:58,4075,1561.0,5
小口売り連続,WATCH,2026-09-24,12:50:21,5262,1127.0,5
小口売り連続,WATCH,2026-09-24,12:50:50,6433,1378.0,5
小口売り連続,WATCH,2026-09-24,12:54:00,6433,1372.0,5
小口売り連続,WATCH,2026-09-24,12:56:44,4075,1536.0,5
小口売り連続,WATCH,2026-09-24,12:59:06,6433,1368.0,5
小口売り連続,WATCH,2026-09-24,13:01:24,5287,921.0,5
小口売り連続,WATCH,2026-09-24,13:01:57,6433,1369.0,5
小口売り連続,WATCH,2026-09-24,13:13:34,3449,4430.0,5
UNDER急増,,2026-09-24,13:14:33,1514,639.0,42.0
小口売り連続,WATCH,2026-09-24,13:17:45,4075,1517.0,5
UNDER急増,,2026-09-24,13:18:31,4263,432.0,72.0
定期買い集め,STRONG,2026-09-24,13:23:03,6228,,21.4
小口売り連続,WATCH,2026-09-24,13:30:26,2216,1097.0,5
小口売り連続,WATCH,2026-09-24,13:33:03,6217,818.0,5
小口売り連続,WATCH,2026-09-24,13:38:26,4075,1535.0,5
小口売り連続,STRONG,2026-09-24,13:40:00,4075,1530.0,10
UNDER急増,,2026-09-24,13:42:39,3963,327.0,132.1
小口売り連続,WATCH,2026-09-24,13:45:40,4075,1532.0,5
小口売り連続,WATCH,2026-09-24,13:55:44,6433,1368.0,5
小口売り連続,WATCH,2026-09-24,14:01:01,4075,1522.0,5
小口売り連続,WATCH,2026-09-24,14:03:28,4075,1521.0,5
小口売り連続,WATCH,2026-09-24,14:09:24,4075,1521.0,5
小口売り連続,STRONG,2026-09-24,14:10:22,4075,1517.0,10
小口売り連続,WATCH,2026-09-24,14:17:45,5262,1127.0,5
小口売り連続,WATCH,2026-09-24,14:24:33,2216,1098.0,5
小口売り連続,WATCH,2026-09-24,14:27:32,5817,1124.0,5
小口売り連続,WATCH,2026-09-24,14:33:29,5262,1126.0,5
小口売り連続,WATCH,2026-09-24,14:35:57,4075,1506.0,5
小口売り連続,WATCH,2026-09-24,14:47:36,6433,1357.0,5
UNDER急増,,2026-09-24,14:48:03,4288,422.0,23.1
小口売り連続,WATCH,2026-09-24,14:52:22,3963,326.0,5
小口売り連続,WATCH,2026-09-24,14:56:39,4570,1195.0,5
小口売り連続,WATCH,2026-09-24,14:59:40,4075,1535.0,5
小口売り連続,WATCH,2026-09-24,15:03:06,5287,910.0,5
小口売り連続,WATCH,2026-09-24,15:10:19,5262,1121.0,5
小口売り連続,WATCH,2026-09-24,15:18:52,4075,1523.0,5
小口売り連続,WATCH,2026-09-24,15:21:23,7794,1011.0,5
UNDER急増,,2026-09-24,15:23:36,5729,1697.0,86.8
小口売り連続,WATCH,2026-09-24,15:24:02,3963,325.0,5
小口売り連続,WATCH,2026-09-24,15:24:27,5262,1120.0,5
小口売り連続,STRONG,2026-09-24,15:24:51,5262,1120.0,10
UNDER急増,,2026-09-24,15:25:02,4570,1185.0,21.8
UNDER急増,,2026-09-24,15:25:22,5707,936.0,21.8
UNDER急増,,2026-09-24,15:26:52,5707,936.0,22.2
UNDER急増,,2026-09-24,15:29:01,5707,936.0,21.3
UNDER急増,,2026-09-25,09:07:40,9238,361.0,66.7
定期買い集め,WATCH,2026-09-25,09:07:42,4888,,6.5
定期買い集め,WATCH,2026-09-25,09:07:43,3449,,8.7
小口売り連続,WATCH,2026-09-25,09:08:40,5597,1380.0,5
UNDER急増,,2026-09-25,09:09:55,3963,327.0,102.1
UNDER急増,,2026-09-25,09:10:18,6580,862.0,56.4
UNDER急増,,2026-09-25,09:10:43,3803,597.0,50.0
小口売り連続,WATCH,2026-09-25,09:12:49,4075,1473.0,5
UNDER急増,,2026-09-25,09:13:09,4013,659.0,115.0
UNDER急増,,2026-09-25,09:15:51,4288,423.0,41.8
小口売り連続,WATCH,2026-09-25,09:16:42,4075,1485.0,5
UNDER急増,,2026-09-25,09:17:22,9556,2468.0,26.2
小口売り連続,WATCH,2026-09-25,09:17:55,4263,436.0,5
UNDER急増,,2026-09-25,09:17:59,4888,429.0,66.9
小口売り連続,WATCH,2026-09-25,09:22:16,6433,1380.0,5
小口売り連続,WATCH,2026-09-25,09:23:12,4889,1174.0,5
小口売り連続,WATCH,2026-09-25,09:23:38,4894,5870.0,5
UNDER急増,,2026-09-25,09:26:31,4889,1172.0,30.5
小口売り連続,WATCH,2026-09-25,09:32:04,7794,1010.0,5
UNDER急増,,2026-09-25,09:33:20,4840,701.0,40.4
小口売り連続,WATCH,2026-09-25,09:34:19,6433,1381.0,5
小口売り連続,WATCH,2026-09-25,09:34:40,3692,7430.0,5
小口売り連続,WATCH,2026-09-25,09:35:13,1885,2147.0,5
小口売り連続,STRONG,2026-09-25,09:35:38,3692,7430.0,10
小口売り連続,WATCH,2026-09-25,09:36:47,1514,638.0,5
小口売り連続,WATCH,2026-09-25,09:40:15,4422,499.0,5
小口売り連続,WATCH,2026-09-25,09:44:31,4418,1138.0,5
小口売り連続,STRONG,2026-09-25,09:45:10,4418,1136.0,10
小口売り連続,WATCH,2026-09-25,09:48:12,4075,1455.0,5
UNDER急増,,2026-09-25,09:49:09,5034,2444.0,39.0
UNDER急増,,2026-09-25,09:49:37,9556,2438.0,31.0
UNDER急増,,2026-09-25,09:51:05,5591,893.0,25.3
小口売り連続,WATCH,2026-09-25,09:51:59,5132,1862.0,5
小口売り連続,WATCH,2026-09-25,09:53:35,3692,7420.0,5
小口売り連続,STRONG,2026-09-25,09:56:13,3692,7410.0,10
UNDER急増,,2026-09-25,09:56:52,9556,2435.0,38.7
UNDER急増,,2026-09-25,09:57:56,5729,1683.0,39.6
小口売り連続,WATCH,2026-09-25,10:00:19,6620,668.0,5
UNDER急増,,2026-09-25,10:00:30,9556,2435.0,28.4
小口売り連続,WATCH,2026-09-25,10:00:55,4075,1471.0,5
小口売り連続,WATCH,2026-09-25,10:03:47,3692,7410.0,5
小口売り連続,WATCH,2026-09-25,10:12:10,4075,1450.0,5
UNDER急増,,2026-09-25,10:14:25,5591,894.0,29.8
小口売り連続,WATCH,2026-09-25,10:22:47,4418,1136.0,5
UNDER急増,,2026-09-25,10:23:44,4199,816.0,67.3
定期買い集め,STRONG,2026-09-25,10:29:50,4013,,12.4
UNDER急増,,2026-09-25,10:30:31,9556,2420.0,32.1
小口売り連続,WATCH,2026-09-25,10:33:57,6433,1363.0,5
小口売り連続,WATCH,2026-09-25,10:38:23,6228,540.0,5
小口売り連続,WATCH,2026-09-25,10:40:44,6433,1363.0,5
小口売り連続,WATCH,2026-09-25,10:42:19,4889,1261.0,5
小口売り連続,WATCH,2026-09-25,10:43:40,4075,1484.0,5
小口売り連続,WATCH,2026-09-25,10:50:16,3692,7460.0,5
UNDER急増,,2026-09-25,10:50:51,9238,360.0,64.9
小口売り連続,WATCH,2026-09-25,10:54:41,4889,1230.0,5
小口売り連続,WATCH,2026-09-25,10:58:33,4378,475.0,5
小口売り連続,WATCH,2026-09-25,11:03:06,5707,931.0,5
小口売り連続,WATCH,2026-09-25,11:08:11,6433,1357.0,5
小口売り連続,WATCH,2026-09-25,11:12:02,3692,7440.0,5
UNDER急増,,2026-09-25,11:12:43,4414,1109.0,52.7
小口売り連続,WATCH,2026-09-25,11:14:13,7034,310.0,5
UNDER急増,,2026-09-25,11:24:39,7034,311.0,67.4
小口売り連続,WATCH,2026-09-25,11:30:01,6217,814.0,5
UNDER急増,,2026-09-25,12:18:05,9556,2420.0,20.3
UNDER急増,,2026-09-25,12:26:38,3963,325.0,31.2
UNDER急増,,2026-09-25,12:26:55,9556,2420.0,72.3
UNDER急増,,2026-09-25,12:29:57,4288,424.0,41.9
小口売り連続,WATCH,2026-09-25,12:30:11,4395,591.0,5
定期買い集め,WATCH,2026-09-25,12:30:53,3692,,5.1
UNDER急増,,2026-09-25,12:31:03,3747,405.0,54.9
UNDER急増,,2026-09-25,12:31:21,5599,1083.0,55.8
UNDER急増,,2026-09-25,12:31:32,9556,2419.0,28.2
UNDER急増,,2026-09-25,12:31:40,7794,999.0,21.1
UNDER急増,,2026-09-25,12:32:02,2216,1100.0,27.5
UNDER急増,,2026-09-25,12:32:32,9556,2405.0,31.6
UNDER急増,,2026-09-25,12:32:40,7794,998.0,20.8
UNDER急増,,2026-09-25,12:32:52,5817,1140.0,108.7
UNDER急増,,2026-09-25,12:36:45,9238,360.0,63.2
UNDER急増,,2026-09-25,12:37:21,4199,815.0,21.7
定期買い集め,WATCH,2026-09-25,12:37:49,3803,,9.0
UNDER急増,,2026-09-25,12:38:19,4840,701.0,55.3
UNDER急増,,2026-09-25,12:38:59,7794,999.0,20.1
UNDER急増,,2026-09-25,12:40:01,7794,1000.0,20.9
小口売り連続,WATCH,2026-09-25,12:46:21,3803,662.0,5
小口売り連続,WATCH,2026-09-25,12:52:08,4422,501.0,5
小口売り連続,WATCH,2026-09-25,12:53:58,3692,7520.0,5
小口売り連続,WATCH,2026-09-25,12:55:13,3449,4420.0,5
小口売り連続,WATCH,2026-09-25,12:58:18,3692,7480.0,5
UNDER急増,,2026-09-25,12:59:44,7034,311.0,64.6
小口売り連続,WATCH,2026-09-25,13:00:02,4075,1467.0,5
小口売り連続,WATCH,2026-09-25,13:07:07,3803,665.0,5
UNDER急増,,2026-09-25,13:09:57,9556,2380.0,30.9
小口売り連続,WATCH,2026-09-25,13:23:08,4075,1462.0,5
小口売り連続,STRONG,2026-09-25,13:23:16,4075,1459.0,10
UNDER急増,,2026-09-25,13:28:57,9238,360.0,53.3
小口売り連続,WATCH,2026-09-25,13:30:44,3692,7480.0,5
UNDER急増,,2026-09-25,13:41:42,9556,2377.0,25.4
UNDER急増,,2026-09-25,13:46:52,9238,360.0,53.3
UNDER急増,,2026-09-25,13:49:52,6580,861.0,37.3
UNDER急増,,2026-09-25,13:50:06,9556,2353.0,29.1
UNDER急増,,2026-09-25,13:51:10,6580,858.0,60.0
UNDER急増,,2026-09-25,13:53:14,9556,2365.0,24.9
小口売り連続,WATCH,2026-09-25,13:54:44,4422,498.0,5
UNDER急増,,2026-09-25,13:57:39,7794,1000.0,21.3
UNDER急増,,2026-09-25,13:58:09,7034,312.0,76.8
小口売り連続,WATCH,2026-09-25,14:03:42,3803,669.0,5
小口売り連続,WATCH,2026-09-25,14:04:38,6620,675.0,5
UNDER急増,,2026-09-25,14:07:06,7794,1001.0,20.5
UNDER急増,,2026-09-25,14:09:55,9238,360.0,53.3
小口売り連続,WATCH,2026-09-25,14:10:10,7034,318.0,5
小口売り連続,WATCH,2026-09-25,14:10:16,5287,898.0,5
小口売り連続,WATCH,2026-09-25,14:20:25,6433,1340.0,5
小口売り連続,WATCH,2026-09-25,14:20:36,5287,904.0,5
小口売り連続,WATCH,2026-09-25,14:25:21,4840,759.0,5
小口売り連続,WATCH,2026-09-25,14:27:51,4013,649.0,5
小口売り連続,WATCH,2026-09-25,14:27:55,4075,1452.0,5
小口売り連続,WATCH,2026-09-25,14:27:57,6620,675.0,5
小口売り連続,WATCH,2026-09-25,14:32:17,9556,2349.0,5
小口売り連続,WATCH,2026-09-25,14:35:15,6433,1337.0,5
小口売り連続,WATCH,2026-09-25,14:39:37,4840,761.0,5
小口売り連続,WATCH,2026-09-25,14:47:35,4840,755.0,5
小口売り連続,WATCH,2026-09-25,14:48:02,4075,1445.0,5
小口売り連続,WATCH,2026-09-25,14:50:55,4013,646.0,5
UNDER急増,,2026-09-25,14:56:51,6620,670.0,23.7
UNDER急増,,2026-09-25,15:03:49,9556,2334.0,30.3
UNDER急増,,2026-09-25,15:08:41,6620,670.0,26.6
小口売り連続,WATCH,2026-09-25,15:09:20,3449,4405.0,5
小口売り連続,WATCH,2026-09-25,15:09:59,4570,1206.0,5
小口売り連続,WATCH,2026-09-25,15:14:01,4888,428.0,5
小口売り連続,WATCH,2026-09-25,15:14:11,4395,593.0,5
小口売り連続,WATCH,2026-09-25,15:22:40,4075,1440.0,5
UNDER急増,,2026-09-25,15:23:32,9556,2339.0,37.1
小口売り連続,WATCH,2026-09-25,15:23:33,7034,315.0,5
小口売り連続,WATCH,2026-09-25,15:24:20,9337,1451.0,5
UNDER急増,,2026-09-25,15:24:34,9556,2342.0,43.4
小口売り連続,WATCH,2026-09-25,15:24:53,5590,720.0,5
UNDER急増,,2026-09-25,15:26:41,3963,325.0,31.5
UNDER急増,,2026-09-25,15:26:50,6620,672.0,91.7
UNDER急増,,2026-09-25,15:29:51,6620,672.0,88.9
UNDER急増,,2026-09-28,09:01:00,6620,672.0,64.1
UNDER急増,,2026-09-28,09:01:01,5707,934.0,28.1
UNDER急増,,2026-09-28,09:01:02,7369,388.0,33.8
UNDER急増,,2026-09-28,09:01:02,4013,646.0,134.7
UNDER急増,,2026-09-28,09:01:02,5034,2500.0,24.3
UNDER急増,,2026-09-28,09:01:03,3449,4415.0,25.2
UNDER急増,,2026-09-28,09:01:03,4263,439.0,77.9
UNDER急増,,2026-09-28,09:01:03,9337,1448.0,48.8
UNDER急増,,2026-09-28,09:01:03,7794,1007.0,24.4
UNDER急増,,2026-09-28,09:01:03,4888,427.0,84.8
UNDER急増,,2026-09-28,09:01:03,1514,639.0,46.8
UNDER急増,,2026-09-28,09:01:03,2998,534.0,103.1
UNDER急増,,2026-09-28,09:01:04,4288,430.0,47.6
UNDER急増,,2026-09-28,09:01:04,4395,590.0,96.2
UNDER急増,,2026-09-28,09:01:05,4579,605.0,82.5
UNDER急増,,2026-09-28,09:01:14,4889,1212.0,36.4
UNDER急増,,2026-09-28,09:01:21,5729,1700.0,46.3
UNDER急増,,2026-09-28,09:01:37,6580,865.0,97.0
UNDER急増,,2026-09-28,09:01:42,5287,915.0,40.6
UNDER急増,,2026-09-28,09:01:43,9556,2404.0,22.6
UNDER急増,,2026-09-28,09:01:51,5817,1149.0,46.8
UNDER急増,,2026-09-28,09:02:09,4288,430.0,47.6
UNDER急増,,2026-09-28,09:02:10,4422,502.0,97.1
UNDER急増,,2026-09-28,09:02:17,4013,645.0,137.6
UNDER急増,,2026-09-28,09:02:18,6217,804.0,87.6
UNDER急増,,2026-09-28,09:02:31,4570,1210.0,50.3
UNDER急増,,2026-09-28,09:02:33,4888,424.0,63.4
UNDER急増,,2026-09-28,09:03:00,6620,671.0,75.3
UNDER急増,,2026-09-28,09:03:14,3449,4385.0,25.7
UNDER急増,,2026-09-28,09:03:16,4840,751.0,36.8
UNDER急増,,2026-09-28,09:03:17,5590,732.0,120.8
UNDER急増,,2026-09-28,09:04:09,4288,430.0,54.1
UNDER急増,,2026-09-28,09:04:16,3449,4395.0,25.0
UNDER急増,,2026-09-28,09:04:28,4579,596.0,94.8
UNDER急増,,2026-09-28,09:04:49,2216,1102.0,29.3
UNDER急増,,2026-09-28,09:05:06,3692,7450.0,29.8
UNDER急増,,2026-09-28,09:05:09,5034,2495.0,21.3
UNDER急増,,2026-09-28,09:05:12,5599,1130.0,51.0
UNDER急増,,2026-09-28,09:05:18,4840,757.0,39.4
UNDER急増,,2026-09-28,09:05:19,4288,430.0,24.6
小口売り連続,WATCH,2026-09-28,09:05:43,4395,589.0,5
UNDER急増,,2026-09-28,09:05:45,4395,590.0,93.3
UNDER急増,,2026-09-28,09:06:01,5597,1436.0,49.4
UNDER急増,,2026-09-28,09:06:05,6433,1375.0,21.3
UNDER急増,,2026-09-28,09:06:27,4840,750.0,41.4
UNDER急増,,2026-09-28,09:06:41,2998,528.0,92.4
UNDER急増,,2026-09-28,09:07:31,4840,755.0,40.3
UNDER急増,,2026-09-28,09:08:18,5597,1446.0,26.0
小口売り連続,WATCH,2026-09-28,09:08:30,4075,1562.0,5
UNDER急増,,2026-09-28,09:08:30,4288,430.0,26.3
UNDER急増,,2026-09-28,09:09:02,3803,661.0,24.3
UNDER急増,,2026-09-28,09:13:06,4288,430.0,33.3
UNDER急増,,2026-09-28,09:13:19,4418,1146.0,56.5
UNDER急増,,2026-09-28,09:13:41,5599,1115.0,54.8
小口売り連続,WATCH,2026-09-28,09:15:19,1885,2180.0,5
UNDER急増,,2026-09-28,09:16:46,5597,1408.0,22.8
小口売り連続,WATCH,2026-09-28,09:17:08,3449,4380.0,5
UNDER急増,,2026-09-28,09:18:02,4840,747.0,41.3
小口売り連続,WATCH,2026-09-28,09:18:28,2998,523.0,5
UNDER急増,,2026-09-28,09:19:21,6228,575.0,80.9
UNDER急増,,2026-09-28,09:19:31,9556,2364.0,21.9
UNDER急増,,2026-09-28,09:19:35,6217,805.0,72.8
小口売り連続,WATCH,2026-09-28,09:21:07,4075,1525.0,5
UNDER急増,,2026-09-28,09:22:18,6580,865.0,95.3
UNDER急増,,2026-09-28,09:24:12,6228,569.0,60.1
小口売り連続,WATCH,2026-09-28,09:26:05,2998,521.0,5
小口売り連続,WATCH,2026-09-28,09:27:39,1885,2180.0,5
小口売り連続,WATCH,2026-09-28,09:28:12,5287,913.0,5
UNDER急増,,2026-09-28,09:31:39,3930,762.0,21.8
小口売り連続,WATCH,2026-09-28,09:32:41,4570,1204.0,5
UNDER急増,,2026-09-28,09:33:19,5034,2505.0,32.9
UNDER急増,,2026-09-28,09:34:53,5287,899.0,63.0
UNDER急増,,2026-09-28,09:35:10,3747,408.0,39.9
UNDER急増,,2026-09-28,09:36:26,6228,559.0,69.3
小口売り連続,WATCH,2026-09-28,09:37:56,3803,654.0,5
小口売り連続,STRONG,2026-09-28,09:39:17,3803,650.0,10
UNDER急増,,2026-09-28,09:43:12,3747,406.0,52.2
UNDER急増,,2026-09-28,09:43:14,9238,356.0,96.2
UNDER急増,,2026-09-28,09:43:41,5034,2505.0,68.1
小口売り連続,WATCH,2026-09-28,09:47:22,5707,956.0,5
小口売り連続,WATCH,2026-09-28,09:50:01,1885,2174.0,5
定期買い集め,WATCH,2026-09-28,09:51:53,4013,,6.8
UNDER急増,,2026-09-28,09:52:33,4013,650.0,85.2
小口売り連続,WATCH,2026-09-28,09:54:49,3803,648.0,5
小口売り連続,WATCH,2026-09-28,10:06:07,5262,1142.0,5
小口売り連続,WATCH,2026-09-28,10:06:40,1885,2177.0,5
UNDER急増,,2026-09-28,10:06:56,5034,2493.0,37.4
小口売り連続,WATCH,2026-09-28,10:15:09,9238,356.0,5
小口売り連続,WATCH,2026-09-28,10:19:59,5597,1393.0,5
小口売り連続,WATCH,2026-09-28,10:22:14,3803,655.0,5
小口売り連続,WATCH,2026-09-28,10:30:49,2998,514.0,5
小口売り連続,WATCH,2026-09-28,10:36:44,3747,404.0,5
小口売り連続,WATCH,2026-09-28,10:44:01,1885,2174.0,5
小口売り連続,WATCH,2026-09-28,10:44:42,3963,326.0,5
小口売り連続,WATCH,2026-09-28,10:47:08,3803,649.0,5
小口売り連続,WATCH,2026-09-28,10:48:36,4013,650.0,5
小口売り連続,WATCH,2026-09-28,11:00:30,4075,1551.0,5
小口売り連続,WATCH,2026-09-28,11:01:55,5287,906.0,5
小口売り連続,WATCH,2026-09-28,11:05:56,4075,1540.0,5
小口売り連続,WATCH,2026-09-28,11:15:58,6433,1460.0,5
小口売り連続,WATCH,2026-09-28,11:17:57,6433,1453.0,5
小口売り連続,WATCH,2026-09-28,11:18:07,4263,438.0,5
小口売り連続,WATCH,2026-09-28,11:20:05,9337,1451.0,5
UNDER急増,,2026-09-28,11:25:10,3930,758.0,22.6
小口売り連続,WATCH,2026-09-28,11:25:10,6433,1501.0,5
小口売り連続,WATCH,2026-09-28,11:26:26,6433,1500.0,5
UNDER急増,,2026-09-28,11:27:26,6217,808.0,23.1
UNDER急増,,2026-09-28,12:05:03,9238,359.0,96.2
UNDER急増,,2026-09-28,12:12:20,3803,650.0,51.9
UNDER急増,,2026-09-28,12:25:29,3963,325.0,26.3
UNDER急増,,2026-09-28,12:25:38,6217,808.0,27.3
UNDER急増,,2026-09-28,12:26:31,6580,864.0,20.2
UNDER急増,,2026-09-28,12:26:43,6620,662.0,30.1
UNDER急増,,2026-09-28,12:29:37,5034,2461.0,33.3
UNDER急増,,2026-09-28,12:31:00,4395,591.0,73.1
UNDER急増,,2026-09-28,12:31:01,4422,493.0,115.5
UNDER急増,,2026-09-28,12:31:07,3963,326.0,137.2
UNDER急増,,2026-09-28,12:31:32,5034,2460.0,31.0
UNDER急増,,2026-09-28,12:31:38,9238,359.0,88.9
UNDER急増,,2026-09-28,12:31:46,4888,418.0,35.3
UNDER急増,,2026-09-28,12:31:52,6620,662.0,146.9
UNDER急増,,2026-09-28,12:32:09,6580,863.0,105.3
UNDER急増,,2026-09-28,12:34:29,3747,403.0,76.3
小口売り連続,WATCH,2026-09-28,12:34:32,6620,660.0,5
UNDER急増,,2026-09-28,12:36:39,4422,493.0,127.1
小口売り連続,WATCH,2026-09-28,12:36:55,4889,1215.0,5
小口売り連続,WATCH,2026-09-28,12:37:39,5262,1132.0,5
UNDER急増,,2026-09-28,12:37:43,6217,806.0,72.3
小口売り連続,STRONG,2026-09-28,12:41:25,5262,1132.0,10
UNDER急増,,2026-09-28,12:42:21,9238,359.0,88.9
UNDER急増,,2026-09-28,12:44:01,4288,434.0,48.2
UNDER急増,,2026-09-28,12:44:04,4378,473.0,30.2
小口売り連続,WATCH,2026-09-28,12:46:05,6433,1452.0,5
小口売り連続,WATCH,2026-09-28,12:47:07,4075,1538.0,5
UNDER急増,,2026-09-28,12:48:03,4199,807.0,21.2
UNDER急増,,2026-09-28,12:49:00,9238,359.0,88.9
定期買い集め,STRONG,2026-09-28,12:49:57,4013,,10.0
UNDER急増,,2026-09-28,12:50:44,4579,598.0,77.5
UNDER急増,,2026-09-28,12:51:03,9238,359.0,88.9
小口売り連続,WATCH,2026-09-28,12:54:22,4579,602.0,5
小口売り連続,WATCH,2026-09-28,12:55:10,9556,2337.0,5
UNDER急増,,2026-09-28,13:00:55,4288,434.0,23.9
UNDER急増,,2026-09-28,13:04:18,9238,359.0,77.4
UNDER急増,,2026-09-28,13:06:21,9238,359.0,77.4
UNDER急増,,2026-09-28,13:06:59,4288,434.0,36.6
小口売り連続,WATCH,2026-09-28,13:10:59,4013,647.0,5
UNDER急増,,2026-09-28,13:11:58,9238,359.0,77.4
小口売り連続,WATCH,2026-09-28,13:12:54,2998,508.0,5
小口売り連続,WATCH,2026-09-28,13:16:04,6620,654.0,5
小口売り連続,WATCH,2026-09-28,13:20:01,4075,1523.0,5
小口売り連続,STRONG,2026-09-28,13:23:43,6620,654.0,10
小口売り連続,WATCH,2026-09-28,13:25:09,5262,1128.0,5
UNDER急増,,2026-09-28,13:29:48,5132,1851.0,29.9
小口売り連続,WATCH,2026-09-28,13:30:30,3803,639.0,5
小口売り連続,WATCH,2026-09-28,13:32:35,4075,1511.0,5
小口売り連続,WATCH,2026-09-28,13:37:27,5729,1698.0,5
小口売り連続,WATCH,2026-09-28,13:45:43,5590,719.0,5
小口売り連続,WATCH,2026-09-28,13:45:55,3692,7210.0,5
小口売り連続,WATCH,2026-09-28,13:47:43,4378,469.0,5
UNDER急増,,2026-09-28,13:51:44,9238,357.0,80.0
小口売り連続,WATCH,2026-09-28,13:52:12,5599,1082.0,5
小口売り連続,WATCH,2026-09-28,13:58:43,6433,1466.0,5
小口売り連続,WATCH,2026-09-28,13:59:41,3692,7210.0,5
小口売り連続,WATCH,2026-09-28,14:01:00,6433,1461.0,5
小口売り連続,STRONG,2026-09-28,14:04:22,5590,719.0,10
小口売り連続,WATCH,2026-09-28,14:15:42,3692,7180.0,5
小口売り連続,STRONG,2026-09-28,14:18:04,3692,7180.0,10
小口売り連続,WATCH,2026-09-28,14:18:08,5817,1176.0,5
小口売り連続,WATCH,2026-09-28,14:22:01,3692,7160.0,5
小口売り連続,STRONG,2026-09-28,14:22:26,3692,7150.0,10
小口売り連続,WATCH,2026-09-28,14:22:28,3963,321.0,5
小口売り連続,WATCH,2026-09-28,14:24:31,6620,656.0,5
小口売り連続,WATCH,2026-09-28,14:26:30,4889,1212.0,5
小口売り連続,WATCH,2026-09-28,14:28:36,2998,503.0,5
小口売り連続,STRONG,2026-09-28,14:32:22,2998,502.0,10
小口売り連続,WATCH,2026-09-28,14:40:31,6433,1439.0,5
小口売り連続,WATCH,2026-09-28,14:43:49,6433,1434.0,5
小口売り連続,WATCH,2026-09-28,14:56:29,5287,907.0,5
UNDER急増,,2026-09-28,14:56:59,4288,434.0,20.0
小口売り連続,WATCH,2026-09-28,14:57:59,6228,559.0,5
UNDER急増,,2026-09-28,14:58:59,4288,433.0,34.1
小口売り連続,WATCH,2026-09-28,15:02:08,5262,1133.0,5
小口売り連続,WATCH,2026-09-28,15:04:14,3692,7120.0,5
UNDER急増,,2026-09-28,15:09:59,4199,807.0,21.2
UNDER急増,,2026-09-28,15:11:00,5599,1068.0,75.2
小口売り連続,WATCH,2026-09-28,15:13:21,4075,1533.0,5
小口売り連続,WATCH,2026-09-28,15:16:30,4075,1525.0,5
小口売り連続,WATCH,2026-09-28,15:19:13,3692,7090.0,5
小口売り連続,WATCH,2026-09-28,15:20:53,3692,7080.0,5
小口売り連続,WATCH,2026-09-28,15:21:18,5287,906.0,5
小口売り連続,WATCH,2026-09-28,15:22:05,4894,5700.0,5
小口売り連続,WATCH,2026-09-28,15:24:56,3449,4245.0,5
UNDER急増,,2026-09-28,15:25:01,3692,7110.0,25.9
UNDER急増,,2026-09-28,15:25:59,4288,434.0,26.8
UNDER急増,,2026-09-28,15:26:29,4894,5700.0,33.3
UNDER急増,,2026-09-28,15:28:22,4894,5700.0,33.3
UNDER急増,,2026-09-29,09:01:07,5034,2455.0,103.2
UNDER急増,,2026-09-29,09:01:23,4570,1159.0,72.6
UNDER急増,,2026-09-29,09:01:25,4075,1453.0,23.2
UNDER急増,,2026-09-29,09:01:26,5262,1110.0,29.0
UNDER急増,,2026-09-29,09:02:02,5707,940.0,39.2
UNDER急増,,2026-09-29,09:02:03,4013,647.0,140.0
UNDER急増,,2026-09-29,09:02:03,4889,1200.0,36.6
UNDER急増,,2026-09-29,09:02:04,4263,436.0,91.2
UNDER急増,,2026-09-29,09:02:05,5287,889.0,70.5
小口売り連続,WATCH,2026-09-29,09:02:05,4075,1440.0,5
UNDER急増,,2026-09-29,09:02:06,4888,418.0,41.7
UNDER急増,,2026-09-29,09:02:07,4418,1104.0,42.7
UNDER急増,,2026-09-29,09:02:08,6620,650.0,20.2
UNDER急増,,2026-09-29,09:02:14,6228,565.0,167.8
UNDER急増,,2026-09-29,09:02:26,4075,1435.0,20.8
UNDER急増,,2026-09-29,09:02:33,5034,2455.0,28.3
UNDER急増,,2026-09-29,09:03:37,4199,809.0,23.3
UNDER急増,,2026-09-29,09:03:44,6620,645.0,191.8
UNDER急増,,2026-09-29,09:04:16,7794,991.0,70.7
UNDER急増,,2026-09-29,09:04:19,5034,2455.0,21.6
UNDER急増,,2026-09-29,09:04:26,4422,497.0,81.2
小口売り連続,WATCH,2026-09-29,09:05:02,4418,1099.0,5
UNDER急増,,2026-09-29,09:05:20,7794,996.0,57.7
小口売り連続,STRONG,2026-09-29,09:05:46,4418,1095.0,10
UNDER急増,,2026-09-29,09:05:49,5034,2455.0,164.4
UNDER急増,,2026-09-29,09:06:01,4414,1111.0,147.3
小口売り連続,WATCH,2026-09-29,09:06:03,3803,675.0,5
小口売り連続,WATCH,2026-09-29,09:06:14,3692,6980.0,5
UNDER急増,,2026-09-29,09:06:52,5034,2455.0,89.8
小口売り連続,WATCH,2026-09-29,09:07:08,3692,6900.0,5
小口売り連続,WATCH,2026-09-29,09:07:50,4889,1191.0,5
UNDER急増,,2026-09-29,09:07:58,5034,2455.0,68.2
UNDER急増,,2026-09-29,09:09:08,5034,2455.0,73.6
UNDER急増,,2026-09-29,09:09:24,5707,930.0,34.5
UNDER急増,,2026-09-29,09:10:39,4894,5630.0,22.5
UNDER急増,,2026-09-29,09:10:41,5034,2455.0,101.7
小口売り連続,WATCH,2026-09-29,09:11:25,1885,2116.0,5
UNDER急増,,2026-09-29,09:11:48,3449,4280.0,26.7
定期買い集め,WATCH,2026-09-29,09:12:05,7794,,5.4
UNDER急増,,2026-09-29,09:12:59,5034,2455.0,41.2
小口売り連続,WATCH,2026-09-29,09:13:53,6433,1422.0,5
小口売り連続,WATCH,2026-09-29,09:15:17,3803,659.0,5
小口売り連続,WATCH,2026-09-29,09:16:34,4889,1188.0,5
UNDER急増,,2026-09-29,09:17:14,6433,1381.0,29.7
UNDER急増,,2026-09-29,09:17:22,5707,931.0,31.1
UNDER急増,,2026-09-29,09:18:16,5034,2455.0,27.6
UNDER急増,,2026-09-29,09:18:28,5707,930.0,32.2
UNDER急増,,2026-09-29,09:18:28,9256,968.0,43.6
小口売り連続,WATCH,2026-09-29,09:18:52,6433,1382.0,5
UNDER急増,,2026-09-29,09:19:23,5034,2455.0,71.6
UNDER急増,,2026-09-29,09:20:35,4888,411.0,126.9
UNDER急増,,2026-09-29,09:22:58,3803,651.0,34.8
UNDER急増,,2026-09-29,09:25:29,5599,1046.0,315.6
小口売り連続,WATCH,2026-09-29,09:25:40,3692,6970.0,5
小口売り連続,WATCH,2026-09-29,09:29:41,5599,1045.0,5
UNDER急増,,2026-09-29,09:31:07,4840,731.0,47.0
小口売り連続,WATCH,2026-09-29,09:32:10,7794,975.0,5
小口売り連続,WATCH,2026-09-29,09:34:04,4263,432.0,5
UNDER急増,,2026-09-29,09:36:14,3803,651.0,33.8
UNDER急増,,2026-09-29,09:40:40,4199,799.0,39.1
UNDER急増,,2026-09-29,09:41:01,5034,2455.0,45.5
UNDER急増,,2026-09-29,09:42:25,5034,2455.0,20.9
小口売り連続,WATCH,2026-09-29,09:42:49,4570,1148.0,5
UNDER急増,,2026-09-29,09:43:28,6580,858.0,22.2
小口売り連続,WATCH,2026-09-29,09:44:03,5729,1661.0,5
UNDER急増,,2026-09-29,09:45:03,5599,1045.0,360.7
小口売り連続,WATCH,2026-09-29,09:47:53,6433,1374.0,5
UNDER急増,,2026-09-29,09:48:24,5034,2455.0,44.3
小口売り連続,WATCH,2026-09-29,09:51:34,4075,1400.0,5
UNDER急増,,2026-09-29,09:52:48,5599,1043.0,336.7
UNDER急増,,2026-09-29,09:55:48,4422,494.0,95.1
UNDER急増,,2026-09-29,09:56:49,4422,494.0,95.1
小口売り連続,WATCH,2026-09-29,09:59:37,6433,1363.0,5
小口売り連続,WATCH,2026-09-29,09:59:39,7794,975.0,5
小口売り連続,WATCH,2026-09-29,10:01:00,4075,1401.0,5
UNDER急増,,2026-09-29,10:03:57,6580,851.0,22.2
UNDER急増,,2026-09-29,10:04:25,4075,1390.0,99.8
UNDER急増,,2026-09-29,10:09:03,6580,842.0,388.9
UNDER急増,,2026-09-29,10:10:51,6580,833.0,348.1
UNDER急増,,2026-09-29,10:14:59,6620,647.0,105.5
小口売り連続,WATCH,2026-09-29,10:20:06,4075,1390.0,5
小口売り連続,WATCH,2026-09-29,10:22:16,6433,1348.0,5
小口売り連続,WATCH,2026-09-29,10:24:31,5817,1179.0,5
小口売り連続,WATCH,2026-09-29,10:26:06,4888,407.0,5
小口売り連続,WATCH,2026-09-29,10:29:08,4075,1369.0,5
定期買い集め,WATCH,2026-09-29,10:31:31,4013,,5.2
小口売り連続,WATCH,2026-09-29,10:34:50,6228,601.0,5
小口売り連続,WATCH,2026-09-29,10:43:03,1885,2103.0,5
UNDER急増,,2026-09-29,10:46:07,6580,835.0,159.0
小口売り連続,WATCH,2026-09-29,10:47:51,4888,406.0,5
UNDER急増,,2026-09-29,10:48:57,9556,2321.0,22.8
小口売り連続,WATCH,2026-09-29,10:55:58,4570,1149.0,5
UNDER急増,,2026-09-29,10:57:18,9556,2319.0,22.7
小口売り連続,WATCH,2026-09-29,10:58:58,6433,1354.0,5
小口売り連続,WATCH,2026-09-29,11:02:44,4418,1078.0,5
UNDER急増,,2026-09-29,11:04:14,3930,751.0,31.0
小口売り連続,WATCH,2026-09-29,11:04:24,1514,632.0,5
小口売り連続,WATCH,2026-09-29,11:05:55,6433,1352.0,5
UNDER急増,,2026-09-29,11:05:55,3930,751.0,28.2
小口売り連続,WATCH,2026-09-29,11:06:04,3449,4265.0,5
小口売り連続,WATCH,2026-09-29,11:11:38,6433,1347.0,5
小口売り連続,WATCH,2026-09-29,11:13:36,1514,631.0,5
UNDER急増,,2026-09-29,11:16:03,3930,751.0,30.3
UNDER急増,,2026-09-29,11:22:13,3930,751.0,30.3
定期買い集め,STRONG,2026-09-29,11:27:28,4013,,10.3
小口売り連続,WATCH,2026-09-29,11:29:50,4263,434.0,5
UNDER急増,,2026-09-29,12:05:01,5590,711.0,25.4
UNDER急増,,2026-09-29,12:07:52,4840,724.0,20.7
UNDER急増,,2026-09-29,12:24:11,6620,645.0,20.2
UNDER急増,,2026-09-29,12:25:09,9556,2310.0,64.1
UNDER急増,,2026-09-29,12:26:07,6620,645.0,20.2
UNDER急増,,2026-09-29,12:26:44,6580,840.0,33.3
小口売り連続,WATCH,2026-09-29,12:30:01,4889,1179.0,5
UNDER急増,,2026-09-29,12:31:21,4579,590.0,86.2
UNDER急増,,2026-09-29,12:32:06,4422,496.0,148.9
UNDER急増,,2026-09-29,12:33:02,4840,726.0,48.3
UNDER急増,,2026-09-29,12:36:37,4378,469.0,27.0
UNDER急増,,2026-09-29,12:40:30,6217,787.0,84.6
UNDER急増,,2026-09-29,12:45:30,9556,2292.0,29.7
UNDER急増,,2026-09-29,12:48:21,3930,751.0,29.6
小口売り連続,WATCH,2026-09-29,13:05:15,4075,1375.0,5
小口売り連続,WATCH,2026-09-29,13:05:17,3692,7170.0,5
小口売り連続,WATCH,2026-09-29,13:05:26,4889,1172.0,5
小口売り連続,WATCH,2026-09-29,13:09:31,4075,1383.0,5
小口売り連続,WATCH,2026-09-29,13:10:46,4889,1172.0,5
小口売り連続,WATCH,2026-09-29,13:14:58,6433,1354.0,5
UNDER急増,,2026-09-29,13:18:04,9556,2263.0,34.4
小口売り連続,WATCH,2026-09-29,13:23:36,5817,1169.0,5
小口売り連続,WATCH,2026-09-29,13:23:36,4075,1365.0,5
小口売り連続,WATCH,2026-09-29,13:29:38,2216,1082.0,5
小口売り連続,WATCH,2026-09-29,13:30:38,6228,615.0,5
小口売り連続,WATCH,2026-09-29,13:37:13,3803,659.0,5
小口売り連続,WATCH,2026-09-29,13:39:58,6620,645.0,5
小口売り連続,WATCH,2026-09-29,13:41:40,3930,747.0,5
小口売り連続,WATCH,2026-09-29,13:41:57,4888,420.0,5
小口売り連続,WATCH,2026-09-29,13:47:03,5262,1103.0,5
小口売り連続,WATCH,2026-09-29,13:51:02,4013,643.0,5
小口売り連続,WATCH,2026-09-29,13:53:01,6433,1345.0,5
小口売り連続,WATCH,2026-09-29,13:55:51,4075,1352.0,5
小口売り連続,WATCH,2026-09-29,13:57:16,4888,419.0,5
小口売り連続,WATCH,2026-09-29,14:00:28,4075,1352.0,5
小口売り連続,WATCH,2026-09-29,14:11:43,9256,955.0,5
小口売り連続,WATCH,2026-09-29,14:15:43,6433,1347.0,5
小口売り連続,WATCH,2026-09-29,14:28:57,5597,1323.0,5
小口売り連続,WATCH,2026-09-29,14:32:35,6228,614.0,5
小口売り連続,WATCH,2026-09-29,14:34:20,3692,7230.0,5
定期買い集め,WATCH,2026-09-29,14:36:00,5590,,6.9
小口売り連続,WATCH,2026-09-29,14:36:39,5817,1163.0,5
小口売り連続,WATCH,2026-09-29,14:37:08,6433,1339.0,5
小口売り連続,STRONG,2026-09-29,14:37:21,9256,952.0,10
小口売り連続,WATCH,2026-09-29,14:37:49,4888,412.0,5
小口売り連続,WATCH,2026-09-29,14:39:49,4889,1170.0,5
小口売り連続,WATCH,2026-09-29,14:42:47,4013,639.0,5
小口売り連続,WATCH,2026-09-29,14:58:19,6433,1335.0,5
定期買い集め,STRONG,2026-09-29,15:03:02,9337,,34.8
UNDER急増,,2026-09-29,15:05:17,1885,2080.0,20.8
小口売り連続,STRONG,2026-09-29,15:06:14,3930,747.0,10
定期買い集め,WATCH,2026-09-29,15:07:42,6580,,9.6
小口売り連続,WATCH,2026-09-29,15:09:23,4894,5640.0,5
定期買い集め,STRONG,2026-09-29,15:12:42,6580,,11.1
小口売り連続,WATCH,2026-09-29,15:13:39,6433,1335.0,5
小口売り連続,WATCH,2026-09-29,15:23:37,4840,722.0,5
小口売り連続,WATCH,2026-09-29,15:24:04,5262,1101.0,5
UNDER急増,,2026-09-29,15:25:02,5590,711.0,32.3
UNDER急増,,2026-09-29,15:25:04,1885,2084.0,36.9
UNDER急増,,2026-09-29,15:25:25,4013,642.0,20.8
UNDER急増,,2026-09-29,15:26:50,5590,711.0,25.7
UNDER急増,,2026-09-29,15:27:13,1514,634.0,24.6
UNDER急増,,2026-09-29,15:28:31,3747,398.0,30.0
UNDER急増,,2026-09-29,15:28:49,1514,634.0,24.6
UNDER急増,,2026-09-29,15:30:00,1885,2084.0,29.7
UNDER急増,,2026-09-29,15:30:01,5590,711.0,31.5
UNDER急増,,2026-09-30,09:03:52,4414,1119.0,200.0
UNDER急増,,2026-09-30,09:04:53,5707,940.0,55.4
UNDER急増,,2026-09-30,09:04:53,5287,910.0,125.8
UNDER急増,,2026-09-30,09:05:00,9238,363.0,26.8
UNDER急増,,2026-09-30,09:05:04,3803,722.0,33.0
定期買い集め,WATCH,2026-09-30,09:05:10,6433,,5.7
UNDER急増,,2026-09-30,09:05:14,7794,997.0,31.9
UNDER急増,,2026-09-30,09:05:27,6433,1337.0,28.9
UNDER急増,,2026-09-30,09:05:54,4288,443.0,30.0
UNDER急増,,2026-09-30,09:05:56,7034,310.0,55.3
UNDER急増,,2026-09-30,09:06:15,7794,1002.0,30.9
小口売り連続,WATCH,2026-09-30,09:06:51,5707,936.0,5
UNDER急増,,2026-09-30,09:06:53,3747,407.0,97.2
UNDER急増,,2026-09-30,09:07:02,4013,626.0,176.9
UNDER急増,,2026-09-30,09:07:31,4840,720.0,53.0
UNDER急増,,2026-09-30,09:08:56,9256,929.0,43.1
UNDER急増,,2026-09-30,09:11:25,7794,1002.0,30.4
小口売り連続,WATCH,2026-09-30,09:11:53,3803,731.0,5
UNDER急増,,2026-09-30,09:12:25,7794,1004.0,29.9
UNDER急増,,2026-09-30,09:12:28,9556,2499.0,27.0
小口売り連続,WATCH,2026-09-30,09:12:37,4395,692.0,5
UNDER急増,,2026-09-30,09:13:44,9238,363.0,23.9
UNDER急増,,2026-09-30,09:13:51,3930,741.0,20.6
UNDER急増,,2026-09-30,09:16:34,9556,2451.0,23.5
UNDER急増,,2026-09-30,09:18:37,9238,363.0,30.7
小口売り連続,WATCH,2026-09-30,09:20:13,4075,1365.0,5
UNDER急増,,2026-09-30,09:22:26,9238,358.0,23.9
UNDER急増,,2026-09-30,09:23:46,6580,850.0,177.6
UNDER急増,,2026-09-30,09:24:10,4288,443.0,22.7
UNDER急増,,2026-09-30,09:25:12,4422,499.0,72.4
UNDER急増,,2026-09-30,09:25:12,4288,443.0,22.7
小口売り連続,WATCH,2026-09-30,09:25:37,5707,940.0,5
小口売り連続,WATCH,2026-09-30,09:25:47,5287,904.0,5
小口売り連続,WATCH,2026-09-30,09:25:53,4889,1176.0,5
小口売り連続,WATCH,2026-09-30,09:26:00,3803,792.0,5
小口売り連続,WATCH,2026-09-30,09:27:15,5817,1192.0,5
UNDER急増,,2026-09-30,09:27:59,4395,671.0,28.3
小口売り連続,WATCH,2026-09-30,09:28:50,6228,713.0,5
UNDER急増,,2026-09-30,09:29:10,4288,443.0,22.7
UNDER急増,,2026-09-30,09:30:13,6580,838.0,257.5
UNDER急増,,2026-09-30,09:30:23,4288,443.0,22.7
UNDER急増,,2026-09-30,09:30:26,9238,358.0,30.7
小口売り連続,WATCH,2026-09-30,09:32:07,3803,787.0,5
UNDER急増,,2026-09-30,09:32:21,3963,326.0,126.9
小口売り連続,WATCH,2026-09-30,09:35:29,3692,6910.0,5
UNDER急増,,2026-09-30,09:41:03,9238,360.0,23.9
小口売り連続,WATCH,2026-09-30,09:41:32,3692,6900.0,5
UNDER急増,,2026-09-30,09:46:49,5729,1653.0,50.0
小口売り連続,WATCH,2026-09-30,09:46:58,6433,1330.0,5
小口売り連続,WATCH,2026-09-30,09:48:01,3803,800.0,5
UNDER急増,,2026-09-30,09:48:11,9238,360.0,23.9
定期買い集め,WATCH,2026-09-30,09:48:21,4013,,6.1
UNDER急増,,2026-09-30,09:48:41,4013,629.0,119.4
UNDER急増,,2026-09-30,09:49:01,4199,810.0,47.2
小口売り連続,STRONG,2026-09-30,09:50:17,3803,801.0,10
小口売り連続,WATCH,2026-09-30,09:54:18,5817,1195.0,5
小口売り連続,WATCH,2026-09-30,10:07:25,7034,310.0,5
小口売り連続,WATCH,2026-09-30,10:09:08,3803,761.0,5
小口売り連続,WATCH,2026-09-30,10:11:56,6433,1315.0,5
小口売り連続,WATCH,2026-09-30,10:14:56,5707,934.0,5
UNDER急増,,2026-09-30,10:16:40,4422,499.0,82.7
小口売り連続,WATCH,2026-09-30,10:19:19,6433,1312.0,5
小口売り連続,WATCH,2026-09-30,10:20:53,5132,1826.0,5
小口売り連続,WATCH,2026-09-30,10:25:19,1885,2103.0,5
UNDER急増,,2026-09-30,10:27:46,7369,389.0,23.6
UNDER急増,,2026-09-30,10:32:04,9337,1426.0,24.6
小口売り連続,WATCH,2026-09-30,10:37:45,3692,6800.0,5
UNDER急増,,2026-09-30,10:47:04,9337,1426.0,24.6
UNDER急増,,2026-09-30,10:47:04,5591,872.0,21.1
UNDER急増,,2026-09-30,10:53:44,6433,1324.0,26.9
小口売り連続,WATCH,2026-09-30,11:11:05,4395,687.0,5
小口売り連続,WATCH,2026-09-30,11:18:03,4395,688.0,5
小口売り連続,WATCH,2026-09-30,11:18:16,1885,2111.0,5
小口売り連続,WATCH,2026-09-30,11:24:38,1885,2107.0,5
UNDER急増,,2026-09-30,11:24:51,5287,890.0,108.2
UNDER急増,,2026-09-30,12:05:28,7034,310.0,99.5
UNDER急増,,2026-09-30,12:25:47,3963,324.0,31.2
UNDER急増,,2026-09-30,12:31:23,6433,1313.0,41.5
UNDER急増,,2026-09-30,12:31:50,9238,360.0,46.2
UNDER急増,,2026-09-30,12:34:55,7034,312.0,52.7
小口売り連続,WATCH,2026-09-30,12:35:03,1514,630.0,5
UNDER急増,,2026-09-30,12:35:07,3449,4345.0,34.2
UNDER急増,,2026-09-30,12:39:03,6433,1315.0,33.7
UNDER急増,,2026-09-30,12:40:55,9238,359.0,22.7
UNDER急増,,2026-09-30,12:42:03,9238,359.0,45.2
UNDER急増,,2026-09-30,12:43:04,9238,359.0,45.2
UNDER急増,,2026-09-30,12:44:19,9238,359.0,22.7
UNDER急増,,2026-09-30,12:46:03,9238,359.0,45.2
UNDER急増,,2026-09-30,12:47:53,9238,359.0,22.7
UNDER急増,,2026-09-30,12:49:03,9238,359.0,45.2
UNDER急増,,2026-09-30,12:50:04,9238,359.0,22.7
UNDER急増,,2026-09-30,12:52:03,7034,310.0,54.0
UNDER急増,,2026-09-30,12:54:04,4288,434.0,35.7
UNDER急増,,2026-09-30,12:54:48,7034,310.0,52.3
UNDER急増,,2026-09-30,12:57:31,7369,386.0,31.1
UNDER急増,,2026-09-30,12:58:28,7034,310.0,52.3
小口売り連続,WATCH,2026-09-30,12:59:45,5817,1187.0,5
小口売り連続,WATCH,2026-09-30,12:59:48,6433,1310.0,5
UNDER急増,,2026-09-30,13:03:19,7034,310.0,52.3
UNDER急増,,2026-09-30,13:05:52,7034,310.0,52.3
UNDER急増,,2026-09-30,13:08:32,7034,310.0,52.3
小口売り連続,WATCH,2026-09-30,13:09:59,4263,433.0,5
UNDER急増,,2026-09-30,13:11:03,7034,310.0,52.3
UNDER急増,,2026-09-30,13:17:19,7034,311.0,52.3
UNDER急増,,2026-09-30,13:18:58,4288,434.0,50.0
UNDER急増,,2026-09-30,13:21:01,4288,434.0,50.0
UNDER急増,,2026-09-30,13:22:12,4288,434.0,50.0
UNDER急増,,2026-09-30,13:23:49,4288,434.0,50.0
小口売り連続,WATCH,2026-09-30,13:24:22,2216,1070.0,5
UNDER急増,,2026-09-30,13:25:25,4288,434.0,50.0
UNDER急増,,2026-09-30,13:27:01,4288,434.0,50.0
UNDER急増,,2026-09-30,13:28:52,4288,434.0,50.0
UNDER急増,,2026-09-30,13:30:28,4288,434.0,50.0
UNDER急増,,2026-09-30,13:32:04,4288,434.0,50.0
UNDER急増,,2026-09-30,13:33:22,4288,434.0,50.0
UNDER急増,,2026-09-30,13:34:52,4288,434.0,96.6
UNDER急増,,2026-09-30,13:37:53,9337,1431.0,44.1
小口売り連続,WATCH,2026-09-30,13:42:45,7034,309.0,5
小口売り連続,WATCH,2026-09-30,13:47:23,4570,1197.0,5
小口売り連続,WATCH,2026-09-30,13:49:00,9556,2460.0,5
小口売り連続,WATCH,2026-09-30,13:50:27,4889,1181.0,5
小口売り連続,STRONG,2026-09-30,13:53:03,7034,309.0,10
小口売り連続,WATCH,2026-09-30,13:57:48,3692,6830.0,5
小口売り連続,WATCH,2026-09-30,14:09:59,3449,4390.0,5
小口売り連続,WATCH,2026-09-30,14:13:42,5817,1180.0,5
小口売り連続,WATCH,2026-09-30,14:16:21,3449,4380.0,5
小口売り連続,WATCH,2026-09-30,14:21:46,7034,309.0,5
小口売り連続,WATCH,2026-09-30,14:22:37,3449,4375.0,5
小口売り連続,WATCH,2026-09-30,14:24:05,4199,801.0,5
小口売り連続,WATCH,2026-09-30,14:28:12,4570,1198.0,5
小口売り連続,WATCH,2026-09-30,14:39:50,6433,1313.0,5
小口売り連続,WATCH,2026-09-30,14:40:49,7034,308.0,5
小口売り連続,WATCH,2026-09-30,14:43:02,1514,640.0,5
小口売り連続,WATCH,2026-09-30,14:46:51,6433,1308.0,5
小口売り連続,WATCH,2026-09-30,14:49:22,1885,2117.0,5
小口売り連続,WATCH,2026-09-30,14:50:54,2216,1065.0,5
小口売り連続,WATCH,2026-09-30,14:56:04,1885,2118.0,5
定期買い集め,STRONG,2026-09-30,14:56:32,4013,,11.5
小口売り連続,WATCH,2026-09-30,14:56:50,7034,308.0,5
小口売り連続,WATCH,2026-09-30,15:00:22,4889,1171.0,5
小口売り連続,WATCH,2026-09-30,15:00:52,1885,2119.0,5
UNDER急増,,2026-09-30,15:01:04,4288,436.0,50.0
小口売り連続,STRONG,2026-09-30,15:01:27,1885,2118.0,10
小口売り連続,WATCH,2026-09-30,15:02:16,3449,4370.0,5
小口売り連続,WATCH,2026-09-30,15:02:45,5817,1184.0,5
UNDER急増,,2026-09-30,15:03:04,4288,436.0,50.0
小口売り連続,WATCH,2026-09-30,15:03:17,4288,435.0,5
UNDER急増,,2026-09-30,15:04:05,4288,435.0,50.0
小口売り連続,WATCH,2026-09-30,15:04:41,1885,2119.0,5
小口売り連続,WATCH,2026-09-30,15:07:02,1885,2118.0,5
小口売り連続,STRONG,2026-09-30,15:08:52,1885,2118.0,10
小口売り連続,WATCH,2026-09-30,15:09:47,3449,4360.0,5
小口売り連続,STRONG,2026-09-30,15:11:08,7034,308.0,10
小口売り連続,WATCH,2026-09-30,15:15:22,3449,4360.0,5
定期買い集め,STRONG,2026-09-30,15:16:07,6580,,47.9
小口売り連続,WATCH,2026-09-30,15:16:32,1885,2114.0,5
小口売り連続,WATCH,2026-09-30,15:24:10,4395,741.0,5
小口売り連続,WATCH,2026-09-30,15:24:13,3449,4355.0,5
小口売り連続,WATCH,2026-09-30,15:24:28,4889,1171.0,5
小口売り連続,WATCH,2026-09-30,15:24:30,1885,2111.0,5
小口売り連続,WATCH,2026-09-30,15:24:51,3449,4350.0,5
UNDER急増,,2026-09-30,15:25:09,1885,2112.0,49.8
UNDER急増,,2026-09-30,15:25:16,6620,641.0,23.9
UNDER急増,,2026-09-30,15:29:01,1885,2112.0,24.8
UNDER急増,,2026-09-30,15:29:24,6620,641.0,23.8
UNDER急増,,2026-09-30,15:29:30,4288,435.0,31.0
UNDER急増,,2026-10-01,09:01:09,4414,1112.0,32.4
UNDER急増,,2026-10-01,09:01:30,5034,2545.0,66.3
UNDER急増,,2026-10-01,09:01:31,7794,1018.0,32.0
UNDER急増,,2026-10-01,09:01:34,4570,1194.0,52.5
UNDER急増,,2026-10-01,09:01:39,5707,949.0,53.4
UNDER急増,,2026-10-01,09:01:40,5287,907.0,27.8
UNDER急増,,2026-10-01,09:01:40,2998,497.0,81.9
UNDER急増,,2026-10-01,09:01:50,4013,636.0,162.7
小口売り連続,WATCH,2026-10-01,09:02:01,5262,1112.0,5
UNDER急増,,2026-10-01,09:02:05,3963,330.0,175.5
UNDER急増,,2026-10-01,09:02:13,4888,443.0,66.1
UNDER急増,,2026-10-01,09:02:24,4414,1112.0,32.4
UNDER急増,,2026-10-01,09:02:29,5132,1832.0,58.3
UNDER急増,,2026-10-01,09:02:39,5707,940.0,47.9
小口売り連続,WATCH,2026-10-01,09:02:50,4894,6570.0,5
小口売り連続,WATCH,2026-10-01,09:03:18,4263,428.0,5
UNDER急増,,2026-10-01,09:03:44,5034,2545.0,64.4
UNDER急増,,2026-10-01,09:03:53,4288,421.0,29.5
小口売り連続,WATCH,2026-10-01,09:04:16,4075,1402.0,5
UNDER急増,,2026-10-01,09:04:20,5817,1190.0,45.3
UNDER急増,,2026-10-01,09:04:30,4888,435.0,101.1
UNDER急増,,2026-10-01,09:04:43,4263,425.0,168.0
UNDER急増,,2026-10-01,09:04:49,4414,1112.0,32.4
UNDER急増,,2026-10-01,09:06:22,5729,1681.0,43.7
UNDER急増,,2026-10-01,09:07:15,4422,496.0,106.7
UNDER急増,,2026-10-01,09:07:15,5132,1849.0,44.8
UNDER急増,,2026-10-01,09:07:23,6217,795.0,71.8
UNDER急増,,2026-10-01,09:07:25,6620,630.0,29.1
UNDER急増,,2026-10-01,09:07:25,6580,856.0,210.4
UNDER急増,,2026-10-01,09:09:07,6620,629.0,105.6
UNDER急増,,2026-10-01,09:10:57,4414,1115.0,124.6
UNDER急増,,2026-10-01,09:11:06,4570,1186.0,45.7
UNDER急増,,2026-10-01,09:13:01,4888,430.0,91.1
小口売り連続,WATCH,2026-10-01,09:14:51,4840,808.0,5
UNDER急増,,2026-10-01,09:15:22,4263,421.0,157.4
小口売り連続,WATCH,2026-10-01,09:17:55,6433,1273.0,5
UNDER急増,,2026-10-01,09:23:01,7369,389.0,28.1
UNDER急増,,2026-10-01,09:24:33,6620,627.0,26.0
小口売り連続,WATCH,2026-10-01,09:25:04,6228,702.0,5
小口売り連続,WATCH,2026-10-01,09:25:13,4422,491.0,5
小口売り連続,WATCH,2026-10-01,09:29:09,6433,1252.0,5
小口売り連続,WATCH,2026-10-01,09:31:52,3692,7270.0,5
定期買い集め,WATCH,2026-10-01,09:33:36,4013,,6.0
UNDER急増,,2026-10-01,09:34:01,5817,1165.0,36.9
小口売り連続,WATCH,2026-10-01,09:35:53,4840,832.0,5
小口売り連続,WATCH,2026-10-01,09:40:06,3449,4355.0,5
小口売り連続,WATCH,2026-10-01,09:49:56,4894,6230.0,5
定期買い集め,WATCH,2026-10-01,09:53:07,4418,,6.5
小口売り連続,WATCH,2026-10-01,09:53:31,4263,420.0,5
小口売り連続,WATCH,2026-10-01,09:59:55,4840,830.0,5
小口売り連続,STRONG,2026-10-01,10:00:20,4840,829.0,10
小口売り連続,WATCH,2026-10-01,10:07:33,4263,421.0,5
小口売り連続,WATCH,2026-10-01,10:09:13,7794,1022.0,5
UNDER急増,,2026-10-01,10:11:57,2216,1059.0,21.9
小口売り連続,WATCH,2026-10-01,10:15:47,7034,309.0,5
小口売り連続,WATCH,2026-10-01,10:16:40,4579,617.0,5
小口売り連続,WATCH,2026-10-01,10:16:46,4840,832.0,5
小口売り連続,WATCH,2026-10-01,10:18:34,6433,1251.0,5
小口売り連続,WATCH,2026-10-01,10:28:42,1885,2096.0,5
小口売り連続,WATCH,2026-10-01,10:30:17,1514,626.0,5
小口売り連続,WATCH,2026-10-01,10:37:24,4378,466.0,5
小口売り連続,WATCH,2026-10-01,10:48:56,4840,821.0,5
小口売り連続,WATCH,2026-10-01,10:51:16,9337,1407.0,5
小口売り連続,WATCH,2026-10-01,10:52:06,1885,2111.0,5
定期買い集め,WATCH,2026-10-01,10:53:00,3449,,8.9
UNDER急増,,2026-10-01,11:01:02,4888,430.0,87.6
小口売り連続,WATCH,2026-10-01,11:01:38,5287,905.0,5
UNDER急増,,2026-10-01,11:02:06,4888,425.0,81.1
UNDER急増,,2026-10-01,11:02:32,2216,1060.0,22.1
小口売り連続,WATCH,2026-10-01,11:08:05,3449,4470.0,5
UNDER急増,,2026-10-01,11:09:05,2216,1061.0,22.9
UNDER急増,,2026-10-01,11:10:07,4263,421.0,143.5
UNDER急増,,2026-10-01,11:10:08,2216,1061.0,22.2
小口売り連続,WATCH,2026-10-01,11:15:30,4889,1139.0,5
UNDER急増,,2026-10-01,11:17:30,6580,853.0,111.0
小口売り連続,WATCH,2026-10-01,11:18:48,4263,423.0,5
UNDER急増,,2026-10-01,11:20:37,5597,1343.0,24.4
小口売り連続,WATCH,2026-10-01,11:25:20,5262,1095.0,5
UNDER急増,,2026-10-01,12:05:04,2216,1059.0,36.4
UNDER急増,,2026-10-01,12:05:41,7034,309.0,23.7
UNDER急増,,2026-10-01,12:26:58,3963,329.0,22.2
UNDER急増,,2026-10-01,12:33:20,2998,486.0,105.4
UNDER急増,,2026-10-01,12:33:48,4888,424.0,88.8
UNDER急増,,2026-10-01,12:34:57,3747,408.0,429.5
UNDER急増,,2026-10-01,12:36:07,9256,951.0,67.3
UNDER急増,,2026-10-01,12:37:37,2216,1060.0,22.5
小口売り連続,STRONG,2026-10-01,12:45:15,4378,466.0,10
小口売り連続,WATCH,2026-10-01,12:46:46,1885,2115.0,5
小口売り連続,WATCH,2026-10-01,12:51:08,3930,743.0,5
UNDER急増,,2026-10-01,12:59:49,5034,2488.0,26.2
小口売り連続,WATCH,2026-10-01,13:02:33,5262,1093.0,5
小口売り連続,WATCH,2026-10-01,13:02:44,4840,843.0,5
小口売り連続,WATCH,2026-10-01,13:07:27,4840,850.0,5
UNDER急増,,2026-10-01,13:09:14,7369,389.0,31.6
定期買い集め,STRONG,2026-10-01,13:09:57,3449,,10.1
小口売り連続,WATCH,2026-10-01,13:15:47,4889,1134.0,5
小口売り連続,WATCH,2026-10-01,13:21:10,4288,488.0,5
小口売り連続,WATCH,2026-10-01,13:24:18,4894,6140.0,5
小口売り連続,WATCH,2026-10-01,13:25:27,4288,469.0,5
小口売り連続,WATCH,2026-10-01,13:32:45,4840,848.0,5
小口売り連続,WATCH,2026-10-01,13:36:31,4166,682.0,5
小口売り連続,WATCH,2026-10-01,13:46:18,4888,426.0,5
UNDER急増,,2026-10-01,13:55:05,2216,1060.0,22.3
UNDER急増,,2026-10-01,14:02:17,2216,1061.0,22.9
小口売り連続,WATCH,2026-10-01,14:10:40,4840,832.0,5
UNDER急増,,2026-10-01,14:12:28,6580,850.0,138.2
小口売り連続,WATCH,2026-10-01,14:23:30,2216,1059.0,5
UNDER急増,,2026-10-01,14:26:36,2216,1058.0,23.1
小口売り連続,WATCH,2026-10-01,14:28:48,3692,7690.0,5
小口売り連続,WATCH,2026-10-01,14:39:48,4894,6150.0,5
小口売り連続,WATCH,2026-10-01,14:45:52,9556,2382.0,5
小口売り連続,WATCH,2026-10-01,14:49:11,5262,1098.0,5
小口売り連続,WATCH,2026-10-01,14:49:26,4579,628.0,5
小口売り連続,WATCH,2026-10-01,14:51:02,4013,641.0,5
小口売り連続,WATCH,2026-10-01,14:51:05,4840,837.0,5
小口売り連続,WATCH,2026-10-01,14:52:48,3692,7660.0,5
小口売り連続,WATCH,2026-10-01,14:57:44,1514,630.0,5
小口売り連続,WATCH,2026-10-01,14:58:07,5262,1095.0,5
小口売り連続,WATCH,2026-10-01,15:03:56,5262,1095.0,5
小口売り連続,WATCH,2026-10-01,15:04:31,4840,831.0,5
小口売り連続,WATCH,2026-10-01,15:05:08,4889,1132.0,5
小口売り連続,WATCH,2026-10-01,15:10:18,3692,7630.0,5
小口売り連続,WATCH,2026-10-01,15:13:00,3692,7620.0,5
小口売り連続,WATCH,2026-10-01,15:13:14,4840,829.0,5
小口売り連続,WATCH,2026-10-01,15:13:33,4263,429.0,5
小口売り連続,WATCH,2026-10-01,15:17:53,7794,1029.0,5
小口売り連続,WATCH,2026-10-01,15:19:32,4166,658.0,5
小口売り連続,STRONG,2026-10-01,15:19:38,4263,429.0,10
小口売り連続,WATCH,2026-10-01,15:19:54,4378,465.0,5
小口売り連続,WATCH,2026-10-01,15:20:22,4889,1135.0,5
小口売り連続,WATCH,2026-10-01,15:22:33,4894,6160.0,5
定期買い集め,STRONG,2026-10-01,15:24:30,6580,,12.9
UNDER急増,,2026-10-02,09:01:03,5597,1350.0,43.6
UNDER急増,,2026-10-02,09:01:06,9256,968.0,61.6
UNDER急増,,2026-10-02,09:01:07,3963,325.0,160.6
UNDER急増,,2026-10-02,09:01:21,5707,924.0,61.2
UNDER急増,,2026-10-02,09:01:21,5287,909.0,101.0
UNDER急増,,2026-10-02,09:01:36,9556,2372.0,20.7
UNDER急増,,2026-10-02,09:01:49,4889,1119.0,40.1
UNDER急増,,2026-10-02,09:01:49,5262,1083.0,36.5
UNDER急増,,2026-10-02,09:02:03,4888,427.0,72.6
UNDER急増,,2026-10-02,09:02:35,2998,469.0,123.7
UNDER急増,,2026-10-02,09:02:53,4263,426.0,152.8
UNDER急増,,2026-10-02,09:03:14,4395,736.0,54.4
UNDER急増,,2026-10-02,09:03:56,4199,802.0,26.3
UNDER急増,,2026-10-02,09:05:12,4199,802.0,20.8
UNDER急増,,2026-10-02,09:06:58,4889,1113.0,22.6
UNDER急増,,2026-10-02,09:07:19,4395,730.0,63.3
UNDER急増,,2026-10-02,09:08:27,6433,1268.0,37.1
小口売り連続,WATCH,2026-10-02,09:10:43,4288,500.0,5
小口売り連続,WATCH,2026-10-02,09:10:51,1885,2136.0,5
UNDER急増,,2026-10-02,09:12:17,6217,805.0,61.2
UNDER急増,,2026-10-02,09:17:57,5034,2528.0,21.3
UNDER急増,,2026-10-02,09:18:20,6580,861.0,109.9
UNDER急増,,2026-10-02,09:18:24,6620,635.0,35.9
UNDER急増,,2026-10-02,09:22:35,4013,643.0,100.6
小口売り連続,WATCH,2026-10-02,09:22:53,4894,6520.0,5
UNDER急増,,2026-10-02,09:24:52,4888,428.0,63.5
UNDER急増,,2026-10-02,09:25:52,4013,643.0,126.6
小口売り連続,WATCH,2026-10-02,09:27:03,4840,835.0,5
UNDER急増,,2026-10-02,09:28:41,2998,468.0,114.9
UNDER急増,,2026-10-02,09:30:10,6580,858.0,130.8
UNDER急増,,2026-10-02,09:30:17,4166,663.0,21.3
UNDER急増,,2026-10-02,09:30:25,9238,355.0,20.3
小口売り連続,WATCH,2026-10-02,09:31:43,4840,831.0,5
定期買い集め,STRONG,2026-10-02,09:32:50,9556,,15.1
UNDER急増,,2026-10-02,09:37:40,9337,1450.0,53.8
小口売り連続,WATCH,2026-10-02,09:37:41,1885,2123.0,5
小口売り連続,WATCH,2026-10-02,09:38:06,4840,833.0,5
小口売り連続,WATCH,2026-10-02,09:38:20,3803,635.0,5
小口売り連続,WATCH,2026-10-02,09:40:00,4288,559.0,5
UNDER急増,,2026-10-02,09:40:30,4013,643.0,119.7
小口売り連続,WATCH,2026-10-02,09:40:58,3692,7580.0,5
小口売り連続,WATCH,2026-10-02,09:41:18,3803,628.0,5
UNDER急増,,2026-10-02,09:41:43,4888,424.0,79.3
小口売り連続,WATCH,2026-10-02,09:43:28,6228,717.0,5
小口売り連続,WATCH,2026-10-02,09:43:37,4418,1135.0,5
小口売り連続,WATCH,2026-10-02,09:49:02,4288,555.0,5
小口売り連続,WATCH,2026-10-02,09:52:46,3803,619.0,5
小口売り連続,STRONG,2026-10-02,09:54:10,3803,616.0,10
小口売り連続,WATCH,2026-10-02,09:55:41,4840,816.0,5
小口売り連続,WATCH,2026-10-02,10:00:46,3803,610.0,5
小口売り連続,WATCH,2026-10-02,10:01:00,3803,610.0,5
UNDER急増,,2026-10-02,10:04:17,7369,389.0,31.4
小口売り連続,WATCH,2026-10-02,10:31:46,5817,1213.0,5
小口売り連続,WATCH,2026-10-02,10:36:03,4888,423.0,5
小口売り連続,WATCH,2026-10-02,10:37:08,4894,6360.0,5
小口売り連続,WATCH,2026-10-02,10:39:09,6433,1289.0,5
小口売り連続,WATCH,2026-10-02,10:40:37,3449,4450.0,5
UNDER急増,,2026-10-02,10:41:55,4889,1111.0,21.9
小口売り連続,WATCH,2026-10-02,10:46:35,5287,902.0,5
小口売り連続,WATCH,2026-10-02,10:47:22,7034,306.0,5
小口売り連続,WATCH,2026-10-02,10:47:54,4888,423.0,5
小口売り連続,WATCH,2026-10-02,10:48:15,4166,676.0,5
小口売り連続,WATCH,2026-10-02,10:49:48,4888,423.0,5
小口売り連続,WATCH,2026-10-02,10:52:21,3803,611.0,5
小口売り連続,WATCH,2026-10-02,10:56:29,1514,620.0,5
小口売り連続,WATCH,2026-10-02,11:00:17,4263,421.0,5
小口売り連続,WATCH,2026-10-02,11:02:34,5262,1078.0,5
小口売り連続,WATCH,2026-10-02,11:05:01,3692,7590.0,5
小口売り連続,WATCH,2026-10-02,11:05:12,3803,608.0,5
小口売り連続,WATCH,2026-10-02,11:05:50,5591,832.0,5
定期買い集め,WATCH,2026-10-02,11:07:53,4013,,5.2
小口売り連続,WATCH,2026-10-02,11:15:03,2998,462.0,5
小口売り連続,WATCH,2026-10-02,11:16:53,4894,6320.0,5
小口売り連続,STRONG,2026-10-02,11:17:12,7034,306.0,10
小口売り連続,WATCH,2026-10-02,11:22:34,4840,823.0,5
UNDER急増,,2026-10-02,11:25:01,2998,461.0,192.4
小口売り連続,WATCH,2026-10-02,11:25:49,4840,815.0,5
UNDER急増,,2026-10-02,12:05:02,2998,460.0,30.3
UNDER急増,,2026-10-02,12:17:27,2998,460.0,33.8
UNDER急増,,2026-10-02,12:18:30,4579,604.0,38.5
UNDER急増,,2026-10-02,12:19:08,5034,2527.0,21.7
UNDER急増,,2026-10-02,12:28:18,4889,1106.0,20.6
UNDER急増,,2026-10-02,12:29:57,5034,2527.0,25.0
UNDER急増,,2026-10-02,12:29:58,2998,460.0,30.3
UNDER急増,,2026-10-02,12:31:39,4395,721.0,76.2
UNDER急増,,2026-10-02,12:32:05,4414,1123.0,65.4
UNDER急増,,2026-10-02,12:32:21,5034,2511.0,95.8
UNDER急増,,2026-10-02,12:33:09,4414,1120.0,67.4
UNDER急増,,2026-10-02,12:35:06,5034,2511.0,63.7
小口売り連続,WATCH,2026-10-02,12:40:07,4840,818.0,5
小口売り連続,WATCH,2026-10-02,12:40:13,7794,1040.0,5
UNDER急増,,2026-10-02,12:41:34,5034,2511.0,151.9
小口売り連続,WATCH,2026-10-02,12:42:25,4166,660.0,5
UNDER急増,,2026-10-02,12:42:55,5034,2511.0,70.7
小口売り連続,WATCH,2026-10-02,12:46:16,4395,722.0,5
UNDER急増,,2026-10-02,12:50:01,5034,2493.0,89.0
小口売り連続,WATCH,2026-10-02,12:50:10,1514,620.0,5
小口売り連続,WATCH,2026-10-02,12:51:46,4888,421.0,5
UNDER急増,,2026-10-02,12:51:54,6580,840.0,21.2
UNDER急増,,2026-10-02,12:52:10,5707,925.0,47.0
UNDER急増,,2026-10-02,12:54:12,5034,2482.0,25.8
UNDER急増,,2026-10-02,12:54:59,6580,848.0,136.0
小口売り連続,WATCH,2026-10-02,12:56:27,4075,1384.0,5
UNDER急増,,2026-10-02,12:59:56,5034,2487.0,20.5
小口売り連続,WATCH,2026-10-02,13:04:25,4422,498.0,5
小口売り連続,WATCH,2026-10-02,13:07:59,5287,899.0,5
UNDER急増,,2026-10-02,13:08:08,6580,848.0,222.4
小口売り連続,WATCH,2026-10-02,13:08:12,3692,7540.0,5
小口売り連続,WATCH,2026-10-02,13:12:27,1514,618.0,5
UNDER急増,,2026-10-02,13:13:08,6580,848.0,154.5
UNDER急増,,2026-10-02,13:17:43,3747,411.0,20.8
小口売り連続,WATCH,2026-10-02,13:19:52,4570,1143.0,5
小口売り連続,WATCH,2026-10-02,13:27:14,3803,616.0,5
小口売り連続,WATCH,2026-10-02,13:28:52,4263,423.0,5
定期買い集め,STRONG,2026-10-02,13:33:51,4579,,10.6
小口売り連続,WATCH,2026-10-02,13:34:19,3803,616.0,5
小口売り連続,WATCH,2026-10-02,13:37:48,4288,587.0,5
UNDER急増,,2026-10-02,13:37:56,6580,834.0,261.5
小口売り連続,WATCH,2026-10-02,13:38:36,4288,588.0,5
定期買い集め,WATCH,2026-10-02,13:40:47,4395,,8.9
小口売り連続,WATCH,2026-10-02,13:51:00,4894,6310.0,5
小口売り連続,WATCH,2026-10-02,13:53:05,4894,6310.0,5
UNDER急増,,2026-10-02,13:57:42,5034,2483.0,55.4
定期買い集め,WATCH,2026-10-02,14:04:13,6580,,8.9
小口売り連続,WATCH,2026-10-02,14:04:46,3803,606.0,5
小口売り連続,WATCH,2026-10-02,14:08:42,4894,6300.0,5
定期買い集め,STRONG,2026-10-02,14:13:18,4013,,10.2
小口売り連続,WATCH,2026-10-02,14:13:53,4840,849.0,5
小口売り連続,WATCH,2026-10-02,14:17:53,4840,847.0,5
小口売り連続,WATCH,2026-10-02,14:19:33,5262,1085.0,5
小口売り連続,WATCH,2026-10-02,14:20:15,4288,594.0,5
小口売り連続,WATCH,2026-10-02,14:21:14,4894,6270.0,5
小口売り連続,STRONG,2026-10-02,14:23:51,4894,6270.0,10
定期買い集め,STRONG,2026-10-02,14:28:43,6580,,10.9
小口売り連続,WATCH,2026-10-02,14:34:35,3803,613.0,5
小口売り連続,WATCH,2026-10-02,14:39:14,4889,1105.0,5
小口売り連続,WATCH,2026-10-02,14:43:07,3963,325.0,5
小口売り連続,WATCH,2026-10-02,14:45:07,4288,596.0,5
小口売り連続,WATCH,2026-10-02,14:50:18,6433,1225.0,5
小口売り連続,WATCH,2026-10-02,14:52:15,4894,6330.0,5
UNDER急増,,2026-10-02,14:53:35,6433,1225.0,53.6
小口売り連続,WATCH,2026-10-02,14:53:54,9556,2371.0,5
小口売り連続,WATCH,2026-10-02,14:54:02,4288,596.0,5
小口売り連続,WATCH,2026-10-02,14:56:24,6433,1226.0,5
UNDER急増,,2026-10-02,14:56:33,1514,620.0,79.3
小口売り連続,WATCH,2026-10-02,14:57:35,9238,354.0,5
小口売り連続,WATCH,2026-10-02,14:59:41,6433,1223.0,5
小口売り連続,WATCH,2026-10-02,14:59:50,4894,6320.0,5
小口売り連続,WATCH,2026-10-02,15:00:22,3803,613.0,5
小口売り連続,WATCH,2026-10-02,15:01:17,6433,1220.0,5
小口売り連続,WATCH,2026-10-02,15:03:21,4288,587.0,5
小口売り連続,WATCH,2026-10-02,15:06:03,4894,6310.0,5
小口売り連続,WATCH,2026-10-02,15:06:04,6433,1218.0,5
小口売り連続,WATCH,2026-10-02,15:09:59,6433,1217.0,5
小口売り連続,WATCH,2026-10-02,15:13:03,5287,898.0,5
小口売り連続,WATCH,2026-10-02,15:13:07,6433,1216.0,5
小口売り連続,WATCH,2026-10-02,15:18:06,4288,575.0,5
小口売り連続,WATCH,2026-10-02,15:18:23,1514,619.0,5
小口売り連続,WATCH,2026-10-02,15:22:41,5707,923.0,5
小口売り連続,WATCH,2026-10-02,15:22:46,1514,619.0,5
小口売り連続,WATCH,2026-10-02,15:23:57,4894,6240.0,5
小口売り連続,WATCH,2026-10-02,15:24:29,7034,305.0,5
小口売り連続,WATCH,2026-10-02,15:24:31,2216,1037.0,5
小口売り連続,WATCH,2026-10-02,15:24:54,5262,1082.0,5
UNDER急増,,2026-10-02,15:27:42,4888,425.0,20.4
UNDER急増,,2026-10-02,15:28:01,9337,1452.0,46.7
UNDER急増,,2026-10-02,15:29:54,9337,1452.0,46.7
小口売り連続,WATCH,2026-10-02,15:30:01,7369,390.0,5
